// GENERATED by tools/embed_catalog.py — DO NOT EDIT.
// Sources: localization/catalog/*.json (texts) +
//          localization/templates/explorer.exe.templates.json (structure).
// Every payload round-trip validated by tools/build_resources.py.
// Encoding: UTF-8 with BOM; compile with /utf-8.
#pragma once

// One PE-resource payload (type = RT_MENU 4, RT_DIALOG 5,
// RT_STRING 6, RT_ACCELERATOR 9) ready for UpdateResourceW.
struct Ex7ResBlob { unsigned int type; unsigned int id;
                    const unsigned char* data; unsigned int size; };
struct Ex7ResLang { unsigned int lcid; const wchar_t* name;
                    const Ex7ResBlob* blobs; unsigned int blobCount; };

static const unsigned char g_res_en_000[] = {
    0x00, 0x00, 0x00, 0x00, 0x90, 0x00, 0x00, 0x00, 0x00, 0x00, 0x26, 0x00, 0x41, 0x00, 0x64, 0x00,
    0x6A, 0x00, 0x75, 0x00, 0x73, 0x00, 0x74, 0x00, 0x20, 0x00, 0x64, 0x00, 0x61, 0x00, 0x74, 0x00,
    0x65, 0x00, 0x20, 0x00, 0x61, 0x00, 0x6E, 0x00, 0x64, 0x00, 0x20, 0x00, 0x74, 0x00, 0x69, 0x00,
    0x6D, 0x00, 0x65, 0x00, 0x00, 0x00, 0x00, 0x00, 0x80, 0x00, 0x26, 0x00, 0x43, 0x00, 0x75, 0x00,
    0x73, 0x00, 0x74, 0x00, 0x6F, 0x00, 0x6D, 0x00, 0x69, 0x00, 0x7A, 0x00, 0x65, 0x00, 0x20, 0x00,
    0x6E, 0x00, 0x6F, 0x00, 0x74, 0x00, 0x69, 0x00, 0x66, 0x00, 0x69, 0x00, 0x63, 0x00, 0x61, 0x00,
    0x74, 0x00, 0x69, 0x00, 0x6F, 0x00, 0x6E, 0x00, 0x20, 0x00, 0x69, 0x00, 0x63, 0x00, 0x6F, 0x00,
    0x6E, 0x00, 0x73, 0x00, 0x2E, 0x00, 0x2E, 0x00, 0x2E, 0x00, 0x00, 0x00, 0x00, 0x00,
};
static const unsigned char g_res_en_001[] = {
    0x01, 0x00, 0x04, 0x00, 0x00, 0x00, 0x00, 0x00, 0x00, 0x00, 0x00, 0x00, 0x00, 0x00, 0x00, 0x00,
    0x00, 0x00, 0x00, 0x00, 0x81, 0x00, 0x00, 0x00, 0x00, 0x00, 0x00, 0x00, 0x00, 0x00, 0x00, 0x00,
    0x00, 0x00, 0x00, 0x00, 0xF3, 0x7F, 0x00, 0x00, 0x00, 0x50, 0x00, 0x26, 0x00, 0x72, 0x00, 0x6F,
    0x00, 0x70, 0x00, 0x65, 0x00, 0x72, 0x00, 0x74, 0x00, 0x69, 0x00, 0x65, 0x00, 0x73, 0x00, 0x00,
    0x00, 0x00, 0x00, 0x00, 0x00, 0x00, 0x00, 0x00, 0x00, 0x00, 0x00, 0x00, 0xF4, 0x7F, 0x00, 0x00,
    0x80, 0x45, 0x00, 0x26, 0x00, 0x78, 0x00, 0x69, 0x00, 0x74, 0x00, 0x20, 0x00, 0x45, 0x00, 0x78,
    0x00, 0x70, 0x00, 0x6C, 0x00, 0x6F, 0x00, 0x72, 0x00, 0x65, 0x00, 0x72, 0x00, 0x00, 0x00, 0x00,
};
static const unsigned char g_res_en_002[] = {
    0x01, 0x00, 0x04, 0x00, 0x00, 0x00, 0x00, 0x00, 0x00, 0x00, 0x00, 0x00, 0x00, 0x00, 0x00, 0x00,
    0x00, 0x00, 0x00, 0x00, 0x81, 0x00, 0x00, 0x00, 0x00, 0x00, 0x00, 0x00, 0x00, 0x00, 0x00, 0x00,
    0x00, 0x00, 0x00, 0x00, 0xC9, 0x19, 0x00, 0x00, 0x00, 0x26, 0x00, 0x53, 0x00, 0x68, 0x00, 0x6F,
    0x00, 0x77, 0x00, 0x20, 0x00, 0x72, 0x00, 0x65, 0x00, 0x63, 0x00, 0x65, 0x00, 0x6E, 0x00, 0x74,
    0x00, 0x6C, 0x00, 0x79, 0x00, 0x20, 0x00, 0x75, 0x00, 0x73, 0x00, 0x65, 0x00, 0x64, 0x00, 0x20,
    0x00, 0x69, 0x00, 0x74, 0x00, 0x65, 0x00, 0x6D, 0x00, 0x73, 0x00, 0x00, 0x00, 0x00, 0x00, 0x00,
    0x00, 0x00, 0x00, 0x00, 0x00, 0x00, 0x00, 0x00, 0x00, 0x00, 0x00, 0x00, 0x01, 0x26, 0x00, 0x52,
    0x00, 0x65, 0x00, 0x63, 0x00, 0x65, 0x00, 0x6E, 0x00, 0x74, 0x00, 0x20, 0x00, 0x69, 0x00, 0x74,
    0x00, 0x65, 0x00, 0x6D, 0x00, 0x73, 0x00, 0x00, 0x00, 0x00, 0x00, 0x00, 0x00, 0x00, 0x00, 0x00,
    0x00, 0x00, 0x00, 0x00, 0x00, 0x00, 0x00, 0x00, 0xCB, 0x19, 0x00, 0x00, 0x00, 0x43, 0x00, 0x26,
    0x00, 0x6C, 0x00, 0x65, 0x00, 0x61, 0x00, 0x72, 0x00, 0x20, 0x00, 0x6C, 0x00, 0x69, 0x00, 0x73,
    0x00, 0x74, 0x00, 0x00, 0x00, 0x00, 0x00, 0x00, 0x00, 0x08, 0x00, 0x00, 0x00, 0x00, 0x00, 0x00,
    0xFF, 0xFF, 0xFF, 0xFF, 0x00, 0x00, 0x00, 0x00, 0x00, 0x00, 0x00, 0x00, 0x00, 0x00, 0x00, 0x00,
    0xCC, 0x19, 0x00, 0x00, 0x80, 0x45, 0x00, 0x26, 0x00, 0x78, 0x00, 0x69, 0x00, 0x74, 0x00, 0x00,
    0x00, 0x00, 0x00, 0x00, 0x00, 0x08, 0x00, 0x00, 0x00, 0x00, 0x00, 0x00, 0xFF, 0xFF, 0xFF, 0xFF,
    0x80, 0x00, 0x00, 0x00,
};
static const unsigned char g_res_en_003[] = {
    0x01, 0x00, 0x04, 0x00, 0x00, 0x00, 0x00, 0x00, 0x00, 0x00, 0x00, 0x00, 0x00, 0x00, 0x00, 0x00,
    0x00, 0x00, 0x00, 0x00, 0x81, 0x00, 0x00, 0x00, 0x00, 0x00, 0x00, 0x00, 0x00, 0x00, 0x00, 0x00,
    0x00, 0x00, 0x00, 0x00, 0x2D, 0x1A, 0x00, 0x00, 0x00, 0x26, 0x00, 0x53, 0x00, 0x65, 0x00, 0x74,
    0x00, 0x74, 0x00, 0x69, 0x00, 0x6E, 0x00, 0x67, 0x00, 0x73, 0x00, 0x2E, 0x00, 0x2E, 0x00, 0x2E,
    0x00, 0x00, 0x00, 0x00, 0x00, 0x00, 0x00, 0x00, 0x00, 0x00, 0x00, 0x00, 0x2E, 0x1A, 0x00, 0x00,
    0x80, 0x26, 0x00, 0x50, 0x00, 0x65, 0x00, 0x72, 0x00, 0x73, 0x00, 0x6F, 0x00, 0x6E, 0x00, 0x61,
    0x00, 0x6C, 0x00, 0x20, 0x00, 0x66, 0x00, 0x6F, 0x00, 0x6C, 0x00, 0x64, 0x00, 0x65, 0x00, 0x72,
    0x00, 0x00, 0x00, 0x00,
};
static const unsigned char g_res_en_004[] = {
    0x00, 0x00, 0x00, 0x00, 0x90, 0x00, 0x00, 0x00, 0x00, 0x00, 0x4F, 0x00, 0x70, 0x00, 0x65, 0x00,
    0x6E, 0x00, 0x20, 0x00, 0x69, 0x00, 0x6E, 0x00, 0x20, 0x00, 0x26, 0x00, 0x6E, 0x00, 0x65, 0x00,
    0x77, 0x00, 0x20, 0x00, 0x77, 0x00, 0x69, 0x00, 0x6E, 0x00, 0x64, 0x00, 0x6F, 0x00, 0x77, 0x00,
    0x00, 0x00, 0x80, 0x00, 0x80, 0x00, 0x41, 0x00, 0x75, 0x00, 0x74, 0x00, 0x6F, 0x00, 0x2D, 0x00,
    0x61, 0x00, 0x72, 0x00, 0x72, 0x00, 0x61, 0x00, 0x6E, 0x00, 0x67, 0x00, 0x65, 0x00, 0x20, 0x00,
    0x26, 0x00, 0x69, 0x00, 0x63, 0x00, 0x6F, 0x00, 0x6E, 0x00, 0x73, 0x00, 0x00, 0x00, 0x00, 0x00,
};
static const unsigned char g_res_en_005[] = {
    0x01, 0x00, 0x04, 0x00, 0x00, 0x00, 0x00, 0x00, 0x00, 0x00, 0x00, 0x00, 0x00, 0x00, 0x00, 0x00,
    0x00, 0x00, 0x00, 0x00, 0x81, 0x00, 0x00, 0x00, 0x00, 0x00, 0x00, 0x00, 0x00, 0x00, 0x00, 0x00,
    0x00, 0x00, 0x00, 0x00, 0x93, 0x01, 0x00, 0x00, 0x00, 0x43, 0x00, 0x61, 0x00, 0x26, 0x00, 0x73,
    0x00, 0x63, 0x00, 0x61, 0x00, 0x64, 0x00, 0x65, 0x00, 0x20, 0x00, 0x77, 0x00, 0x69, 0x00, 0x6E,
    0x00, 0x64, 0x00, 0x6F, 0x00, 0x77, 0x00, 0x73, 0x00, 0x00, 0x00, 0x00, 0x00, 0x00, 0x00, 0x00,
    0x00, 0x00, 0x00, 0x00, 0x95, 0x01, 0x00, 0x00, 0x00, 0x53, 0x00, 0x68, 0x00, 0x6F, 0x00, 0x77,
    0x00, 0x20, 0x00, 0x77, 0x00, 0x69, 0x00, 0x6E, 0x00, 0x64, 0x00, 0x6F, 0x00, 0x77, 0x00, 0x73,
    0x00, 0x20, 0x00, 0x73, 0x00, 0x74, 0x00, 0x61, 0x00, 0x63, 0x00, 0x26, 0x00, 0x6B, 0x00, 0x65,
    0x00, 0x64, 0x00, 0x00, 0x00, 0x00, 0x00, 0x00, 0x00, 0x00, 0x00, 0x00, 0x00, 0x00, 0x00, 0x00,
    0x94, 0x01, 0x00, 0x00, 0x00, 0x53, 0x00, 0x68, 0x00, 0x6F, 0x00, 0x77, 0x00, 0x20, 0x00, 0x77,
    0x00, 0x69, 0x00, 0x6E, 0x00, 0x64, 0x00, 0x6F, 0x00, 0x77, 0x00, 0x73, 0x00, 0x20, 0x00, 0x73,
    0x00, 0x69, 0x00, 0x64, 0x00, 0x65, 0x00, 0x20, 0x00, 0x62, 0x00, 0x79, 0x00, 0x20, 0x00, 0x73,
    0x00, 0x26, 0x00, 0x69, 0x00, 0x64, 0x00, 0x65, 0x00, 0x00, 0x00, 0x00, 0x00, 0x00, 0x00, 0x00,
    0x00, 0x00, 0x00, 0x00, 0xD5, 0xFF, 0x00, 0x00, 0x00, 0x53, 0x00, 0x68, 0x00, 0x6F, 0x00, 0x77,
    0x00, 0x20, 0x00, 0x74, 0x00, 0x68, 0x00, 0x65, 0x00, 0x20, 0x00, 0x26, 0x00, 0x64, 0x00, 0x65,
    0x00, 0x73, 0x00, 0x6B, 0x00, 0x74, 0x00, 0x6F, 0x00, 0x70, 0x00, 0x00, 0x00, 0x00, 0x00, 0x00,
    0x00, 0x00, 0x00, 0x00, 0x00, 0x00, 0x00, 0x00, 0xD4, 0xFF, 0x00, 0x00, 0x00, 0x54, 0x00, 0x61,
    0x00, 0x73, 0x00, 0x6B, 0x00, 0x20, 0x00, 0x26, 0x00, 0x4D, 0x00, 0x61, 0x00, 0x6E, 0x00, 0x61,
    0x00, 0x67, 0x00, 0x65, 0x00, 0x72, 0x00, 0x00, 0x00, 0x00, 0x00, 0x00, 0x00, 0x08, 0x00, 0x00,
    0x00, 0x00, 0x00, 0x00, 0xFF, 0xFF, 0xFF, 0xFF, 0x00, 0x00, 0x00, 0x00, 0x00, 0x00, 0x00, 0x00,
    0x00, 0x00, 0x00, 0x00, 0xD3, 0xFF, 0x00, 0x00, 0x80, 0x26, 0x00, 0x4C, 0x00, 0x6F, 0x00, 0x63,
    0x00, 0x6B, 0x00, 0x20, 0x00, 0x74, 0x00, 0x68, 0x00, 0x65, 0x00, 0x20, 0x00, 0x74, 0x00, 0x61,
    0x00, 0x73, 0x00, 0x6B, 0x00, 0x62, 0x00, 0x61, 0x00, 0x72, 0x00, 0x00, 0x00, 0x00, 0x00, 0x00,
};
static const unsigned char g_res_en_006[] = {
    0xFF, 0xFF, 0xFF, 0xFF, 0x00, 0x00, 0x00, 0x00, 0x00, 0x00, 0x00, 0x00, 0x48, 0x00, 0x00, 0x50,
    0x0F, 0x00, 0x00, 0x00, 0x00, 0x00, 0xFC, 0x00, 0xDA, 0x00, 0x00, 0x00, 0x00, 0x00, 0x54, 0x00,
    0x61, 0x00, 0x73, 0x00, 0x6B, 0x00, 0x62, 0x00, 0x61, 0x00, 0x72, 0x00, 0x00, 0x00, 0x08, 0x00,
    0x90, 0x01, 0x00, 0x00, 0x4D, 0x00, 0x53, 0x00, 0x20, 0x00, 0x53, 0x00, 0x68, 0x00, 0x65, 0x00,
    0x6C, 0x00, 0x6C, 0x00, 0x20, 0x00, 0x44, 0x00, 0x6C, 0x00, 0x67, 0x00, 0x00, 0x00, 0x00, 0x00,
    0x00, 0x00, 0x00, 0x00, 0x00, 0x00, 0x00, 0x00, 0x03, 0x00, 0x01, 0x50, 0x0D, 0x00, 0x12, 0x00,
    0xC8, 0x00, 0x0A, 0x00, 0x51, 0x04, 0x00, 0x00, 0xFF, 0xFF, 0x80, 0x00, 0x26, 0x00, 0x4C, 0x00,
    0x6F, 0x00, 0x63, 0x00, 0x6B, 0x00, 0x20, 0x00, 0x74, 0x00, 0x68, 0x00, 0x65, 0x00, 0x20, 0x00,
    0x74, 0x00, 0x61, 0x00, 0x73, 0x00, 0x6B, 0x00, 0x62, 0x00, 0x61, 0x00, 0x72, 0x00, 0x00, 0x00,
    0x00, 0x00, 0x00, 0x00, 0x00, 0x00, 0x00, 0x00, 0x00, 0x00, 0x00, 0x00, 0x03, 0x00, 0x01, 0x50,
    0x0D, 0x00, 0x20, 0x00, 0xC8, 0x00, 0x0A, 0x00, 0x4E, 0x04, 0x00, 0x00, 0xFF, 0xFF, 0x80, 0x00,
    0x41, 0x00, 0x75, 0x00, 0x74, 0x00, 0x6F, 0x00, 0x2D, 0x00, 0x26, 0x00, 0x68, 0x00, 0x69, 0x00,
    0x64, 0x00, 0x65, 0x00, 0x20, 0x00, 0x74, 0x00, 0x68, 0x00, 0x65, 0x00, 0x20, 0x00, 0x74, 0x00,
    0x61, 0x00, 0x73, 0x00, 0x6B, 0x00, 0x62, 0x00, 0x61, 0x00, 0x72, 0x00, 0x00, 0x00, 0x00, 0x00,
    0x00, 0x00, 0x00, 0x00, 0x00, 0x00, 0x00, 0x00, 0x03, 0x00, 0x01, 0x50, 0x0D, 0x00, 0x2E, 0x00,
    0xC8, 0x00, 0x0A, 0x00, 0x73, 0x04, 0x00, 0x00, 0xFF, 0xFF, 0x80, 0x00, 0x55, 0x00, 0x73, 0x00,
    0x65, 0x00, 0x20, 0x00, 0x73, 0x00, 0x6D, 0x00, 0x61, 0x00, 0x6C, 0x00, 0x6C, 0x00, 0x20, 0x00,
    0x26, 0x00, 0x69, 0x00, 0x63, 0x00, 0x6F, 0x00, 0x6E, 0x00, 0x73, 0x00, 0x00, 0x00, 0x00, 0x00,
    0x00, 0x00, 0x00, 0x00, 0x00, 0x00, 0x00, 0x00, 0x00, 0x00, 0x00, 0x50, 0x0D, 0x00, 0x3F, 0x00,
    0x64, 0x00, 0x0A, 0x00, 0xFF, 0xFF, 0x00, 0x00, 0xFF, 0xFF, 0x82, 0x00, 0x54, 0x00, 0x61, 0x00,
    0x73, 0x00, 0x26, 0x00, 0x6B, 0x00, 0x62, 0x00, 0x61, 0x00, 0x72, 0x00, 0x20, 0x00, 0x70, 0x00,
    0x6F, 0x00, 0x73, 0x00, 0x69, 0x00, 0x74, 0x00, 0x69, 0x00, 0x6F, 0x00, 0x6E, 0x00, 0x20, 0x00,
    0x6F, 0x00, 0x6E, 0x00, 0x20, 0x00, 0x73, 0x00, 0x63, 0x00, 0x72, 0x00, 0x65, 0x00, 0x65, 0x00,
    0x6E, 0x00, 0x3A, 0x00, 0x00, 0x00, 0x00, 0x00, 0x00, 0x00, 0x00, 0x00, 0x00, 0x00, 0x00, 0x00,
    0x03, 0x00, 0x21, 0x50, 0x75, 0x00, 0x3C, 0x00, 0x6E, 0x00, 0x0E, 0x00, 0x76, 0x04, 0x00, 0x00,
    0xFF, 0xFF, 0x85, 0x00, 0x00, 0x00, 0x00, 0x00, 0x00, 0x00, 0x00, 0x00, 0x00, 0x00, 0x00, 0x00,
    0x00, 0x00, 0x00, 0x50, 0x0D, 0x00, 0x51, 0x00, 0x64, 0x00, 0x0A, 0x00, 0xFF, 0xFF, 0x00, 0x00,
    0xFF, 0xFF, 0x82, 0x00, 0x54, 0x00, 0x61, 0x00, 0x73, 0x00, 0x6B, 0x00, 0x62, 0x00, 0x61, 0x00,
    0x72, 0x00, 0x20, 0x00, 0x26, 0x00, 0x62, 0x00, 0x75, 0x00, 0x74, 0x00, 0x74, 0x00, 0x6F, 0x00,
    0x6E, 0x00, 0x73, 0x00, 0x3A, 0x00, 0x00, 0x00, 0x00, 0x00, 0x00, 0x00, 0x00, 0x00, 0x00, 0x00,
    0x00, 0x00, 0x00, 0x00, 0x03, 0x00, 0x21, 0x50, 0x75, 0x00, 0x4E, 0x00, 0x6E, 0x00, 0x0E, 0x00,
    0x77, 0x04, 0x00, 0x00, 0xFF, 0xFF, 0x85, 0x00, 0x00, 0x00, 0x00, 0x00, 0x00, 0x00, 0x00, 0x00,
    0x00, 0x00, 0x00, 0x00, 0x07, 0x00, 0x00, 0x50, 0x07, 0x00, 0x07, 0x00, 0xEE, 0x00, 0x5B, 0x00,
    0xFF, 0xFF, 0x00, 0x00, 0xFF, 0xFF, 0x80, 0x00, 0x54, 0x00, 0x61, 0x00, 0x73, 0x00, 0x6B, 0x00,
    0x62, 0x00, 0x61, 0x00, 0x72, 0x00, 0x20, 0x00, 0x61, 0x00, 0x70, 0x00, 0x70, 0x00, 0x65, 0x00,
    0x61, 0x00, 0x72, 0x00, 0x61, 0x00, 0x6E, 0x00, 0x63, 0x00, 0x65, 0x00, 0x00, 0x00, 0x00, 0x00,
    0x00, 0x00, 0x00, 0x00, 0x00, 0x00, 0x00, 0x00, 0x00, 0x00, 0x00, 0x50, 0x0D, 0x00, 0x71, 0x00,
    0xAB, 0x00, 0x10, 0x00, 0xFF, 0xFF, 0x00, 0x00, 0xFF, 0xFF, 0x82, 0x00, 0x43, 0x00, 0x68, 0x00,
    0x6F, 0x00, 0x6F, 0x00, 0x73, 0x00, 0x65, 0x00, 0x20, 0x00, 0x77, 0x00, 0x68, 0x00, 0x69, 0x00,
    0x63, 0x00, 0x68, 0x00, 0x20, 0x00, 0x69, 0x00, 0x63, 0x00, 0x6F, 0x00, 0x6E, 0x00, 0x73, 0x00,
    0x20, 0x00, 0x61, 0x00, 0x6E, 0x00, 0x64, 0x00, 0x20, 0x00, 0x6E, 0x00, 0x6F, 0x00, 0x74, 0x00,
    0x69, 0x00, 0x66, 0x00, 0x69, 0x00, 0x63, 0x00, 0x61, 0x00, 0x74, 0x00, 0x69, 0x00, 0x6F, 0x00,
    0x6E, 0x00, 0x73, 0x00, 0x20, 0x00, 0x73, 0x00, 0x68, 0x00, 0x6F, 0x00, 0x77, 0x00, 0x20, 0x00,
    0x75, 0x00, 0x70, 0x00, 0x20, 0x00, 0x69, 0x00, 0x6E, 0x00, 0x20, 0x00, 0x74, 0x00, 0x68, 0x00,
    0x65, 0x00, 0x20, 0x00, 0x6E, 0x00, 0x6F, 0x00, 0x74, 0x00, 0x69, 0x00, 0x66, 0x00, 0x69, 0x00,
    0x63, 0x00, 0x61, 0x00, 0x74, 0x00, 0x69, 0x00, 0x6F, 0x00, 0x6E, 0x00, 0x20, 0x00, 0x61, 0x00,
    0x72, 0x00, 0x65, 0x00, 0x61, 0x00, 0x2E, 0x00, 0x00, 0x00, 0x00, 0x00, 0x00, 0x00, 0x00, 0x00,
    0x00, 0x00, 0x00, 0x00, 0x03, 0x00, 0x01, 0x50, 0xBC, 0x00, 0x71, 0x00, 0x32, 0x00, 0x0E, 0x00,
    0x74, 0x04, 0x00, 0x00, 0xFF, 0xFF, 0x80, 0x00, 0x26, 0x00, 0x43, 0x00, 0x75, 0x00, 0x73, 0x00,
    0x74, 0x00, 0x6F, 0x00, 0x6D, 0x00, 0x69, 0x00, 0x7A, 0x00, 0x65, 0x00, 0x2E, 0x00, 0x2E, 0x00,
    0x2E, 0x00, 0x00, 0x00, 0x00, 0x00, 0x00, 0x00, 0x00, 0x00, 0x00, 0x00, 0x00, 0x00, 0x00, 0x00,
    0x07, 0x00, 0x00, 0x50, 0x07, 0x00, 0x66, 0x00, 0xEE, 0x00, 0x22, 0x00, 0xFF, 0xFF, 0x00, 0x00,
    0xFF, 0xFF, 0x80, 0x00, 0x4E, 0x00, 0x6F, 0x00, 0x74, 0x00, 0x69, 0x00, 0x66, 0x00, 0x69, 0x00,
    0x63, 0x00, 0x61, 0x00, 0x74, 0x00, 0x69, 0x00, 0x6F, 0x00, 0x6E, 0x00, 0x20, 0x00, 0x61, 0x00,
    0x72, 0x00, 0x65, 0x00, 0x61, 0x00, 0x00, 0x00, 0x00, 0x00, 0x00, 0x00, 0x00, 0x00, 0x00, 0x00,
    0x00, 0x00, 0x00, 0x00, 0x00, 0x00, 0x00, 0x50, 0x0D, 0x00, 0x97, 0x00, 0xDC, 0x00, 0x10, 0x00,
    0x78, 0x04, 0x00, 0x00, 0xFF, 0xFF, 0x82, 0x00, 0x50, 0x00, 0x6F, 0x00, 0x69, 0x00, 0x6E, 0x00,
    0x74, 0x00, 0x20, 0x00, 0x74, 0x00, 0x6F, 0x00, 0x20, 0x00, 0x74, 0x00, 0x68, 0x00, 0x65, 0x00,
    0x20, 0x00, 0x53, 0x00, 0x68, 0x00, 0x6F, 0x00, 0x77, 0x00, 0x20, 0x00, 0x44, 0x00, 0x65, 0x00,
    0x73, 0x00, 0x6B, 0x00, 0x74, 0x00, 0x6F, 0x00, 0x70, 0x00, 0x20, 0x00, 0x62, 0x00, 0x75, 0x00,
    0x74, 0x00, 0x74, 0x00, 0x6F, 0x00, 0x6E, 0x00, 0x20, 0x00, 0x61, 0x00, 0x74, 0x00, 0x20, 0x00,
    0x74, 0x00, 0x68, 0x00, 0x65, 0x00, 0x20, 0x00, 0x66, 0x00, 0x61, 0x00, 0x72, 0x00, 0x20, 0x00,
    0x65, 0x00, 0x6E, 0x00, 0x64, 0x00, 0x20, 0x00, 0x6F, 0x00, 0x66, 0x00, 0x20, 0x00, 0x74, 0x00,
    0x68, 0x00, 0x65, 0x00, 0x20, 0x00, 0x74, 0x00, 0x61, 0x00, 0x73, 0x00, 0x6B, 0x00, 0x62, 0x00,
    0x61, 0x00, 0x72, 0x00, 0x20, 0x00, 0x74, 0x00, 0x6F, 0x00, 0x20, 0x00, 0x70, 0x00, 0x65, 0x00,
    0x65, 0x00, 0x6B, 0x00, 0x20, 0x00, 0x61, 0x00, 0x74, 0x00, 0x20, 0x00, 0x74, 0x00, 0x68, 0x00,
    0x65, 0x00, 0x20, 0x00, 0x64, 0x00, 0x65, 0x00, 0x73, 0x00, 0x6B, 0x00, 0x74, 0x00, 0x6F, 0x00,
    0x70, 0x00, 0x2E, 0x00, 0x00, 0x00, 0x00, 0x00, 0x00, 0x00, 0x00, 0x00, 0x00, 0x00, 0x00, 0x00,
    0x03, 0x00, 0x01, 0x50, 0x0D, 0x00, 0xAB, 0x00, 0xC8, 0x00, 0x0A, 0x00, 0x75, 0x04, 0x00, 0x00,
    0xFF, 0xFF, 0x80, 0x00, 0x55, 0x00, 0x73, 0x00, 0x65, 0x00, 0x20, 0x00, 0x41, 0x00, 0x65, 0x00,
    0x72, 0x00, 0x6F, 0x00, 0x20, 0x00, 0x26, 0x00, 0x50, 0x00, 0x65, 0x00, 0x65, 0x00, 0x6B, 0x00,
    0x20, 0x00, 0x74, 0x00, 0x6F, 0x00, 0x20, 0x00, 0x70, 0x00, 0x72, 0x00, 0x65, 0x00, 0x76, 0x00,
    0x69, 0x00, 0x65, 0x00, 0x77, 0x00, 0x20, 0x00, 0x74, 0x00, 0x68, 0x00, 0x65, 0x00, 0x20, 0x00,
    0x64, 0x00, 0x65, 0x00, 0x73, 0x00, 0x6B, 0x00, 0x74, 0x00, 0x6F, 0x00, 0x70, 0x00, 0x00, 0x00,
    0x00, 0x00, 0x00, 0x00, 0x00, 0x00, 0x00, 0x00, 0x00, 0x00, 0x00, 0x00, 0x07, 0x00, 0x00, 0x50,
    0x07, 0x00, 0x8C, 0x00, 0xEE, 0x00, 0x30, 0x00, 0x79, 0x04, 0x00, 0x00, 0xFF, 0xFF, 0x80, 0x00,
    0x50, 0x00, 0x72, 0x00, 0x65, 0x00, 0x76, 0x00, 0x69, 0x00, 0x65, 0x00, 0x77, 0x00, 0x20, 0x00,
    0x64, 0x00, 0x65, 0x00, 0x73, 0x00, 0x6B, 0x00, 0x74, 0x00, 0x6F, 0x00, 0x70, 0x00, 0x20, 0x00,
    0x77, 0x00, 0x69, 0x00, 0x74, 0x00, 0x68, 0x00, 0x20, 0x00, 0x41, 0x00, 0x65, 0x00, 0x72, 0x00,
    0x6F, 0x00, 0x20, 0x00, 0x50, 0x00, 0x65, 0x00, 0x65, 0x00, 0x6B, 0x00, 0x00, 0x00, 0x00, 0x00,
    0x00, 0x00, 0x00, 0x00, 0x00, 0x00, 0x00, 0x00, 0x00, 0x00, 0x01, 0x50, 0x07, 0x00, 0xC8, 0x00,
    0x00, 0x01, 0x08, 0x00, 0x5A, 0x04, 0x00, 0x00, 0x53, 0x00, 0x79, 0x00, 0x73, 0x00, 0x4C, 0x00,
    0x69, 0x00, 0x6E, 0x00, 0x6B, 0x00, 0x00, 0x00, 0x48, 0x00, 0x6F, 0x00, 0x77, 0x00, 0x20, 0x00,
    0x64, 0x00, 0x6F, 0x00, 0x20, 0x00, 0x49, 0x00, 0x20, 0x00, 0x70, 0x00, 0x65, 0x00, 0x72, 0x00,
    0x73, 0x00, 0x6F, 0x00, 0x6E, 0x00, 0x61, 0x00, 0x6C, 0x00, 0x69, 0x00, 0x7A, 0x00, 0x65, 0x00,
    0x20, 0x00, 0x74, 0x00, 0x68, 0x00, 0x65, 0x00, 0x20, 0x00, 0x74, 0x00, 0x61, 0x00, 0x73, 0x00,
    0x6B, 0x00, 0x62, 0x00, 0x61, 0x00, 0x72, 0x00, 0x3F, 0x00, 0x00, 0x00, 0x00, 0x00,
};
static const unsigned char g_res_en_007[] = {
    0xFF, 0xFF, 0xFF, 0xFF, 0x00, 0x00, 0x00, 0x00, 0x00, 0x00, 0x00, 0x00, 0x48, 0x00, 0x00, 0x50,
    0x03, 0x00, 0x00, 0x00, 0x00, 0x00, 0xFC, 0x00, 0xDA, 0x00, 0x00, 0x00, 0x00, 0x00, 0x54, 0x00,
    0x6F, 0x00, 0x6F, 0x00, 0x6C, 0x00, 0x62, 0x00, 0x61, 0x00, 0x72, 0x00, 0x73, 0x00, 0x00, 0x00,
    0x08, 0x00, 0x90, 0x01, 0x00, 0x00, 0x4D, 0x00, 0x53, 0x00, 0x20, 0x00, 0x53, 0x00, 0x68, 0x00,
    0x65, 0x00, 0x6C, 0x00, 0x6C, 0x00, 0x20, 0x00, 0x44, 0x00, 0x6C, 0x00, 0x67, 0x00, 0x00, 0x00,
    0x00, 0x00, 0x00, 0x00, 0x00, 0x00, 0x00, 0x00, 0x00, 0x00, 0x00, 0x50, 0x07, 0x00, 0x07, 0x00,
    0xDF, 0x00, 0x0C, 0x00, 0x52, 0x04, 0x00, 0x00, 0xFF, 0xFF, 0x82, 0x00, 0x50, 0x00, 0x69, 0x00,
    0x63, 0x00, 0x6B, 0x00, 0x20, 0x00, 0x77, 0x00, 0x68, 0x00, 0x69, 0x00, 0x63, 0x00, 0x68, 0x00,
    0x20, 0x00, 0x74, 0x00, 0x6F, 0x00, 0x6F, 0x00, 0x6C, 0x00, 0x62, 0x00, 0x61, 0x00, 0x72, 0x00,
    0x73, 0x00, 0x20, 0x00, 0x61, 0x00, 0x70, 0x00, 0x70, 0x00, 0x65, 0x00, 0x61, 0x00, 0x72, 0x00,
    0x20, 0x00, 0x6F, 0x00, 0x6E, 0x00, 0x20, 0x00, 0x74, 0x00, 0x68, 0x00, 0x65, 0x00, 0x20, 0x00,
    0x74, 0x00, 0x61, 0x00, 0x73, 0x00, 0x6B, 0x00, 0x62, 0x00, 0x61, 0x00, 0x72, 0x00, 0x3A, 0x00,
    0x00, 0x00, 0x00, 0x00, 0x00, 0x00, 0x00, 0x00, 0x00, 0x00, 0x00, 0x00, 0x27, 0x00, 0x81, 0x50,
    0x07, 0x00, 0x14, 0x00, 0xEC, 0x00, 0xA0, 0x00, 0x71, 0x04, 0x00, 0x00, 0x53, 0x00, 0x79, 0x00,
    0x73, 0x00, 0x54, 0x00, 0x72, 0x00, 0x65, 0x00, 0x65, 0x00, 0x56, 0x00, 0x69, 0x00, 0x65, 0x00,
    0x77, 0x00, 0x33, 0x00, 0x32, 0x00, 0x00, 0x00, 0x54, 0x00, 0x6F, 0x00, 0x6F, 0x00, 0x6C, 0x00,
    0x62, 0x00, 0x61, 0x00, 0x72, 0x00, 0x73, 0x00, 0x00, 0x00, 0x00, 0x00, 0x00, 0x00, 0x00, 0x00,
    0x00, 0x00, 0x00, 0x00, 0x27, 0x00, 0x81, 0x50, 0x00, 0x00, 0x00, 0x00, 0x00, 0x00, 0x00, 0x00,
    0x72, 0x04, 0x00, 0x00, 0x53, 0x00, 0x79, 0x00, 0x73, 0x00, 0x54, 0x00, 0x72, 0x00, 0x65, 0x00,
    0x65, 0x00, 0x56, 0x00, 0x69, 0x00, 0x65, 0x00, 0x77, 0x00, 0x33, 0x00, 0x32, 0x00, 0x00, 0x00,
    0x4E, 0x00, 0x65, 0x00, 0x77, 0x00, 0x00, 0x00, 0x00, 0x00,
};
static const unsigned char g_res_en_008[] = {
    0xFF, 0xFF, 0xFF, 0xFF, 0x00, 0x00, 0x00, 0x00, 0x00, 0x00, 0x00, 0x00, 0xC8, 0x00, 0xC8, 0x80,
    0x06, 0x00, 0x00, 0x00, 0x00, 0x00, 0x10, 0x01, 0x51, 0x00, 0x00, 0x00, 0x00, 0x00, 0x41, 0x00,
    0x70, 0x00, 0x70, 0x00, 0x6C, 0x00, 0x79, 0x00, 0x20, 0x00, 0x73, 0x00, 0x65, 0x00, 0x74, 0x00,
    0x74, 0x00, 0x69, 0x00, 0x6E, 0x00, 0x67, 0x00, 0x73, 0x00, 0x00, 0x00, 0x08, 0x00, 0x90, 0x01,
    0x00, 0x00, 0x4D, 0x00, 0x53, 0x00, 0x20, 0x00, 0x53, 0x00, 0x68, 0x00, 0x65, 0x00, 0x6C, 0x00,
    0x6C, 0x00, 0x20, 0x00, 0x44, 0x00, 0x6C, 0x00, 0x67, 0x00, 0x00, 0x00, 0x00, 0x00, 0x00, 0x00,
    0x00, 0x00, 0x00, 0x00, 0x03, 0x00, 0x01, 0x50, 0x07, 0x00, 0x3E, 0x00, 0x8B, 0x00, 0x0A, 0x00,
    0x02, 0x12, 0x00, 0x00, 0xFF, 0xFF, 0x80, 0x00, 0x26, 0x00, 0x41, 0x00, 0x70, 0x00, 0x70, 0x00,
    0x6C, 0x00, 0x79, 0x00, 0x20, 0x00, 0x74, 0x00, 0x6F, 0x00, 0x20, 0x00, 0x74, 0x00, 0x68, 0x00,
    0x65, 0x00, 0x20, 0x00, 0x72, 0x00, 0x65, 0x00, 0x73, 0x00, 0x74, 0x00, 0x00, 0x00, 0x00, 0x00,
    0x00, 0x00, 0x00, 0x00, 0x00, 0x00, 0x00, 0x00, 0x03, 0x00, 0x01, 0x50, 0x9F, 0x00, 0x3C, 0x00,
    0x32, 0x00, 0x0E, 0x00, 0xEE, 0x03, 0x00, 0x00, 0xFF, 0xFF, 0x80, 0x00, 0x26, 0x00, 0x52, 0x00,
    0x65, 0x00, 0x74, 0x00, 0x72, 0x00, 0x79, 0x00, 0x00, 0x00, 0x00, 0x00, 0x00, 0x00, 0x00, 0x00,
    0x00, 0x00, 0x00, 0x00, 0x03, 0x00, 0x01, 0x50, 0xD7, 0x00, 0x3C, 0x00, 0x32, 0x00, 0x0E, 0x00,
    0x05, 0x00, 0x00, 0x00, 0xFF, 0xFF, 0x80, 0x00, 0x43, 0x00, 0x61, 0x00, 0x6E, 0x00, 0x63, 0x00,
    0x65, 0x00, 0x6C, 0x00, 0x00, 0x00, 0x00, 0x00, 0x00, 0x00, 0x00, 0x00, 0x00, 0x00, 0x00, 0x00,
    0x00, 0x00, 0x00, 0x50, 0x07, 0x00, 0x33, 0x00, 0x02, 0x01, 0x01, 0x00, 0xFF, 0xFF, 0xFF, 0xFF,
    0xFF, 0xFF, 0x82, 0x00, 0x00, 0x00, 0x00, 0x00, 0x00, 0x00, 0x00, 0x00, 0x00, 0x00, 0x00, 0x00,
    0x00, 0x00, 0x00, 0x50, 0x07, 0x00, 0x07, 0x00, 0x15, 0x00, 0x14, 0x00, 0xFF, 0xFF, 0xFF, 0xFF,
    0xFF, 0xFF, 0x82, 0x00, 0x00, 0x00, 0x00, 0x00, 0x00, 0x00, 0x00, 0x00, 0x00, 0x00, 0x00, 0x00,
    0x00, 0x00, 0x00, 0x50, 0x22, 0x00, 0x07, 0x00, 0xE0, 0x00, 0x25, 0x00, 0xEF, 0x03, 0x00, 0x00,
    0xFF, 0xFF, 0x82, 0x00, 0x53, 0x00, 0x6F, 0x00, 0x6D, 0x00, 0x65, 0x00, 0x20, 0x00, 0x73, 0x00,
    0x65, 0x00, 0x74, 0x00, 0x74, 0x00, 0x69, 0x00, 0x6E, 0x00, 0x67, 0x00, 0x73, 0x00, 0x20, 0x00,
    0x63, 0x00, 0x68, 0x00, 0x61, 0x00, 0x6E, 0x00, 0x67, 0x00, 0x65, 0x00, 0x20, 0x00, 0x68, 0x00,
    0x6F, 0x00, 0x77, 0x00, 0x20, 0x00, 0x53, 0x00, 0x74, 0x00, 0x61, 0x00, 0x72, 0x00, 0x74, 0x00,
    0x20, 0x00, 0x6D, 0x00, 0x65, 0x00, 0x6E, 0x00, 0x75, 0x00, 0x20, 0x00, 0x61, 0x00, 0x6E, 0x00,
    0x64, 0x00, 0x20, 0x00, 0x74, 0x00, 0x61, 0x00, 0x73, 0x00, 0x6B, 0x00, 0x62, 0x00, 0x61, 0x00,
    0x72, 0x00, 0x20, 0x00, 0x65, 0x00, 0x6C, 0x00, 0x65, 0x00, 0x6D, 0x00, 0x65, 0x00, 0x6E, 0x00,
    0x74, 0x00, 0x73, 0x00, 0x20, 0x00, 0x61, 0x00, 0x72, 0x00, 0x65, 0x00, 0x20, 0x00, 0x61, 0x00,
    0x72, 0x00, 0x72, 0x00, 0x61, 0x00, 0x6E, 0x00, 0x67, 0x00, 0x65, 0x00, 0x64, 0x00, 0x2E, 0x00,
    0x20, 0x00, 0x59, 0x00, 0x6F, 0x00, 0x75, 0x00, 0x20, 0x00, 0x63, 0x00, 0x61, 0x00, 0x6E, 0x00,
    0x20, 0x00, 0x61, 0x00, 0x70, 0x00, 0x70, 0x00, 0x6C, 0x00, 0x79, 0x00, 0x20, 0x00, 0x74, 0x00,
    0x68, 0x00, 0x65, 0x00, 0x6D, 0x00, 0x20, 0x00, 0x74, 0x00, 0x6F, 0x00, 0x20, 0x00, 0x65, 0x00,
    0x76, 0x00, 0x65, 0x00, 0x72, 0x00, 0x79, 0x00, 0x74, 0x00, 0x68, 0x00, 0x69, 0x00, 0x6E, 0x00,
    0x67, 0x00, 0x20, 0x00, 0x6F, 0x00, 0x72, 0x00, 0x20, 0x00, 0x6B, 0x00, 0x65, 0x00, 0x65, 0x00,
    0x70, 0x00, 0x20, 0x00, 0x74, 0x00, 0x68, 0x00, 0x65, 0x00, 0x20, 0x00, 0x63, 0x00, 0x75, 0x00,
    0x72, 0x00, 0x72, 0x00, 0x65, 0x00, 0x6E, 0x00, 0x74, 0x00, 0x20, 0x00, 0x6C, 0x00, 0x61, 0x00,
    0x79, 0x00, 0x6F, 0x00, 0x75, 0x00, 0x74, 0x00, 0x20, 0x00, 0x66, 0x00, 0x6F, 0x00, 0x72, 0x00,
    0x20, 0x00, 0x69, 0x00, 0x74, 0x00, 0x65, 0x00, 0x6D, 0x00, 0x73, 0x00, 0x20, 0x00, 0x61, 0x00,
    0x6C, 0x00, 0x72, 0x00, 0x65, 0x00, 0x61, 0x00, 0x64, 0x00, 0x79, 0x00, 0x20, 0x00, 0x6F, 0x00,
    0x70, 0x00, 0x65, 0x00, 0x6E, 0x00, 0x2E, 0x00, 0x00, 0x00, 0x00, 0x00,
};
static const unsigned char g_res_en_009[] = {
    0xFF, 0xFF, 0xFF, 0xFF, 0x00, 0x00, 0x00, 0x00, 0x00, 0x00, 0x00, 0x00, 0xC8, 0x00, 0xC8, 0x80,
    0x06, 0x00, 0x00, 0x00, 0x00, 0x00, 0x40, 0x01, 0x89, 0x00, 0x00, 0x00, 0x00, 0x00, 0x53, 0x00,
    0x74, 0x00, 0x61, 0x00, 0x72, 0x00, 0x74, 0x00, 0x20, 0x00, 0x6D, 0x00, 0x65, 0x00, 0x6E, 0x00,
    0x75, 0x00, 0x20, 0x00, 0x6E, 0x00, 0x6F, 0x00, 0x74, 0x00, 0x65, 0x00, 0x00, 0x00, 0x08, 0x00,
    0x90, 0x01, 0x00, 0x00, 0x4D, 0x00, 0x53, 0x00, 0x20, 0x00, 0x53, 0x00, 0x68, 0x00, 0x65, 0x00,
    0x6C, 0x00, 0x6C, 0x00, 0x20, 0x00, 0x44, 0x00, 0x6C, 0x00, 0x67, 0x00, 0x00, 0x00, 0x00, 0x00,
    0x00, 0x00, 0x00, 0x00, 0x00, 0x00, 0x00, 0x00, 0x00, 0x00, 0x00, 0x50, 0x30, 0x00, 0x12, 0x00,
    0x00, 0x01, 0x08, 0x00, 0xFF, 0xFF, 0xFF, 0xFF, 0xFF, 0xFF, 0x82, 0x00, 0x53, 0x00, 0x6F, 0x00,
    0x6D, 0x00, 0x65, 0x00, 0x20, 0x00, 0x53, 0x00, 0x74, 0x00, 0x61, 0x00, 0x72, 0x00, 0x74, 0x00,
    0x20, 0x00, 0x6D, 0x00, 0x65, 0x00, 0x6E, 0x00, 0x75, 0x00, 0x20, 0x00, 0x65, 0x00, 0x6E, 0x00,
    0x74, 0x00, 0x72, 0x00, 0x69, 0x00, 0x65, 0x00, 0x73, 0x00, 0x20, 0x00, 0x77, 0x00, 0x65, 0x00,
    0x72, 0x00, 0x65, 0x00, 0x20, 0x00, 0x6D, 0x00, 0x6F, 0x00, 0x76, 0x00, 0x65, 0x00, 0x64, 0x00,
    0x2E, 0x00, 0x00, 0x00, 0x00, 0x00, 0x00, 0x00, 0x00, 0x00, 0x00, 0x00, 0x00, 0x00, 0x00, 0x00,
    0x00, 0x00, 0x00, 0x50, 0x30, 0x00, 0x25, 0x00, 0x00, 0x01, 0x12, 0x00, 0xFF, 0xFF, 0xFF, 0xFF,
    0xFF, 0xFF, 0x82, 0x00, 0x46, 0x00, 0x6F, 0x00, 0x6C, 0x00, 0x64, 0x00, 0x65, 0x00, 0x72, 0x00,
    0x73, 0x00, 0x20, 0x00, 0x61, 0x00, 0x6E, 0x00, 0x64, 0x00, 0x20, 0x00, 0x73, 0x00, 0x68, 0x00,
    0x6F, 0x00, 0x72, 0x00, 0x74, 0x00, 0x63, 0x00, 0x75, 0x00, 0x74, 0x00, 0x73, 0x00, 0x20, 0x00,
    0x73, 0x00, 0x74, 0x00, 0x61, 0x00, 0x79, 0x00, 0x20, 0x00, 0x77, 0x00, 0x68, 0x00, 0x65, 0x00,
    0x72, 0x00, 0x65, 0x00, 0x20, 0x00, 0x74, 0x00, 0x68, 0x00, 0x65, 0x00, 0x79, 0x00, 0x20, 0x00,
    0x77, 0x00, 0x65, 0x00, 0x72, 0x00, 0x65, 0x00, 0x3B, 0x00, 0x20, 0x00, 0x6F, 0x00, 0x6E, 0x00,
    0x6C, 0x00, 0x79, 0x00, 0x20, 0x00, 0x77, 0x00, 0x68, 0x00, 0x61, 0x00, 0x74, 0x00, 0x20, 0x00,
    0x79, 0x00, 0x6F, 0x00, 0x75, 0x00, 0x20, 0x00, 0x73, 0x00, 0x65, 0x00, 0x65, 0x00, 0x20, 0x00,
    0x63, 0x00, 0x68, 0x00, 0x61, 0x00, 0x6E, 0x00, 0x67, 0x00, 0x65, 0x00, 0x64, 0x00, 0x2E, 0x00,
    0x20, 0x00, 0x59, 0x00, 0x6F, 0x00, 0x75, 0x00, 0x20, 0x00, 0x63, 0x00, 0x61, 0x00, 0x6E, 0x00,
    0x20, 0x00, 0x62, 0x00, 0x72, 0x00, 0x69, 0x00, 0x6E, 0x00, 0x67, 0x00, 0x20, 0x00, 0x65, 0x00,
    0x76, 0x00, 0x65, 0x00, 0x72, 0x00, 0x79, 0x00, 0x74, 0x00, 0x68, 0x00, 0x69, 0x00, 0x6E, 0x00,
    0x67, 0x00, 0x20, 0x00, 0x62, 0x00, 0x61, 0x00, 0x63, 0x00, 0x6B, 0x00, 0x20, 0x00, 0x77, 0x00,
    0x68, 0x00, 0x65, 0x00, 0x6E, 0x00, 0x65, 0x00, 0x76, 0x00, 0x65, 0x00, 0x72, 0x00, 0x20, 0x00,
    0x79, 0x00, 0x6F, 0x00, 0x75, 0x00, 0x20, 0x00, 0x6C, 0x00, 0x69, 0x00, 0x6B, 0x00, 0x65, 0x00,
    0x2E, 0x00, 0x00, 0x00, 0x00, 0x00, 0x00, 0x00, 0x00, 0x00, 0x00, 0x00, 0x00, 0x00, 0x00, 0x00,
    0x00, 0x00, 0x00, 0x50, 0x0E, 0x00, 0x0C, 0x00, 0x14, 0x00, 0x14, 0x00, 0xFF, 0xFF, 0xFF, 0xFF,
    0xFF, 0xFF, 0x82, 0x00, 0x00, 0x00, 0x00, 0x00, 0x00, 0x00, 0x00, 0x00, 0x00, 0x00, 0x00, 0x00,
    0x01, 0x00, 0x01, 0x50, 0x00, 0x01, 0x70, 0x00, 0x32, 0x00, 0x10, 0x00, 0x01, 0x00, 0x00, 0x00,
    0xFF, 0xFF, 0x80, 0x00, 0x4F, 0x00, 0x4B, 0x00, 0x00, 0x00, 0x00, 0x00, 0x00, 0x00, 0x00, 0x00,
    0x00, 0x00, 0x00, 0x00, 0x00, 0x00, 0x01, 0x50, 0x30, 0x00, 0x43, 0x00, 0x00, 0x01, 0x12, 0x00,
    0xF1, 0x03, 0x00, 0x00, 0x53, 0x00, 0x79, 0x00, 0x73, 0x00, 0x4C, 0x00, 0x69, 0x00, 0x6E, 0x00,
    0x6B, 0x00, 0x00, 0x00, 0x4D, 0x00, 0x6F, 0x00, 0x72, 0x00, 0x65, 0x00, 0x20, 0x00, 0x61, 0x00,
    0x62, 0x00, 0x6F, 0x00, 0x75, 0x00, 0x74, 0x00, 0x20, 0x00, 0x72, 0x00, 0x65, 0x00, 0x73, 0x00,
    0x74, 0x00, 0x6F, 0x00, 0x72, 0x00, 0x69, 0x00, 0x6E, 0x00, 0x67, 0x00, 0x20, 0x00, 0x74, 0x00,
    0x68, 0x00, 0x65, 0x00, 0x20, 0x00, 0x73, 0x00, 0x65, 0x00, 0x74, 0x00, 0x74, 0x00, 0x69, 0x00,
    0x6E, 0x00, 0x67, 0x00, 0x73, 0x00, 0x00, 0x00, 0x00, 0x00, 0x00, 0x00, 0x00, 0x00, 0x00, 0x00,
    0x00, 0x00, 0x00, 0x00, 0x03, 0x00, 0x01, 0x50, 0x30, 0x00, 0x5D, 0x00, 0x00, 0x01, 0x12, 0x00,
    0xF0, 0x03, 0x00, 0x00, 0xFF, 0xFF, 0x80, 0x00, 0x44, 0x00, 0x6F, 0x00, 0x20, 0x00, 0x26, 0x00,
    0x6E, 0x00, 0x6F, 0x00, 0x74, 0x00, 0x20, 0x00, 0x73, 0x00, 0x68, 0x00, 0x6F, 0x00, 0x77, 0x00,
    0x20, 0x00, 0x74, 0x00, 0x68, 0x00, 0x69, 0x00, 0x73, 0x00, 0x20, 0x00, 0x6D, 0x00, 0x65, 0x00,
    0x73, 0x00, 0x73, 0x00, 0x61, 0x00, 0x67, 0x00, 0x65, 0x00, 0x20, 0x00, 0x61, 0x00, 0x67, 0x00,
    0x61, 0x00, 0x69, 0x00, 0x6E, 0x00, 0x00, 0x00, 0x00, 0x00,
};
static const unsigned char g_res_en_010[] = {
    0xFF, 0xFF, 0xFF, 0xFF, 0x00, 0x00, 0x00, 0x00, 0x00, 0x00, 0x00, 0x00, 0x48, 0x00, 0x00, 0x50,
    0x08, 0x00, 0x00, 0x00, 0x00, 0x00, 0xFC, 0x00, 0xDA, 0x00, 0x00, 0x00, 0x00, 0x00, 0x53, 0x00,
    0x74, 0x00, 0x61, 0x00, 0x72, 0x00, 0x74, 0x00, 0x20, 0x00, 0x26, 0x00, 0x4D, 0x00, 0x65, 0x00,
    0x6E, 0x00, 0x75, 0x00, 0x00, 0x00, 0x08, 0x00, 0x90, 0x01, 0x00, 0x00, 0x4D, 0x00, 0x53, 0x00,
    0x20, 0x00, 0x53, 0x00, 0x68, 0x00, 0x65, 0x00, 0x6C, 0x00, 0x6C, 0x00, 0x20, 0x00, 0x44, 0x00,
    0x6C, 0x00, 0x67, 0x00, 0x00, 0x00, 0x00, 0x00, 0x00, 0x00, 0x00, 0x00, 0x00, 0x00, 0x00, 0x00,
    0x00, 0x00, 0x00, 0x50, 0x07, 0x00, 0x07, 0x00, 0xAA, 0x00, 0x10, 0x00, 0x6E, 0x04, 0x00, 0x00,
    0xFF, 0xFF, 0x82, 0x00, 0x54, 0x00, 0x6F, 0x00, 0x20, 0x00, 0x63, 0x00, 0x68, 0x00, 0x61, 0x00,
    0x6E, 0x00, 0x67, 0x00, 0x65, 0x00, 0x20, 0x00, 0x68, 0x00, 0x6F, 0x00, 0x77, 0x00, 0x20, 0x00,
    0x6C, 0x00, 0x69, 0x00, 0x6E, 0x00, 0x6B, 0x00, 0x73, 0x00, 0x2C, 0x00, 0x20, 0x00, 0x69, 0x00,
    0x63, 0x00, 0x6F, 0x00, 0x6E, 0x00, 0x73, 0x00, 0x20, 0x00, 0x61, 0x00, 0x6E, 0x00, 0x64, 0x00,
    0x20, 0x00, 0x6D, 0x00, 0x65, 0x00, 0x6E, 0x00, 0x75, 0x00, 0x73, 0x00, 0x20, 0x00, 0x6C, 0x00,
    0x6F, 0x00, 0x6F, 0x00, 0x6B, 0x00, 0x20, 0x00, 0x61, 0x00, 0x6E, 0x00, 0x64, 0x00, 0x20, 0x00,
    0x62, 0x00, 0x65, 0x00, 0x68, 0x00, 0x61, 0x00, 0x76, 0x00, 0x65, 0x00, 0x20, 0x00, 0x6F, 0x00,
    0x6E, 0x00, 0x20, 0x00, 0x74, 0x00, 0x68, 0x00, 0x65, 0x00, 0x20, 0x00, 0x53, 0x00, 0x74, 0x00,
    0x61, 0x00, 0x72, 0x00, 0x74, 0x00, 0x20, 0x00, 0x6D, 0x00, 0x65, 0x00, 0x6E, 0x00, 0x75, 0x00,
    0x2C, 0x00, 0x20, 0x00, 0x70, 0x00, 0x72, 0x00, 0x65, 0x00, 0x73, 0x00, 0x73, 0x00, 0x20, 0x00,
    0x43, 0x00, 0x75, 0x00, 0x73, 0x00, 0x74, 0x00, 0x6F, 0x00, 0x6D, 0x00, 0x69, 0x00, 0x7A, 0x00,
    0x65, 0x00, 0x2E, 0x00, 0x00, 0x00, 0x00, 0x00, 0x00, 0x00, 0x00, 0x00, 0x00, 0x00, 0x00, 0x00,
    0x03, 0x00, 0x01, 0x50, 0xC0, 0x00, 0x04, 0x00, 0x35, 0x00, 0x0E, 0x00, 0x6B, 0x04, 0x00, 0x00,
    0xFF, 0xFF, 0x80, 0x00, 0x26, 0x00, 0x43, 0x00, 0x75, 0x00, 0x73, 0x00, 0x74, 0x00, 0x6F, 0x00,
    0x6D, 0x00, 0x69, 0x00, 0x7A, 0x00, 0x65, 0x00, 0x2E, 0x00, 0x2E, 0x00, 0x2E, 0x00, 0x00, 0x00,
    0x00, 0x00, 0x00, 0x00, 0x00, 0x00, 0x00, 0x00, 0x00, 0x00, 0x00, 0x00, 0x00, 0x00, 0x00, 0x50,
    0x07, 0x00, 0x23, 0x00, 0x48, 0x00, 0x08, 0x00, 0xFF, 0xFF, 0x00, 0x00, 0xFF, 0xFF, 0x82, 0x00,
    0x50, 0x00, 0x6F, 0x00, 0x26, 0x00, 0x77, 0x00, 0x65, 0x00, 0x72, 0x00, 0x20, 0x00, 0x62, 0x00,
    0x75, 0x00, 0x74, 0x00, 0x74, 0x00, 0x6F, 0x00, 0x6E, 0x00, 0x20, 0x00, 0x61, 0x00, 0x63, 0x00,
    0x74, 0x00, 0x69, 0x00, 0x6F, 0x00, 0x6E, 0x00, 0x3A, 0x00, 0x00, 0x00, 0x00, 0x00, 0x00, 0x00,
    0x00, 0x00, 0x00, 0x00, 0x00, 0x00, 0x00, 0x00, 0x03, 0x00, 0x21, 0x50, 0x53, 0x00, 0x20, 0x00,
    0x64, 0x00, 0x0E, 0x00, 0x6D, 0x04, 0x00, 0x00, 0xFF, 0xFF, 0x85, 0x00, 0x00, 0x00, 0x00, 0x00,
    0x00, 0x00, 0x00, 0x00, 0x00, 0x00, 0x00, 0x00, 0x03, 0x00, 0x01, 0x50, 0x0E, 0x00, 0x44, 0x00,
    0xE0, 0x00, 0x0A, 0x00, 0x70, 0x04, 0x00, 0x00, 0xFF, 0xFF, 0x80, 0x00, 0x53, 0x00, 0x74, 0x00,
    0x6F, 0x00, 0x72, 0x00, 0x65, 0x00, 0x20, 0x00, 0x61, 0x00, 0x6E, 0x00, 0x64, 0x00, 0x20, 0x00,
    0x73, 0x00, 0x68, 0x00, 0x6F, 0x00, 0x77, 0x00, 0x20, 0x00, 0x72, 0x00, 0x65, 0x00, 0x63, 0x00,
    0x65, 0x00, 0x6E, 0x00, 0x74, 0x00, 0x6C, 0x00, 0x79, 0x00, 0x20, 0x00, 0x6F, 0x00, 0x70, 0x00,
    0x65, 0x00, 0x6E, 0x00, 0x65, 0x00, 0x64, 0x00, 0x20, 0x00, 0x26, 0x00, 0x70, 0x00, 0x72, 0x00,
    0x6F, 0x00, 0x67, 0x00, 0x72, 0x00, 0x61, 0x00, 0x6D, 0x00, 0x73, 0x00, 0x20, 0x00, 0x6F, 0x00,
    0x6E, 0x00, 0x20, 0x00, 0x74, 0x00, 0x68, 0x00, 0x65, 0x00, 0x20, 0x00, 0x53, 0x00, 0x74, 0x00,
    0x61, 0x00, 0x72, 0x00, 0x74, 0x00, 0x20, 0x00, 0x6D, 0x00, 0x65, 0x00, 0x6E, 0x00, 0x75, 0x00,
    0x00, 0x00, 0x00, 0x00, 0x00, 0x00, 0x00, 0x00, 0x00, 0x00, 0x00, 0x00, 0x03, 0x00, 0x01, 0x50,
    0x0E, 0x00, 0x52, 0x00, 0xE0, 0x00, 0x14, 0x00, 0x6F, 0x04, 0x00, 0x00, 0xFF, 0xFF, 0x80, 0x00,
    0x53, 0x00, 0x74, 0x00, 0x6F, 0x00, 0x72, 0x00, 0x65, 0x00, 0x20, 0x00, 0x61, 0x00, 0x6E, 0x00,
    0x64, 0x00, 0x20, 0x00, 0x73, 0x00, 0x68, 0x00, 0x6F, 0x00, 0x77, 0x00, 0x20, 0x00, 0x72, 0x00,
    0x65, 0x00, 0x63, 0x00, 0x65, 0x00, 0x6E, 0x00, 0x74, 0x00, 0x6C, 0x00, 0x79, 0x00, 0x20, 0x00,
    0x6F, 0x00, 0x70, 0x00, 0x65, 0x00, 0x6E, 0x00, 0x65, 0x00, 0x64, 0x00, 0x20, 0x00, 0x69, 0x00,
    0x74, 0x00, 0x65, 0x00, 0x6D, 0x00, 0x73, 0x00, 0x20, 0x00, 0x6F, 0x00, 0x6E, 0x00, 0x20, 0x00,
    0x74, 0x00, 0x68, 0x00, 0x65, 0x00, 0x20, 0x00, 0x53, 0x00, 0x74, 0x00, 0x61, 0x00, 0x72, 0x00,
    0x74, 0x00, 0x20, 0x00, 0x26, 0x00, 0x6D, 0x00, 0x65, 0x00, 0x6E, 0x00, 0x75, 0x00, 0x20, 0x00,
    0x61, 0x00, 0x6E, 0x00, 0x64, 0x00, 0x20, 0x00, 0x74, 0x00, 0x68, 0x00, 0x65, 0x00, 0x20, 0x00,
    0x74, 0x00, 0x61, 0x00, 0x73, 0x00, 0x6B, 0x00, 0x62, 0x00, 0x61, 0x00, 0x72, 0x00, 0x00, 0x00,
    0x00, 0x00, 0x00, 0x00, 0x00, 0x00, 0x00, 0x00, 0x00, 0x00, 0x00, 0x00, 0x07, 0x00, 0x00, 0x50,
    0x07, 0x00, 0x37, 0x00, 0xEE, 0x00, 0x32, 0x00, 0x2C, 0x01, 0x00, 0x00, 0xFF, 0xFF, 0x80, 0x00,
    0x50, 0x00, 0x72, 0x00, 0x69, 0x00, 0x76, 0x00, 0x61, 0x00, 0x63, 0x00, 0x79, 0x00, 0x00, 0x00,
    0x00, 0x00, 0x00, 0x00, 0x00, 0x00, 0x00, 0x00, 0x00, 0x00, 0x00, 0x00, 0x00, 0x00, 0x01, 0x50,
    0x07, 0x00, 0xC8, 0x00, 0x00, 0x01, 0x08, 0x00, 0x5C, 0x04, 0x00, 0x00, 0x53, 0x00, 0x79, 0x00,
    0x73, 0x00, 0x4C, 0x00, 0x69, 0x00, 0x6E, 0x00, 0x6B, 0x00, 0x00, 0x00, 0x57, 0x00, 0x68, 0x00,
    0x65, 0x00, 0x72, 0x00, 0x65, 0x00, 0x20, 0x00, 0x63, 0x00, 0x61, 0x00, 0x6E, 0x00, 0x20, 0x00,
    0x49, 0x00, 0x20, 0x00, 0x63, 0x00, 0x68, 0x00, 0x61, 0x00, 0x6E, 0x00, 0x67, 0x00, 0x65, 0x00,
    0x20, 0x00, 0x74, 0x00, 0x68, 0x00, 0x65, 0x00, 0x20, 0x00, 0x53, 0x00, 0x74, 0x00, 0x61, 0x00,
    0x72, 0x00, 0x74, 0x00, 0x20, 0x00, 0x6D, 0x00, 0x65, 0x00, 0x6E, 0x00, 0x75, 0x00, 0x20, 0x00,
    0x6C, 0x00, 0x6F, 0x00, 0x6F, 0x00, 0x6B, 0x00, 0x3F, 0x00, 0x00, 0x00, 0x00, 0x00,
};
static const unsigned char g_res_en_011[] = {
    0xFF, 0xFF, 0xFF, 0xFF, 0x00, 0x00, 0x00, 0x00, 0x00, 0x00, 0x00, 0x00, 0x48, 0x00, 0x00, 0x50,
    0x0C, 0x00, 0x00, 0x00, 0x00, 0x00, 0xFB, 0x00, 0x12, 0x01, 0x00, 0x00, 0x00, 0x00, 0x53, 0x00,
    0x74, 0x00, 0x61, 0x00, 0x72, 0x00, 0x74, 0x00, 0x20, 0x00, 0x4D, 0x00, 0x65, 0x00, 0x6E, 0x00,
    0x75, 0x00, 0x20, 0x00, 0x73, 0x00, 0x65, 0x00, 0x74, 0x00, 0x74, 0x00, 0x69, 0x00, 0x6E, 0x00,
    0x67, 0x00, 0x73, 0x00, 0x00, 0x00, 0x08, 0x00, 0x90, 0x01, 0x00, 0x00, 0x4D, 0x00, 0x53, 0x00,
    0x20, 0x00, 0x53, 0x00, 0x68, 0x00, 0x65, 0x00, 0x6C, 0x00, 0x6C, 0x00, 0x20, 0x00, 0x44, 0x00,
    0x6C, 0x00, 0x67, 0x00, 0x00, 0x00, 0x00, 0x00, 0x00, 0x00, 0x00, 0x00, 0x00, 0x00, 0x00, 0x00,
    0x00, 0x00, 0x00, 0x50, 0x07, 0x00, 0x07, 0x00, 0xEE, 0x00, 0x10, 0x00, 0xFF, 0xFF, 0xFF, 0xFF,
    0xFF, 0xFF, 0x82, 0x00, 0x50, 0x00, 0x69, 0x00, 0x63, 0x00, 0x6B, 0x00, 0x20, 0x00, 0x74, 0x00,
    0x68, 0x00, 0x65, 0x00, 0x20, 0x00, 0x65, 0x00, 0x6E, 0x00, 0x74, 0x00, 0x72, 0x00, 0x69, 0x00,
    0x65, 0x00, 0x73, 0x00, 0x20, 0x00, 0x79, 0x00, 0x6F, 0x00, 0x75, 0x00, 0x20, 0x00, 0x77, 0x00,
    0x61, 0x00, 0x6E, 0x00, 0x74, 0x00, 0x20, 0x00, 0x61, 0x00, 0x6E, 0x00, 0x64, 0x00, 0x20, 0x00,
    0x61, 0x00, 0x64, 0x00, 0x6A, 0x00, 0x75, 0x00, 0x73, 0x00, 0x74, 0x00, 0x20, 0x00, 0x68, 0x00,
    0x6F, 0x00, 0x77, 0x00, 0x20, 0x00, 0x74, 0x00, 0x68, 0x00, 0x65, 0x00, 0x20, 0x00, 0x53, 0x00,
    0x74, 0x00, 0x61, 0x00, 0x72, 0x00, 0x74, 0x00, 0x20, 0x00, 0x6D, 0x00, 0x65, 0x00, 0x6E, 0x00,
    0x75, 0x00, 0x20, 0x00, 0x62, 0x00, 0x65, 0x00, 0x68, 0x00, 0x61, 0x00, 0x76, 0x00, 0x65, 0x00,
    0x73, 0x00, 0x2E, 0x00, 0x00, 0x00, 0x00, 0x00, 0x00, 0x00, 0x00, 0x00, 0x00, 0x00, 0x00, 0x00,
    0x27, 0x00, 0x81, 0x50, 0x07, 0x00, 0x1A, 0x00, 0xEE, 0x00, 0xA9, 0x00, 0x63, 0x04, 0x00, 0x00,
    0x53, 0x00, 0x79, 0x00, 0x73, 0x00, 0x54, 0x00, 0x72, 0x00, 0x65, 0x00, 0x65, 0x00, 0x56, 0x00,
    0x69, 0x00, 0x65, 0x00, 0x77, 0x00, 0x33, 0x00, 0x32, 0x00, 0x00, 0x00, 0x69, 0x00, 0x26, 0x00,
    0x74, 0x00, 0x65, 0x00, 0x6D, 0x00, 0x73, 0x00, 0x00, 0x00, 0x00, 0x00, 0x00, 0x00, 0x00, 0x00,
    0x00, 0x00, 0x00, 0x00, 0x07, 0x00, 0x00, 0x50, 0x07, 0x00, 0xCA, 0x00, 0xEE, 0x00, 0x2C, 0x00,
    0xFF, 0xFF, 0xFF, 0xFF, 0xFF, 0xFF, 0x80, 0x00, 0x49, 0x00, 0x74, 0x00, 0x65, 0x00, 0x6D, 0x00,
    0x20, 0x00, 0x63, 0x00, 0x6F, 0x00, 0x75, 0x00, 0x6E, 0x00, 0x74, 0x00, 0x73, 0x00, 0x00, 0x00,
    0x00, 0x00, 0x00, 0x00, 0x00, 0x00, 0x00, 0x00, 0x00, 0x00, 0x00, 0x00, 0x00, 0x00, 0x00, 0x50,
    0x0E, 0x00, 0xD6, 0x00, 0xBF, 0x00, 0x08, 0x00, 0xFF, 0xFF, 0xFF, 0xFF, 0xFF, 0xFF, 0x82, 0x00,
    0x26, 0x00, 0x4E, 0x00, 0x75, 0x00, 0x6D, 0x00, 0x62, 0x00, 0x65, 0x00, 0x72, 0x00, 0x20, 0x00,
    0x6F, 0x00, 0x66, 0x00, 0x20, 0x00, 0x72, 0x00, 0x65, 0x00, 0x63, 0x00, 0x65, 0x00, 0x6E, 0x00,
    0x74, 0x00, 0x20, 0x00, 0x69, 0x00, 0x74, 0x00, 0x65, 0x00, 0x6D, 0x00, 0x73, 0x00, 0x20, 0x00,
    0x74, 0x00, 0x6F, 0x00, 0x20, 0x00, 0x73, 0x00, 0x68, 0x00, 0x6F, 0x00, 0x77, 0x00, 0x3A, 0x00,
    0x00, 0x00, 0x00, 0x00, 0x00, 0x00, 0x00, 0x00, 0x00, 0x00, 0x00, 0x00, 0x00, 0x20, 0x81, 0x50,
    0xD3, 0x00, 0xD4, 0x00, 0x1B, 0x00, 0x0C, 0x00, 0x1B, 0x05, 0x00, 0x00, 0xFF, 0xFF, 0x81, 0x00,
    0x00, 0x00, 0x00, 0x00, 0x00, 0x00, 0x00, 0x00, 0x00, 0x00, 0x00, 0x00, 0x26, 0x00, 0x00, 0x50,
    0xDD, 0x00, 0xD4, 0x00, 0x0B, 0x00, 0x0C, 0x00, 0x19, 0x05, 0x00, 0x00, 0x6D, 0x00, 0x73, 0x00,
    0x63, 0x00, 0x74, 0x00, 0x6C, 0x00, 0x73, 0x00, 0x5F, 0x00, 0x75, 0x00, 0x70, 0x00, 0x64, 0x00,
    0x6F, 0x00, 0x77, 0x00, 0x6E, 0x00, 0x33, 0x00, 0x32, 0x00, 0x00, 0x00, 0x00, 0x00, 0x00, 0x00,
    0x00, 0x00, 0x00, 0x00, 0x00, 0x00, 0x00, 0x00, 0x00, 0x00, 0x00, 0x50, 0x0E, 0x00, 0xE6, 0x00,
    0xBF, 0x00, 0x08, 0x00, 0xFF, 0xFF, 0xFF, 0xFF, 0xFF, 0xFF, 0x82, 0x00, 0x52, 0x00, 0x65, 0x00,
    0x63, 0x00, 0x65, 0x00, 0x6E, 0x00, 0x74, 0x00, 0x20, 0x00, 0x69, 0x00, 0x74, 0x00, 0x65, 0x00,
    0x6D, 0x00, 0x73, 0x00, 0x20, 0x00, 0x73, 0x00, 0x68, 0x00, 0x6F, 0x00, 0x77, 0x00, 0x6E, 0x00,
    0x20, 0x00, 0x69, 0x00, 0x6E, 0x00, 0x20, 0x00, 0x26, 0x00, 0x4A, 0x00, 0x75, 0x00, 0x6D, 0x00,
    0x70, 0x00, 0x20, 0x00, 0x4C, 0x00, 0x69, 0x00, 0x73, 0x00, 0x74, 0x00, 0x73, 0x00, 0x3A, 0x00,
    0x00, 0x00, 0x00, 0x00, 0x00, 0x00, 0x00, 0x00, 0x00, 0x00, 0x00, 0x00, 0x00, 0x20, 0x81, 0x50,
    0xD3, 0x00, 0xE4, 0x00, 0x1B, 0x00, 0x0C, 0x00, 0x1D, 0x05, 0x00, 0x00, 0xFF, 0xFF, 0x81, 0x00,
    0x00, 0x00, 0x00, 0x00, 0x00, 0x00, 0x00, 0x00, 0x00, 0x00, 0x00, 0x00, 0x26, 0x00, 0x00, 0x50,
    0xDD, 0x00, 0xE4, 0x00, 0x0B, 0x00, 0x0C, 0x00, 0x1C, 0x05, 0x00, 0x00, 0x6D, 0x00, 0x73, 0x00,
    0x63, 0x00, 0x74, 0x00, 0x6C, 0x00, 0x73, 0x00, 0x5F, 0x00, 0x75, 0x00, 0x70, 0x00, 0x64, 0x00,
    0x6F, 0x00, 0x77, 0x00, 0x6E, 0x00, 0x33, 0x00, 0x32, 0x00, 0x00, 0x00, 0x00, 0x00, 0x00, 0x00,
    0x00, 0x00, 0x00, 0x00, 0x00, 0x00, 0x00, 0x00, 0x03, 0x00, 0x01, 0x50, 0x07, 0x00, 0xFD, 0x00,
    0x50, 0x00, 0x0E, 0x00, 0x0D, 0x04, 0x00, 0x00, 0xFF, 0xFF, 0x80, 0x00, 0x26, 0x00, 0x44, 0x00,
    0x65, 0x00, 0x66, 0x00, 0x61, 0x00, 0x75, 0x00, 0x6C, 0x00, 0x74, 0x00, 0x73, 0x00, 0x00, 0x00,
    0x00, 0x00, 0x00, 0x00, 0x00, 0x00, 0x00, 0x00, 0x00, 0x00, 0x00, 0x00, 0x01, 0x00, 0x01, 0x50,
    0x8C, 0x00, 0xFD, 0x00, 0x32, 0x00, 0x0E, 0x00, 0x01, 0x00, 0x00, 0x00, 0xFF, 0xFF, 0x80, 0x00,
    0x4F, 0x00, 0x4B, 0x00, 0x00, 0x00, 0x00, 0x00, 0x00, 0x00, 0x00, 0x00, 0x00, 0x00, 0x00, 0x00,
    0x00, 0x00, 0x01, 0x50, 0xC2, 0x00, 0xFD, 0x00, 0x32, 0x00, 0x0E, 0x00, 0x02, 0x00, 0x00, 0x00,
    0xFF, 0xFF, 0x80, 0x00, 0x43, 0x00, 0x61, 0x00, 0x6E, 0x00, 0x63, 0x00, 0x65, 0x00, 0x6C, 0x00,
    0x00, 0x00, 0x00, 0x00,
};
static const unsigned char g_res_en_012[] = {
    0x00, 0x00, 0x00, 0x00, 0x00, 0x00, 0x00, 0x00, 0x00, 0x00, 0x00, 0x00, 0x00, 0x00, 0x00, 0x00,
    0x00, 0x00, 0x00, 0x00, 0x00, 0x00, 0x3D, 0x00, 0x41, 0x00, 0x63, 0x00, 0x63, 0x00, 0x65, 0x00,
    0x73, 0x00, 0x73, 0x00, 0x20, 0x00, 0x6C, 0x00, 0x65, 0x00, 0x74, 0x00, 0x74, 0x00, 0x65, 0x00,
    0x72, 0x00, 0x73, 0x00, 0x2C, 0x00, 0x20, 0x00, 0x72, 0x00, 0x65, 0x00, 0x70, 0x00, 0x6F, 0x00,
    0x72, 0x00, 0x74, 0x00, 0x73, 0x00, 0x2C, 0x00, 0x20, 0x00, 0x6E, 0x00, 0x6F, 0x00, 0x74, 0x00,
    0x65, 0x00, 0x73, 0x00, 0x2C, 0x00, 0x20, 0x00, 0x61, 0x00, 0x6E, 0x00, 0x64, 0x00, 0x20, 0x00,
    0x6F, 0x00, 0x74, 0x00, 0x68, 0x00, 0x65, 0x00, 0x72, 0x00, 0x20, 0x00, 0x6B, 0x00, 0x69, 0x00,
    0x6E, 0x00, 0x64, 0x00, 0x73, 0x00, 0x20, 0x00, 0x6F, 0x00, 0x66, 0x00, 0x20, 0x00, 0x64, 0x00,
    0x6F, 0x00, 0x63, 0x00, 0x75, 0x00, 0x6D, 0x00, 0x65, 0x00, 0x6E, 0x00, 0x74, 0x00, 0x73, 0x00,
    0x2E, 0x00, 0x2F, 0x00, 0x44, 0x00, 0x69, 0x00, 0x73, 0x00, 0x70, 0x00, 0x6C, 0x00, 0x61, 0x00,
    0x79, 0x00, 0x73, 0x00, 0x20, 0x00, 0x72, 0x00, 0x65, 0x00, 0x63, 0x00, 0x65, 0x00, 0x6E, 0x00,
    0x74, 0x00, 0x6C, 0x00, 0x79, 0x00, 0x20, 0x00, 0x6F, 0x00, 0x70, 0x00, 0x65, 0x00, 0x6E, 0x00,
    0x65, 0x00, 0x64, 0x00, 0x20, 0x00, 0x64, 0x00, 0x6F, 0x00, 0x63, 0x00, 0x75, 0x00, 0x6D, 0x00,
    0x65, 0x00, 0x6E, 0x00, 0x74, 0x00, 0x73, 0x00, 0x20, 0x00, 0x61, 0x00, 0x6E, 0x00, 0x64, 0x00,
    0x20, 0x00, 0x66, 0x00, 0x6F, 0x00, 0x6C, 0x00, 0x64, 0x00, 0x65, 0x00, 0x72, 0x00, 0x73, 0x00,
    0x2E, 0x00, 0x21, 0x00, 0x50, 0x00, 0x6C, 0x00, 0x61, 0x00, 0x79, 0x00, 0x20, 0x00, 0x6D, 0x00,
    0x75, 0x00, 0x73, 0x00, 0x69, 0x00, 0x63, 0x00, 0x20, 0x00, 0x61, 0x00, 0x6E, 0x00, 0x64, 0x00,
    0x20, 0x00, 0x6F, 0x00, 0x74, 0x00, 0x68, 0x00, 0x65, 0x00, 0x72, 0x00, 0x20, 0x00, 0x61, 0x00,
    0x75, 0x00, 0x64, 0x00, 0x69, 0x00, 0x6F, 0x00, 0x20, 0x00, 0x66, 0x00, 0x69, 0x00, 0x6C, 0x00,
    0x65, 0x00, 0x73, 0x00, 0x2E, 0x00, 0x23, 0x00, 0x56, 0x00, 0x69, 0x00, 0x65, 0x00, 0x77, 0x00,
    0x20, 0x00, 0x61, 0x00, 0x6E, 0x00, 0x64, 0x00, 0x20, 0x00, 0x6F, 0x00, 0x72, 0x00, 0x67, 0x00,
    0x61, 0x00, 0x6E, 0x00, 0x69, 0x00, 0x7A, 0x00, 0x65, 0x00, 0x20, 0x00, 0x64, 0x00, 0x69, 0x00,
    0x67, 0x00, 0x69, 0x00, 0x74, 0x00, 0x61, 0x00, 0x6C, 0x00, 0x20, 0x00, 0x70, 0x00, 0x69, 0x00,
    0x63, 0x00, 0x74, 0x00, 0x75, 0x00, 0x72, 0x00, 0x65, 0x00, 0x73, 0x00, 0x2E, 0x00, 0x42, 0x00,
    0x53, 0x00, 0x65, 0x00, 0x65, 0x00, 0x20, 0x00, 0x74, 0x00, 0x68, 0x00, 0x65, 0x00, 0x20, 0x00,
    0x64, 0x00, 0x69, 0x00, 0x73, 0x00, 0x6B, 0x00, 0x20, 0x00, 0x64, 0x00, 0x72, 0x00, 0x69, 0x00,
    0x76, 0x00, 0x65, 0x00, 0x73, 0x00, 0x20, 0x00, 0x61, 0x00, 0x6E, 0x00, 0x64, 0x00, 0x20, 0x00,
    0x6F, 0x00, 0x74, 0x00, 0x68, 0x00, 0x65, 0x00, 0x72, 0x00, 0x20, 0x00, 0x68, 0x00, 0x61, 0x00,
    0x72, 0x00, 0x64, 0x00, 0x77, 0x00, 0x61, 0x00, 0x72, 0x00, 0x65, 0x00, 0x20, 0x00, 0x63, 0x00,
    0x6F, 0x00, 0x6E, 0x00, 0x6E, 0x00, 0x65, 0x00, 0x63, 0x00, 0x74, 0x00, 0x65, 0x00, 0x64, 0x00,
    0x20, 0x00, 0x74, 0x00, 0x6F, 0x00, 0x20, 0x00, 0x79, 0x00, 0x6F, 0x00, 0x75, 0x00, 0x72, 0x00,
    0x20, 0x00, 0x63, 0x00, 0x6F, 0x00, 0x6D, 0x00, 0x70, 0x00, 0x75, 0x00, 0x74, 0x00, 0x65, 0x00,
    0x72, 0x00, 0x2E, 0x00,
};
static const unsigned char g_res_en_013[] = {
    0x46, 0x00, 0x41, 0x00, 0x63, 0x00, 0x63, 0x00, 0x65, 0x00, 0x73, 0x00, 0x73, 0x00, 0x20, 0x00,
    0x6C, 0x00, 0x69, 0x00, 0x62, 0x00, 0x72, 0x00, 0x61, 0x00, 0x72, 0x00, 0x69, 0x00, 0x65, 0x00,
    0x73, 0x00, 0x20, 0x00, 0x61, 0x00, 0x6E, 0x00, 0x64, 0x00, 0x20, 0x00, 0x66, 0x00, 0x6F, 0x00,
    0x6C, 0x00, 0x64, 0x00, 0x65, 0x00, 0x72, 0x00, 0x73, 0x00, 0x20, 0x00, 0x73, 0x00, 0x68, 0x00,
    0x61, 0x00, 0x72, 0x00, 0x65, 0x00, 0x64, 0x00, 0x20, 0x00, 0x62, 0x00, 0x79, 0x00, 0x20, 0x00,
    0x6F, 0x00, 0x74, 0x00, 0x68, 0x00, 0x65, 0x00, 0x72, 0x00, 0x20, 0x00, 0x70, 0x00, 0x65, 0x00,
    0x6F, 0x00, 0x70, 0x00, 0x6C, 0x00, 0x65, 0x00, 0x20, 0x00, 0x69, 0x00, 0x6E, 0x00, 0x20, 0x00,
    0x79, 0x00, 0x6F, 0x00, 0x75, 0x00, 0x72, 0x00, 0x20, 0x00, 0x68, 0x00, 0x6F, 0x00, 0x6D, 0x00,
    0x65, 0x00, 0x67, 0x00, 0x72, 0x00, 0x6F, 0x00, 0x75, 0x00, 0x70, 0x00, 0x2E, 0x00, 0x40, 0x00,
    0x53, 0x00, 0x68, 0x00, 0x6F, 0x00, 0x77, 0x00, 0x20, 0x00, 0x72, 0x00, 0x65, 0x00, 0x63, 0x00,
    0x65, 0x00, 0x6E, 0x00, 0x74, 0x00, 0x6C, 0x00, 0x79, 0x00, 0x20, 0x00, 0x6F, 0x00, 0x70, 0x00,
    0x65, 0x00, 0x6E, 0x00, 0x65, 0x00, 0x64, 0x00, 0x20, 0x00, 0x69, 0x00, 0x74, 0x00, 0x65, 0x00,
    0x6D, 0x00, 0x73, 0x00, 0x20, 0x00, 0x69, 0x00, 0x6E, 0x00, 0x20, 0x00, 0x74, 0x00, 0x68, 0x00,
    0x65, 0x00, 0x20, 0x00, 0x53, 0x00, 0x74, 0x00, 0x61, 0x00, 0x72, 0x00, 0x74, 0x00, 0x20, 0x00,
    0x6D, 0x00, 0x65, 0x00, 0x6E, 0x00, 0x75, 0x00, 0x20, 0x00, 0x61, 0x00, 0x6E, 0x00, 0x64, 0x00,
    0x20, 0x00, 0x6F, 0x00, 0x6E, 0x00, 0x20, 0x00, 0x74, 0x00, 0x68, 0x00, 0x65, 0x00, 0x20, 0x00,
    0x74, 0x00, 0x61, 0x00, 0x73, 0x00, 0x6B, 0x00, 0x62, 0x00, 0x61, 0x00, 0x72, 0x00, 0x2E, 0x00,
    0x41, 0x00, 0x43, 0x00, 0x68, 0x00, 0x61, 0x00, 0x6E, 0x00, 0x67, 0x00, 0x65, 0x00, 0x20, 0x00,
    0x73, 0x00, 0x65, 0x00, 0x74, 0x00, 0x74, 0x00, 0x69, 0x00, 0x6E, 0x00, 0x67, 0x00, 0x73, 0x00,
    0x20, 0x00, 0x61, 0x00, 0x6E, 0x00, 0x64, 0x00, 0x20, 0x00, 0x63, 0x00, 0x75, 0x00, 0x73, 0x00,
    0x74, 0x00, 0x6F, 0x00, 0x6D, 0x00, 0x69, 0x00, 0x7A, 0x00, 0x65, 0x00, 0x20, 0x00, 0x74, 0x00,
    0x68, 0x00, 0x65, 0x00, 0x20, 0x00, 0x66, 0x00, 0x75, 0x00, 0x6E, 0x00, 0x63, 0x00, 0x74, 0x00,
    0x69, 0x00, 0x6F, 0x00, 0x6E, 0x00, 0x61, 0x00, 0x6C, 0x00, 0x69, 0x00, 0x74, 0x00, 0x79, 0x00,
    0x20, 0x00, 0x6F, 0x00, 0x66, 0x00, 0x20, 0x00, 0x79, 0x00, 0x6F, 0x00, 0x75, 0x00, 0x72, 0x00,
    0x20, 0x00, 0x63, 0x00, 0x6F, 0x00, 0x6D, 0x00, 0x70, 0x00, 0x75, 0x00, 0x74, 0x00, 0x65, 0x00,
    0x72, 0x00, 0x2E, 0x00, 0x49, 0x00, 0x43, 0x00, 0x68, 0x00, 0x6F, 0x00, 0x6F, 0x00, 0x73, 0x00,
    0x65, 0x00, 0x20, 0x00, 0x77, 0x00, 0x68, 0x00, 0x69, 0x00, 0x63, 0x00, 0x68, 0x00, 0x20, 0x00,
    0x69, 0x00, 0x63, 0x00, 0x6F, 0x00, 0x6E, 0x00, 0x73, 0x00, 0x20, 0x00, 0x61, 0x00, 0x6E, 0x00,
    0x64, 0x00, 0x20, 0x00, 0x6E, 0x00, 0x6F, 0x00, 0x74, 0x00, 0x69, 0x00, 0x66, 0x00, 0x69, 0x00,
    0x63, 0x00, 0x61, 0x00, 0x74, 0x00, 0x69, 0x00, 0x6F, 0x00, 0x6E, 0x00, 0x73, 0x00, 0x20, 0x00,
    0x61, 0x00, 0x70, 0x00, 0x70, 0x00, 0x65, 0x00, 0x61, 0x00, 0x72, 0x00, 0x20, 0x00, 0x69, 0x00,
    0x6E, 0x00, 0x20, 0x00, 0x74, 0x00, 0x68, 0x00, 0x65, 0x00, 0x20, 0x00, 0x63, 0x00, 0x6F, 0x00,
    0x72, 0x00, 0x6E, 0x00, 0x65, 0x00, 0x72, 0x00, 0x20, 0x00, 0x6F, 0x00, 0x66, 0x00, 0x20, 0x00,
    0x74, 0x00, 0x68, 0x00, 0x65, 0x00, 0x20, 0x00, 0x74, 0x00, 0x61, 0x00, 0x73, 0x00, 0x6B, 0x00,
    0x62, 0x00, 0x61, 0x00, 0x72, 0x00, 0x2E, 0x00, 0x00, 0x00, 0x00, 0x00, 0x00, 0x00, 0x27, 0x00,
    0x50, 0x00, 0x6C, 0x00, 0x61, 0x00, 0x79, 0x00, 0x20, 0x00, 0x61, 0x00, 0x6E, 0x00, 0x64, 0x00,
    0x20, 0x00, 0x6D, 0x00, 0x61, 0x00, 0x6E, 0x00, 0x61, 0x00, 0x67, 0x00, 0x65, 0x00, 0x20, 0x00,
    0x67, 0x00, 0x61, 0x00, 0x6D, 0x00, 0x65, 0x00, 0x73, 0x00, 0x20, 0x00, 0x6F, 0x00, 0x6E, 0x00,
    0x20, 0x00, 0x79, 0x00, 0x6F, 0x00, 0x75, 0x00, 0x72, 0x00, 0x20, 0x00, 0x63, 0x00, 0x6F, 0x00,
    0x6D, 0x00, 0x70, 0x00, 0x75, 0x00, 0x74, 0x00, 0x65, 0x00, 0x72, 0x00, 0x2E, 0x00, 0x17, 0x00,
    0x4F, 0x00, 0x70, 0x00, 0x65, 0x00, 0x6E, 0x00, 0x20, 0x00, 0x73, 0x00, 0x75, 0x00, 0x62, 0x00,
    0x6D, 0x00, 0x65, 0x00, 0x6E, 0x00, 0x75, 0x00, 0x73, 0x00, 0x20, 0x00, 0x6F, 0x00, 0x6E, 0x00,
    0x20, 0x00, 0x68, 0x00, 0x6F, 0x00, 0x76, 0x00, 0x65, 0x00, 0x72, 0x00, 0x2E, 0x00, 0x00, 0x00,
    0x00, 0x00, 0x56, 0x00, 0x43, 0x00, 0x68, 0x00, 0x6F, 0x00, 0x6F, 0x00, 0x73, 0x00, 0x65, 0x00,
    0x20, 0x00, 0x64, 0x00, 0x65, 0x00, 0x66, 0x00, 0x61, 0x00, 0x75, 0x00, 0x6C, 0x00, 0x74, 0x00,
    0x20, 0x00, 0x70, 0x00, 0x72, 0x00, 0x6F, 0x00, 0x67, 0x00, 0x72, 0x00, 0x61, 0x00, 0x6D, 0x00,
    0x73, 0x00, 0x20, 0x00, 0x66, 0x00, 0x6F, 0x00, 0x72, 0x00, 0x20, 0x00, 0x77, 0x00, 0x65, 0x00,
    0x62, 0x00, 0x20, 0x00, 0x62, 0x00, 0x72, 0x00, 0x6F, 0x00, 0x77, 0x00, 0x73, 0x00, 0x69, 0x00,
    0x6E, 0x00, 0x67, 0x00, 0x2C, 0x00, 0x20, 0x00, 0x65, 0x00, 0x2D, 0x00, 0x6D, 0x00, 0x61, 0x00,
    0x69, 0x00, 0x6C, 0x00, 0x2C, 0x00, 0x20, 0x00, 0x70, 0x00, 0x6C, 0x00, 0x61, 0x00, 0x79, 0x00,
    0x69, 0x00, 0x6E, 0x00, 0x67, 0x00, 0x20, 0x00, 0x6D, 0x00, 0x75, 0x00, 0x73, 0x00, 0x69, 0x00,
    0x63, 0x00, 0x2C, 0x00, 0x20, 0x00, 0x61, 0x00, 0x6E, 0x00, 0x64, 0x00, 0x20, 0x00, 0x6F, 0x00,
    0x74, 0x00, 0x68, 0x00, 0x65, 0x00, 0x72, 0x00, 0x20, 0x00, 0x61, 0x00, 0x63, 0x00, 0x74, 0x00,
    0x69, 0x00, 0x76, 0x00, 0x69, 0x00, 0x74, 0x00, 0x69, 0x00, 0x65, 0x00, 0x73, 0x00, 0x2E, 0x00,
    0x1A, 0x00, 0x4F, 0x00, 0x70, 0x00, 0x65, 0x00, 0x6E, 0x00, 0x20, 0x00, 0x79, 0x00, 0x6F, 0x00,
    0x75, 0x00, 0x72, 0x00, 0x20, 0x00, 0x70, 0x00, 0x65, 0x00, 0x72, 0x00, 0x73, 0x00, 0x6F, 0x00,
    0x6E, 0x00, 0x61, 0x00, 0x6C, 0x00, 0x20, 0x00, 0x66, 0x00, 0x6F, 0x00, 0x6C, 0x00, 0x64, 0x00,
    0x65, 0x00, 0x72, 0x00, 0x2E, 0x00, 0x5A, 0x00, 0x53, 0x00, 0x65, 0x00, 0x65, 0x00, 0x20, 0x00,
    0x74, 0x00, 0x68, 0x00, 0x65, 0x00, 0x20, 0x00, 0x61, 0x00, 0x76, 0x00, 0x61, 0x00, 0x69, 0x00,
    0x6C, 0x00, 0x61, 0x00, 0x62, 0x00, 0x6C, 0x00, 0x65, 0x00, 0x20, 0x00, 0x77, 0x00, 0x69, 0x00,
    0x72, 0x00, 0x65, 0x00, 0x6C, 0x00, 0x65, 0x00, 0x73, 0x00, 0x73, 0x00, 0x20, 0x00, 0x6E, 0x00,
    0x65, 0x00, 0x74, 0x00, 0x77, 0x00, 0x6F, 0x00, 0x72, 0x00, 0x6B, 0x00, 0x73, 0x00, 0x2C, 0x00,
    0x20, 0x00, 0x64, 0x00, 0x69, 0x00, 0x61, 0x00, 0x6C, 0x00, 0x2D, 0x00, 0x75, 0x00, 0x70, 0x00,
    0x2C, 0x00, 0x20, 0x00, 0x61, 0x00, 0x6E, 0x00, 0x64, 0x00, 0x20, 0x00, 0x56, 0x00, 0x50, 0x00,
    0x4E, 0x00, 0x20, 0x00, 0x63, 0x00, 0x6F, 0x00, 0x6E, 0x00, 0x6E, 0x00, 0x65, 0x00, 0x63, 0x00,
    0x74, 0x00, 0x69, 0x00, 0x6F, 0x00, 0x6E, 0x00, 0x73, 0x00, 0x20, 0x00, 0x74, 0x00, 0x68, 0x00,
    0x61, 0x00, 0x74, 0x00, 0x20, 0x00, 0x79, 0x00, 0x6F, 0x00, 0x75, 0x00, 0x20, 0x00, 0x63, 0x00,
    0x61, 0x00, 0x6E, 0x00, 0x20, 0x00, 0x63, 0x00, 0x6F, 0x00, 0x6E, 0x00, 0x6E, 0x00, 0x65, 0x00,
    0x63, 0x00, 0x74, 0x00, 0x20, 0x00, 0x74, 0x00, 0x6F, 0x00, 0x2E, 0x00, 0x28, 0x00, 0x53, 0x00,
    0x65, 0x00, 0x65, 0x00, 0x20, 0x00, 0x69, 0x00, 0x6E, 0x00, 0x73, 0x00, 0x74, 0x00, 0x61, 0x00,
    0x6C, 0x00, 0x6C, 0x00, 0x65, 0x00, 0x64, 0x00, 0x20, 0x00, 0x70, 0x00, 0x72, 0x00, 0x69, 0x00,
    0x6E, 0x00, 0x74, 0x00, 0x65, 0x00, 0x72, 0x00, 0x73, 0x00, 0x20, 0x00, 0x61, 0x00, 0x6E, 0x00,
    0x64, 0x00, 0x20, 0x00, 0x61, 0x00, 0x64, 0x00, 0x64, 0x00, 0x20, 0x00, 0x6E, 0x00, 0x65, 0x00,
    0x77, 0x00, 0x20, 0x00, 0x6F, 0x00, 0x6E, 0x00, 0x65, 0x00, 0x73, 0x00, 0x2E, 0x00, 0x06, 0x00,
    0x50, 0x00, 0x69, 0x00, 0x6E, 0x00, 0x6E, 0x00, 0x65, 0x00, 0x64, 0x00,
};
static const unsigned char g_res_en_014[] = {
    0x18, 0x00, 0x46, 0x00, 0x72, 0x00, 0x65, 0x00, 0x71, 0x00, 0x75, 0x00, 0x65, 0x00, 0x6E, 0x00,
    0x74, 0x00, 0x6C, 0x00, 0x79, 0x00, 0x20, 0x00, 0x75, 0x00, 0x73, 0x00, 0x65, 0x00, 0x64, 0x00,
    0x20, 0x00, 0x70, 0x00, 0x72, 0x00, 0x6F, 0x00, 0x67, 0x00, 0x72, 0x00, 0x61, 0x00, 0x6D, 0x00,
    0x73, 0x00, 0x5D, 0x00, 0x55, 0x00, 0x73, 0x00, 0x65, 0x00, 0x20, 0x00, 0x74, 0x00, 0x61, 0x00,
    0x62, 0x00, 0x20, 0x00, 0x74, 0x00, 0x6F, 0x00, 0x20, 0x00, 0x6D, 0x00, 0x6F, 0x00, 0x76, 0x00,
    0x65, 0x00, 0x20, 0x00, 0x62, 0x00, 0x65, 0x00, 0x74, 0x00, 0x77, 0x00, 0x65, 0x00, 0x65, 0x00,
    0x6E, 0x00, 0x20, 0x00, 0x73, 0x00, 0x65, 0x00, 0x63, 0x00, 0x74, 0x00, 0x69, 0x00, 0x6F, 0x00,
    0x6E, 0x00, 0x73, 0x00, 0x2C, 0x00, 0x20, 0x00, 0x69, 0x00, 0x6E, 0x00, 0x63, 0x00, 0x6C, 0x00,
    0x75, 0x00, 0x64, 0x00, 0x69, 0x00, 0x6E, 0x00, 0x67, 0x00, 0x20, 0x00, 0x74, 0x00, 0x68, 0x00,
    0x65, 0x00, 0x20, 0x00, 0x66, 0x00, 0x69, 0x00, 0x72, 0x00, 0x73, 0x00, 0x74, 0x00, 0x20, 0x00,
    0x61, 0x00, 0x6E, 0x00, 0x64, 0x00, 0x20, 0x00, 0x73, 0x00, 0x65, 0x00, 0x63, 0x00, 0x6F, 0x00,
    0x6E, 0x00, 0x64, 0x00, 0x20, 0x00, 0x70, 0x00, 0x61, 0x00, 0x6E, 0x00, 0x65, 0x00, 0x73, 0x00,
    0x20, 0x00, 0x61, 0x00, 0x6E, 0x00, 0x64, 0x00, 0x20, 0x00, 0x74, 0x00, 0x68, 0x00, 0x65, 0x00,
    0x20, 0x00, 0x70, 0x00, 0x6F, 0x00, 0x77, 0x00, 0x65, 0x00, 0x72, 0x00, 0x20, 0x00, 0x62, 0x00,
    0x75, 0x00, 0x74, 0x00, 0x74, 0x00, 0x6F, 0x00, 0x6E, 0x00, 0x73, 0x00, 0x2E, 0x00, 0x06, 0x00,
    0x50, 0x00, 0x69, 0x00, 0x6E, 0x00, 0x20, 0x00, 0x25, 0x00, 0x73, 0x00, 0x08, 0x00, 0x55, 0x00,
    0x6E, 0x00, 0x70, 0x00, 0x69, 0x00, 0x6E, 0x00, 0x20, 0x00, 0x25, 0x00, 0x73, 0x00, 0x57, 0x00,
    0x4C, 0x00, 0x61, 0x00, 0x75, 0x00, 0x6E, 0x00, 0x63, 0x00, 0x68, 0x00, 0x20, 0x00, 0x57, 0x00,
    0x69, 0x00, 0x6E, 0x00, 0x64, 0x00, 0x6F, 0x00, 0x77, 0x00, 0x73, 0x00, 0x20, 0x00, 0x53, 0x00,
    0x65, 0x00, 0x63, 0x00, 0x75, 0x00, 0x72, 0x00, 0x69, 0x00, 0x74, 0x00, 0x79, 0x00, 0x20, 0x00,
    0x4F, 0x00, 0x70, 0x00, 0x74, 0x00, 0x69, 0x00, 0x6F, 0x00, 0x6E, 0x00, 0x73, 0x00, 0x20, 0x00,
    0x74, 0x00, 0x6F, 0x00, 0x20, 0x00, 0x43, 0x00, 0x68, 0x00, 0x61, 0x00, 0x6E, 0x00, 0x67, 0x00,
    0x65, 0x00, 0x20, 0x00, 0x50, 0x00, 0x61, 0x00, 0x73, 0x00, 0x73, 0x00, 0x77, 0x00, 0x6F, 0x00,
    0x72, 0x00, 0x64, 0x00, 0x2C, 0x00, 0x20, 0x00, 0x53, 0x00, 0x77, 0x00, 0x69, 0x00, 0x74, 0x00,
    0x63, 0x00, 0x68, 0x00, 0x20, 0x00, 0x55, 0x00, 0x73, 0x00, 0x65, 0x00, 0x72, 0x00, 0x2C, 0x00,
    0x20, 0x00, 0x6F, 0x00, 0x72, 0x00, 0x20, 0x00, 0x53, 0x00, 0x74, 0x00, 0x61, 0x00, 0x72, 0x00,
    0x74, 0x00, 0x20, 0x00, 0x54, 0x00, 0x61, 0x00, 0x73, 0x00, 0x6B, 0x00, 0x20, 0x00, 0x4D, 0x00,
    0x61, 0x00, 0x6E, 0x00, 0x61, 0x00, 0x67, 0x00, 0x65, 0x00, 0x72, 0x00, 0x2E, 0x00, 0x06, 0x00,
    0x50, 0x00, 0x69, 0x00, 0x6E, 0x00, 0x6E, 0x00, 0x65, 0x00, 0x64, 0x00, 0x06, 0x00, 0x52, 0x00,
    0x65, 0x00, 0x63, 0x00, 0x65, 0x00, 0x6E, 0x00, 0x74, 0x00, 0x08, 0x00, 0x46, 0x00, 0x72, 0x00,
    0x65, 0x00, 0x71, 0x00, 0x75, 0x00, 0x65, 0x00, 0x6E, 0x00, 0x74, 0x00, 0x05, 0x00, 0x54, 0x00,
    0x61, 0x00, 0x73, 0x00, 0x6B, 0x00, 0x73, 0x00, 0x15, 0x00, 0x26, 0x00, 0x55, 0x00, 0x6E, 0x00,
    0x70, 0x00, 0x69, 0x00, 0x6E, 0x00, 0x20, 0x00, 0x66, 0x00, 0x72, 0x00, 0x6F, 0x00, 0x6D, 0x00,
    0x20, 0x00, 0x74, 0x00, 0x68, 0x00, 0x69, 0x00, 0x73, 0x00, 0x20, 0x00, 0x6C, 0x00, 0x69, 0x00,
    0x73, 0x00, 0x74, 0x00, 0x11, 0x00, 0x50, 0x00, 0x26, 0x00, 0x69, 0x00, 0x6E, 0x00, 0x20, 0x00,
    0x74, 0x00, 0x6F, 0x00, 0x20, 0x00, 0x74, 0x00, 0x68, 0x00, 0x69, 0x00, 0x73, 0x00, 0x20, 0x00,
    0x6C, 0x00, 0x69, 0x00, 0x73, 0x00, 0x74, 0x00, 0x15, 0x00, 0x55, 0x00, 0x6E, 0x00, 0x70, 0x00,
    0x69, 0x00, 0x6E, 0x00, 0x20, 0x00, 0x66, 0x00, 0x72, 0x00, 0x6F, 0x00, 0x6D, 0x00, 0x20, 0x00,
    0x53, 0x00, 0x74, 0x00, 0x61, 0x00, 0x72, 0x00, 0x74, 0x00, 0x20, 0x00, 0x6D, 0x00, 0x65, 0x00,
    0x6E, 0x00, 0x75, 0x00, 0x11, 0x00, 0x50, 0x00, 0x69, 0x00, 0x6E, 0x00, 0x20, 0x00, 0x74, 0x00,
    0x6F, 0x00, 0x20, 0x00, 0x53, 0x00, 0x74, 0x00, 0x61, 0x00, 0x72, 0x00, 0x74, 0x00, 0x20, 0x00,
    0x6D, 0x00, 0x65, 0x00, 0x6E, 0x00, 0x75, 0x00, 0x23, 0x00, 0x53, 0x00, 0x68, 0x00, 0x6F, 0x00,
    0x77, 0x00, 0x20, 0x00, 0x72, 0x00, 0x65, 0x00, 0x63, 0x00, 0x65, 0x00, 0x6E, 0x00, 0x74, 0x00,
    0x20, 0x00, 0x6F, 0x00, 0x72, 0x00, 0x20, 0x00, 0x72, 0x00, 0x65, 0x00, 0x6C, 0x00, 0x61, 0x00,
    0x74, 0x00, 0x65, 0x00, 0x64, 0x00, 0x20, 0x00, 0x69, 0x00, 0x74, 0x00, 0x65, 0x00, 0x6D, 0x00,
    0x73, 0x00, 0x20, 0x00, 0x66, 0x00, 0x6F, 0x00, 0x72, 0x00, 0x20, 0x00, 0x25, 0x00, 0x73, 0x00,
    0x1D, 0x00, 0x53, 0x00, 0x68, 0x00, 0x6F, 0x00, 0x77, 0x00, 0x20, 0x00, 0x72, 0x00, 0x65, 0x00,
    0x63, 0x00, 0x65, 0x00, 0x6E, 0x00, 0x74, 0x00, 0x20, 0x00, 0x6F, 0x00, 0x72, 0x00, 0x20, 0x00,
    0x72, 0x00, 0x65, 0x00, 0x6C, 0x00, 0x61, 0x00, 0x74, 0x00, 0x65, 0x00, 0x64, 0x00, 0x20, 0x00,
    0x69, 0x00, 0x74, 0x00, 0x65, 0x00, 0x6D, 0x00, 0x73, 0x00, 0x2E, 0x00, 0x23, 0x00, 0x48, 0x00,
    0x69, 0x00, 0x64, 0x00, 0x65, 0x00, 0x20, 0x00, 0x72, 0x00, 0x65, 0x00, 0x63, 0x00, 0x65, 0x00,
    0x6E, 0x00, 0x74, 0x00, 0x20, 0x00, 0x6F, 0x00, 0x72, 0x00, 0x20, 0x00, 0x72, 0x00, 0x65, 0x00,
    0x6C, 0x00, 0x61, 0x00, 0x74, 0x00, 0x65, 0x00, 0x64, 0x00, 0x20, 0x00, 0x69, 0x00, 0x74, 0x00,
    0x65, 0x00, 0x6D, 0x00, 0x73, 0x00, 0x20, 0x00, 0x66, 0x00, 0x6F, 0x00, 0x72, 0x00, 0x20, 0x00,
    0x25, 0x00, 0x73, 0x00,
};
static const unsigned char g_res_en_015[] = {
    0x1D, 0x00, 0x48, 0x00, 0x69, 0x00, 0x64, 0x00, 0x65, 0x00, 0x20, 0x00, 0x72, 0x00, 0x65, 0x00,
    0x63, 0x00, 0x65, 0x00, 0x6E, 0x00, 0x74, 0x00, 0x20, 0x00, 0x6F, 0x00, 0x72, 0x00, 0x20, 0x00,
    0x72, 0x00, 0x65, 0x00, 0x6C, 0x00, 0x61, 0x00, 0x74, 0x00, 0x65, 0x00, 0x64, 0x00, 0x20, 0x00,
    0x69, 0x00, 0x74, 0x00, 0x65, 0x00, 0x6D, 0x00, 0x73, 0x00, 0x2E, 0x00, 0x1B, 0x00, 0x50, 0x00,
    0x69, 0x00, 0x6E, 0x00, 0x20, 0x00, 0x74, 0x00, 0x68, 0x00, 0x69, 0x00, 0x73, 0x00, 0x20, 0x00,
    0x70, 0x00, 0x72, 0x00, 0x6F, 0x00, 0x67, 0x00, 0x72, 0x00, 0x61, 0x00, 0x6D, 0x00, 0x20, 0x00,
    0x74, 0x00, 0x6F, 0x00, 0x20, 0x00, 0x74, 0x00, 0x61, 0x00, 0x73, 0x00, 0x6B, 0x00, 0x62, 0x00,
    0x61, 0x00, 0x72, 0x00, 0x1F, 0x00, 0x55, 0x00, 0x6E, 0x00, 0x70, 0x00, 0x69, 0x00, 0x6E, 0x00,
    0x20, 0x00, 0x74, 0x00, 0x68, 0x00, 0x69, 0x00, 0x73, 0x00, 0x20, 0x00, 0x70, 0x00, 0x72, 0x00,
    0x6F, 0x00, 0x67, 0x00, 0x72, 0x00, 0x61, 0x00, 0x6D, 0x00, 0x20, 0x00, 0x66, 0x00, 0x72, 0x00,
    0x6F, 0x00, 0x6D, 0x00, 0x20, 0x00, 0x74, 0x00, 0x61, 0x00, 0x73, 0x00, 0x6B, 0x00, 0x62, 0x00,
    0x61, 0x00, 0x72, 0x00, 0x11, 0x00, 0x4C, 0x00, 0x6F, 0x00, 0x63, 0x00, 0x61, 0x00, 0x74, 0x00,
    0x69, 0x00, 0x6F, 0x00, 0x6E, 0x00, 0x3A, 0x00, 0x20, 0x00, 0x25, 0x00, 0x73, 0x00, 0x20, 0x00,
    0x28, 0x00, 0x25, 0x00, 0x73, 0x00, 0x29, 0x00, 0x04, 0x00, 0x4F, 0x00, 0x70, 0x00, 0x65, 0x00,
    0x6E, 0x00, 0x90, 0x00, 0x55, 0x00, 0x73, 0x00, 0x65, 0x00, 0x20, 0x00, 0x74, 0x00, 0x61, 0x00,
    0x62, 0x00, 0x20, 0x00, 0x74, 0x00, 0x6F, 0x00, 0x20, 0x00, 0x6D, 0x00, 0x6F, 0x00, 0x76, 0x00,
    0x65, 0x00, 0x20, 0x00, 0x62, 0x00, 0x65, 0x00, 0x74, 0x00, 0x77, 0x00, 0x65, 0x00, 0x65, 0x00,
    0x6E, 0x00, 0x20, 0x00, 0x73, 0x00, 0x65, 0x00, 0x63, 0x00, 0x74, 0x00, 0x69, 0x00, 0x6F, 0x00,
    0x6E, 0x00, 0x73, 0x00, 0x2C, 0x00, 0x20, 0x00, 0x69, 0x00, 0x6E, 0x00, 0x63, 0x00, 0x6C, 0x00,
    0x75, 0x00, 0x64, 0x00, 0x69, 0x00, 0x6E, 0x00, 0x67, 0x00, 0x20, 0x00, 0x74, 0x00, 0x68, 0x00,
    0x65, 0x00, 0x20, 0x00, 0x66, 0x00, 0x69, 0x00, 0x72, 0x00, 0x73, 0x00, 0x74, 0x00, 0x20, 0x00,
    0x61, 0x00, 0x6E, 0x00, 0x64, 0x00, 0x20, 0x00, 0x73, 0x00, 0x65, 0x00, 0x63, 0x00, 0x6F, 0x00,
    0x6E, 0x00, 0x64, 0x00, 0x20, 0x00, 0x70, 0x00, 0x61, 0x00, 0x6E, 0x00, 0x65, 0x00, 0x73, 0x00,
    0x20, 0x00, 0x61, 0x00, 0x6E, 0x00, 0x64, 0x00, 0x20, 0x00, 0x74, 0x00, 0x68, 0x00, 0x65, 0x00,
    0x20, 0x00, 0x70, 0x00, 0x6F, 0x00, 0x77, 0x00, 0x65, 0x00, 0x72, 0x00, 0x20, 0x00, 0x62, 0x00,
    0x75, 0x00, 0x74, 0x00, 0x74, 0x00, 0x6F, 0x00, 0x6E, 0x00, 0x73, 0x00, 0x2E, 0x00, 0x20, 0x00,
    0x55, 0x00, 0x73, 0x00, 0x65, 0x00, 0x20, 0x00, 0x75, 0x00, 0x70, 0x00, 0x20, 0x00, 0x61, 0x00,
    0x6E, 0x00, 0x64, 0x00, 0x20, 0x00, 0x64, 0x00, 0x6F, 0x00, 0x77, 0x00, 0x6E, 0x00, 0x20, 0x00,
    0x61, 0x00, 0x72, 0x00, 0x72, 0x00, 0x6F, 0x00, 0x77, 0x00, 0x73, 0x00, 0x20, 0x00, 0x74, 0x00,
    0x6F, 0x00, 0x20, 0x00, 0x6D, 0x00, 0x6F, 0x00, 0x76, 0x00, 0x65, 0x00, 0x20, 0x00, 0x62, 0x00,
    0x65, 0x00, 0x74, 0x00, 0x77, 0x00, 0x65, 0x00, 0x65, 0x00, 0x6E, 0x00, 0x20, 0x00, 0x6C, 0x00,
    0x69, 0x00, 0x73, 0x00, 0x74, 0x00, 0x20, 0x00, 0x69, 0x00, 0x74, 0x00, 0x65, 0x00, 0x6D, 0x00,
    0x73, 0x00, 0x2E, 0x00, 0x0E, 0x00, 0x57, 0x00, 0x69, 0x00, 0x6E, 0x00, 0x64, 0x00, 0x6F, 0x00,
    0x77, 0x00, 0x73, 0x00, 0x20, 0x00, 0x50, 0x00, 0x6C, 0x00, 0x61, 0x00, 0x63, 0x00, 0x65, 0x00,
    0x73, 0x00, 0x10, 0x00, 0x4A, 0x00, 0x75, 0x00, 0x6D, 0x00, 0x70, 0x00, 0x20, 0x00, 0x4C, 0x00,
    0x69, 0x00, 0x73, 0x00, 0x74, 0x00, 0x20, 0x00, 0x66, 0x00, 0x6F, 0x00, 0x72, 0x00, 0x20, 0x00,
    0x25, 0x00, 0x73, 0x00, 0x07, 0x00, 0x4F, 0x00, 0x70, 0x00, 0x65, 0x00, 0x6E, 0x00, 0x20, 0x00,
    0x25, 0x00, 0x73, 0x00, 0x00, 0x00, 0x00, 0x00, 0x00, 0x00, 0x37, 0x00, 0x46, 0x00, 0x69, 0x00,
    0x6E, 0x00, 0x64, 0x00, 0x20, 0x00, 0x49, 0x00, 0x6E, 0x00, 0x74, 0x00, 0x65, 0x00, 0x72, 0x00,
    0x6E, 0x00, 0x65, 0x00, 0x74, 0x00, 0x20, 0x00, 0x64, 0x00, 0x6F, 0x00, 0x77, 0x00, 0x6E, 0x00,
    0x6C, 0x00, 0x6F, 0x00, 0x61, 0x00, 0x64, 0x00, 0x73, 0x00, 0x20, 0x00, 0x61, 0x00, 0x6E, 0x00,
    0x64, 0x00, 0x20, 0x00, 0x6C, 0x00, 0x69, 0x00, 0x6E, 0x00, 0x6B, 0x00, 0x73, 0x00, 0x20, 0x00,
    0x74, 0x00, 0x6F, 0x00, 0x20, 0x00, 0x66, 0x00, 0x61, 0x00, 0x76, 0x00, 0x6F, 0x00, 0x72, 0x00,
    0x69, 0x00, 0x74, 0x00, 0x65, 0x00, 0x20, 0x00, 0x77, 0x00, 0x65, 0x00, 0x62, 0x00, 0x73, 0x00,
    0x69, 0x00, 0x74, 0x00, 0x65, 0x00, 0x73, 0x00, 0x2E, 0x00, 0x2C, 0x00, 0x57, 0x00, 0x61, 0x00,
    0x74, 0x00, 0x63, 0x00, 0x68, 0x00, 0x20, 0x00, 0x54, 0x00, 0x56, 0x00, 0x20, 0x00, 0x70, 0x00,
    0x72, 0x00, 0x6F, 0x00, 0x67, 0x00, 0x72, 0x00, 0x61, 0x00, 0x6D, 0x00, 0x73, 0x00, 0x20, 0x00,
    0x72, 0x00, 0x65, 0x00, 0x63, 0x00, 0x6F, 0x00, 0x72, 0x00, 0x64, 0x00, 0x65, 0x00, 0x64, 0x00,
    0x20, 0x00, 0x6F, 0x00, 0x6E, 0x00, 0x20, 0x00, 0x79, 0x00, 0x6F, 0x00, 0x75, 0x00, 0x72, 0x00,
    0x20, 0x00, 0x63, 0x00, 0x6F, 0x00, 0x6D, 0x00, 0x70, 0x00, 0x75, 0x00, 0x74, 0x00, 0x65, 0x00,
    0x72, 0x00, 0x2E, 0x00, 0x2B, 0x00, 0x57, 0x00, 0x61, 0x00, 0x74, 0x00, 0x63, 0x00, 0x68, 0x00,
    0x20, 0x00, 0x68, 0x00, 0x6F, 0x00, 0x6D, 0x00, 0x65, 0x00, 0x20, 0x00, 0x6D, 0x00, 0x6F, 0x00,
    0x76, 0x00, 0x69, 0x00, 0x65, 0x00, 0x73, 0x00, 0x20, 0x00, 0x61, 0x00, 0x6E, 0x00, 0x64, 0x00,
    0x20, 0x00, 0x6F, 0x00, 0x74, 0x00, 0x68, 0x00, 0x65, 0x00, 0x72, 0x00, 0x20, 0x00, 0x64, 0x00,
    0x69, 0x00, 0x67, 0x00, 0x69, 0x00, 0x74, 0x00, 0x61, 0x00, 0x6C, 0x00, 0x20, 0x00, 0x76, 0x00,
    0x69, 0x00, 0x64, 0x00, 0x65, 0x00, 0x6F, 0x00, 0x73, 0x00, 0x2E, 0x00, 0x0C, 0x00, 0x43, 0x00,
    0x6C, 0x00, 0x6F, 0x00, 0x73, 0x00, 0x65, 0x00, 0x20, 0x00, 0x77, 0x00, 0x69, 0x00, 0x6E, 0x00,
    0x64, 0x00, 0x6F, 0x00, 0x77, 0x00,
};
static const unsigned char g_res_en_016[] = {
    0x11, 0x00, 0x43, 0x00, 0x6C, 0x00, 0x6F, 0x00, 0x73, 0x00, 0x65, 0x00, 0x20, 0x00, 0x61, 0x00,
    0x6C, 0x00, 0x6C, 0x00, 0x20, 0x00, 0x77, 0x00, 0x69, 0x00, 0x6E, 0x00, 0x64, 0x00, 0x6F, 0x00,
    0x77, 0x00, 0x73, 0x00, 0x0B, 0x00, 0x52, 0x00, 0x65, 0x00, 0x73, 0x00, 0x74, 0x00, 0x61, 0x00,
    0x72, 0x00, 0x74, 0x00, 0x20, 0x00, 0x6E, 0x00, 0x6F, 0x00, 0x77, 0x00, 0x00, 0x00, 0x00, 0x00,
    0x00, 0x00, 0x00, 0x00, 0x00, 0x00, 0x00, 0x00, 0x00, 0x00, 0x00, 0x00, 0x00, 0x00, 0x00, 0x00,
    0x00, 0x00, 0x00, 0x00, 0x00, 0x00, 0x00, 0x00,
};
static const unsigned char g_res_en_017[] = {
    0x00, 0x00, 0x00, 0x00, 0x00, 0x00, 0x00, 0x00, 0x00, 0x00, 0x00, 0x00, 0x00, 0x00, 0x00, 0x00,
    0x00, 0x00, 0x00, 0x00, 0x00, 0x00, 0x00, 0x00, 0x00, 0x00, 0x0A, 0x00, 0x53, 0x00, 0x74, 0x00,
    0x61, 0x00, 0x72, 0x00, 0x74, 0x00, 0x20, 0x00, 0x6D, 0x00, 0x65, 0x00, 0x6E, 0x00, 0x75, 0x00,
    0x09, 0x00, 0x50, 0x00, 0x69, 0x00, 0x6E, 0x00, 0x20, 0x00, 0x74, 0x00, 0x6F, 0x00, 0x20, 0x00,
    0x25, 0x00, 0x31, 0x00, 0x09, 0x00, 0x4A, 0x00, 0x75, 0x00, 0x6D, 0x00, 0x70, 0x00, 0x20, 0x00,
    0x4C, 0x00, 0x69, 0x00, 0x73, 0x00, 0x74, 0x00,
};
static const unsigned char g_res_en_018[] = {
    0x09, 0x00, 0x42, 0x00, 0x65, 0x00, 0x68, 0x00, 0x61, 0x00, 0x76, 0x00, 0x69, 0x00, 0x6F, 0x00,
    0x72, 0x00, 0x73, 0x00, 0x00, 0x00, 0x00, 0x00, 0x00, 0x00, 0x00, 0x00, 0x07, 0x00, 0x54, 0x00,
    0x61, 0x00, 0x73, 0x00, 0x6B, 0x00, 0x62, 0x00, 0x61, 0x00, 0x72, 0x00, 0x07, 0x00, 0x41, 0x00,
    0x63, 0x00, 0x74, 0x00, 0x69, 0x00, 0x6F, 0x00, 0x6E, 0x00, 0x73, 0x00, 0x00, 0x00, 0x00, 0x00,
    0x00, 0x00, 0x00, 0x00, 0x00, 0x00, 0x00, 0x00, 0x00, 0x00, 0x00, 0x00, 0x00, 0x00,
};
static const unsigned char g_res_en_019[] = {
    0x00, 0x00, 0x38, 0x00, 0x55, 0x00, 0x6E, 0x00, 0x61, 0x00, 0x62, 0x00, 0x6C, 0x00, 0x65, 0x00,
    0x20, 0x00, 0x74, 0x00, 0x6F, 0x00, 0x20, 0x00, 0x72, 0x00, 0x75, 0x00, 0x6E, 0x00, 0x20, 0x00,
    0x63, 0x00, 0x6F, 0x00, 0x6D, 0x00, 0x6D, 0x00, 0x61, 0x00, 0x6E, 0x00, 0x64, 0x00, 0x2E, 0x00,
    0x0A, 0x00, 0x54, 0x00, 0x68, 0x00, 0x65, 0x00, 0x20, 0x00, 0x66, 0x00, 0x6F, 0x00, 0x6C, 0x00,
    0x64, 0x00, 0x65, 0x00, 0x72, 0x00, 0x20, 0x00, 0x27, 0x00, 0x25, 0x00, 0x31, 0x00, 0x27, 0x00,
    0x20, 0x00, 0x68, 0x00, 0x61, 0x00, 0x73, 0x00, 0x20, 0x00, 0x62, 0x00, 0x65, 0x00, 0x65, 0x00,
    0x6E, 0x00, 0x20, 0x00, 0x72, 0x00, 0x65, 0x00, 0x6D, 0x00, 0x6F, 0x00, 0x76, 0x00, 0x65, 0x00,
    0x64, 0x00, 0x2E, 0x00, 0x1B, 0x00, 0x54, 0x00, 0x68, 0x00, 0x65, 0x00, 0x72, 0x00, 0x65, 0x00,
    0x20, 0x00, 0x61, 0x00, 0x72, 0x00, 0x65, 0x00, 0x20, 0x00, 0x25, 0x00, 0x31, 0x00, 0x20, 0x00,
    0x75, 0x00, 0x70, 0x00, 0x64, 0x00, 0x61, 0x00, 0x74, 0x00, 0x65, 0x00, 0x73, 0x00, 0x20, 0x00,
    0x72, 0x00, 0x65, 0x00, 0x61, 0x00, 0x64, 0x00, 0x79, 0x00, 0x2E, 0x00, 0x00, 0x00, 0x05, 0x00,
    0x53, 0x00, 0x74, 0x00, 0x61, 0x00, 0x72, 0x00, 0x74, 0x00, 0x08, 0x00, 0x26, 0x00, 0x55, 0x00,
    0x6E, 0x00, 0x64, 0x00, 0x6F, 0x00, 0x20, 0x00, 0x25, 0x00, 0x73, 0x00, 0x07, 0x00, 0x43, 0x00,
    0x61, 0x00, 0x73, 0x00, 0x63, 0x00, 0x61, 0x00, 0x64, 0x00, 0x65, 0x00, 0x11, 0x00, 0x53, 0x00,
    0x68, 0x00, 0x6F, 0x00, 0x77, 0x00, 0x20, 0x00, 0x73, 0x00, 0x69, 0x00, 0x64, 0x00, 0x65, 0x00,
    0x20, 0x00, 0x62, 0x00, 0x79, 0x00, 0x20, 0x00, 0x73, 0x00, 0x69, 0x00, 0x64, 0x00, 0x65, 0x00,
    0x0C, 0x00, 0x4D, 0x00, 0x69, 0x00, 0x6E, 0x00, 0x69, 0x00, 0x6D, 0x00, 0x69, 0x00, 0x7A, 0x00,
    0x65, 0x00, 0x20, 0x00, 0x61, 0x00, 0x6C, 0x00, 0x6C, 0x00, 0x0C, 0x00, 0x53, 0x00, 0x68, 0x00,
    0x6F, 0x00, 0x77, 0x00, 0x20, 0x00, 0x73, 0x00, 0x74, 0x00, 0x61, 0x00, 0x63, 0x00, 0x6B, 0x00,
    0x65, 0x00, 0x64, 0x00, 0x0F, 0x00, 0x4F, 0x00, 0x70, 0x00, 0x65, 0x00, 0x6E, 0x00, 0x20, 0x00,
    0x74, 0x00, 0x68, 0x00, 0x65, 0x00, 0x20, 0x00, 0x66, 0x00, 0x6F, 0x00, 0x6C, 0x00, 0x64, 0x00,
    0x65, 0x00, 0x72, 0x00, 0x00, 0x00, 0x00, 0x00, 0x04, 0x00, 0x48, 0x00, 0x69, 0x00, 0x64, 0x00,
    0x65, 0x00, 0x11, 0x00, 0x53, 0x00, 0x68, 0x00, 0x6F, 0x00, 0x77, 0x00, 0x20, 0x00, 0x68, 0x00,
    0x69, 0x00, 0x64, 0x00, 0x64, 0x00, 0x65, 0x00, 0x6E, 0x00, 0x20, 0x00, 0x69, 0x00, 0x63, 0x00,
    0x6F, 0x00, 0x6E, 0x00, 0x73, 0x00, 0x14, 0x00, 0x54, 0x00, 0x75, 0x00, 0x72, 0x00, 0x6E, 0x00,
    0x20, 0x00, 0x69, 0x00, 0x63, 0x00, 0x6F, 0x00, 0x6E, 0x00, 0x73, 0x00, 0x20, 0x00, 0x6F, 0x00,
    0x6E, 0x00, 0x20, 0x00, 0x6F, 0x00, 0x72, 0x00, 0x20, 0x00, 0x6F, 0x00, 0x66, 0x00, 0x66, 0x00,
};
static const unsigned char g_res_en_020[] = {
    0x00, 0x00, 0x00, 0x00, 0x00, 0x00, 0x0C, 0x00, 0x52, 0x00, 0x65, 0x00, 0x73, 0x00, 0x74, 0x00,
    0x72, 0x00, 0x69, 0x00, 0x63, 0x00, 0x74, 0x00, 0x69, 0x00, 0x6F, 0x00, 0x6E, 0x00, 0x73, 0x00,
    0x7B, 0x00, 0x54, 0x00, 0x68, 0x00, 0x69, 0x00, 0x73, 0x00, 0x20, 0x00, 0x6F, 0x00, 0x70, 0x00,
    0x65, 0x00, 0x72, 0x00, 0x61, 0x00, 0x74, 0x00, 0x69, 0x00, 0x6F, 0x00, 0x6E, 0x00, 0x20, 0x00,
    0x68, 0x00, 0x61, 0x00, 0x73, 0x00, 0x20, 0x00, 0x62, 0x00, 0x65, 0x00, 0x65, 0x00, 0x6E, 0x00,
    0x20, 0x00, 0x63, 0x00, 0x61, 0x00, 0x6E, 0x00, 0x63, 0x00, 0x65, 0x00, 0x6C, 0x00, 0x6C, 0x00,
    0x65, 0x00, 0x64, 0x00, 0x20, 0x00, 0x64, 0x00, 0x75, 0x00, 0x65, 0x00, 0x20, 0x00, 0x74, 0x00,
    0x6F, 0x00, 0x20, 0x00, 0x72, 0x00, 0x65, 0x00, 0x73, 0x00, 0x74, 0x00, 0x72, 0x00, 0x69, 0x00,
    0x63, 0x00, 0x74, 0x00, 0x69, 0x00, 0x6F, 0x00, 0x6E, 0x00, 0x73, 0x00, 0x20, 0x00, 0x69, 0x00,
    0x6E, 0x00, 0x20, 0x00, 0x65, 0x00, 0x66, 0x00, 0x66, 0x00, 0x65, 0x00, 0x63, 0x00, 0x74, 0x00,
    0x20, 0x00, 0x6F, 0x00, 0x6E, 0x00, 0x20, 0x00, 0x74, 0x00, 0x68, 0x00, 0x69, 0x00, 0x73, 0x00,
    0x20, 0x00, 0x63, 0x00, 0x6F, 0x00, 0x6D, 0x00, 0x70, 0x00, 0x75, 0x00, 0x74, 0x00, 0x65, 0x00,
    0x72, 0x00, 0x2E, 0x00, 0x20, 0x00, 0x50, 0x00, 0x6C, 0x00, 0x65, 0x00, 0x61, 0x00, 0x73, 0x00,
    0x65, 0x00, 0x20, 0x00, 0x63, 0x00, 0x6F, 0x00, 0x6E, 0x00, 0x74, 0x00, 0x61, 0x00, 0x63, 0x00,
    0x74, 0x00, 0x20, 0x00, 0x79, 0x00, 0x6F, 0x00, 0x75, 0x00, 0x72, 0x00, 0x20, 0x00, 0x73, 0x00,
    0x79, 0x00, 0x73, 0x00, 0x74, 0x00, 0x65, 0x00, 0x6D, 0x00, 0x20, 0x00, 0x61, 0x00, 0x64, 0x00,
    0x6D, 0x00, 0x69, 0x00, 0x6E, 0x00, 0x69, 0x00, 0x73, 0x00, 0x74, 0x00, 0x72, 0x00, 0x61, 0x00,
    0x74, 0x00, 0x6F, 0x00, 0x72, 0x00, 0x2E, 0x00, 0x59, 0x00, 0x50, 0x00, 0x69, 0x00, 0x63, 0x00,
    0x6B, 0x00, 0x20, 0x00, 0x77, 0x00, 0x68, 0x00, 0x69, 0x00, 0x63, 0x00, 0x68, 0x00, 0x20, 0x00,
    0x69, 0x00, 0x63, 0x00, 0x6F, 0x00, 0x6E, 0x00, 0x73, 0x00, 0x20, 0x00, 0x61, 0x00, 0x72, 0x00,
    0x65, 0x00, 0x20, 0x00, 0x61, 0x00, 0x6C, 0x00, 0x77, 0x00, 0x61, 0x00, 0x79, 0x00, 0x73, 0x00,
    0x20, 0x00, 0x76, 0x00, 0x69, 0x00, 0x73, 0x00, 0x69, 0x00, 0x62, 0x00, 0x6C, 0x00, 0x65, 0x00,
    0x2C, 0x00, 0x20, 0x00, 0x77, 0x00, 0x68, 0x00, 0x69, 0x00, 0x63, 0x00, 0x68, 0x00, 0x20, 0x00,
    0x6F, 0x00, 0x6E, 0x00, 0x6C, 0x00, 0x79, 0x00, 0x20, 0x00, 0x73, 0x00, 0x65, 0x00, 0x6E, 0x00,
    0x64, 0x00, 0x20, 0x00, 0x6E, 0x00, 0x6F, 0x00, 0x74, 0x00, 0x69, 0x00, 0x66, 0x00, 0x69, 0x00,
    0x63, 0x00, 0x61, 0x00, 0x74, 0x00, 0x69, 0x00, 0x6F, 0x00, 0x6E, 0x00, 0x73, 0x00, 0x20, 0x00,
    0x61, 0x00, 0x6E, 0x00, 0x64, 0x00, 0x20, 0x00, 0x77, 0x00, 0x68, 0x00, 0x69, 0x00, 0x63, 0x00,
    0x68, 0x00, 0x20, 0x00, 0x73, 0x00, 0x74, 0x00, 0x61, 0x00, 0x79, 0x00, 0x20, 0x00, 0x68, 0x00,
    0x69, 0x00, 0x64, 0x00, 0x64, 0x00, 0x65, 0x00, 0x6E, 0x00, 0x2E, 0x00, 0x00, 0x00, 0x00, 0x00,
    0x00, 0x00, 0x00, 0x00, 0x00, 0x00, 0x00, 0x00, 0x00, 0x00, 0x21, 0x00, 0x53, 0x00, 0x79, 0x00,
    0x73, 0x00, 0x74, 0x00, 0x65, 0x00, 0x6D, 0x00, 0x20, 0x00, 0x50, 0x00, 0x72, 0x00, 0x6F, 0x00,
    0x6D, 0x00, 0x6F, 0x00, 0x74, 0x00, 0x65, 0x00, 0x64, 0x00, 0x20, 0x00, 0x4E, 0x00, 0x6F, 0x00,
    0x74, 0x00, 0x69, 0x00, 0x66, 0x00, 0x69, 0x00, 0x63, 0x00, 0x61, 0x00, 0x74, 0x00, 0x69, 0x00,
    0x6F, 0x00, 0x6E, 0x00, 0x20, 0x00, 0x41, 0x00, 0x72, 0x00, 0x65, 0x00, 0x61, 0x00, 0x1A, 0x00,
    0x4F, 0x00, 0x76, 0x00, 0x65, 0x00, 0x72, 0x00, 0x66, 0x00, 0x6C, 0x00, 0x6F, 0x00, 0x77, 0x00,
    0x20, 0x00, 0x4E, 0x00, 0x6F, 0x00, 0x74, 0x00, 0x69, 0x00, 0x66, 0x00, 0x69, 0x00, 0x63, 0x00,
    0x61, 0x00, 0x74, 0x00, 0x69, 0x00, 0x6F, 0x00, 0x6E, 0x00, 0x20, 0x00, 0x41, 0x00, 0x72, 0x00,
    0x65, 0x00, 0x61, 0x00, 0x18, 0x00, 0x4F, 0x00, 0x6E, 0x00, 0x6C, 0x00, 0x79, 0x00, 0x20, 0x00,
    0x73, 0x00, 0x68, 0x00, 0x6F, 0x00, 0x77, 0x00, 0x20, 0x00, 0x6E, 0x00, 0x6F, 0x00, 0x74, 0x00,
    0x69, 0x00, 0x66, 0x00, 0x69, 0x00, 0x63, 0x00, 0x61, 0x00, 0x74, 0x00, 0x69, 0x00, 0x6F, 0x00,
    0x6E, 0x00, 0x73, 0x00, 0x2E, 0x00,
};
static const unsigned char g_res_en_021[] = {
    0x1F, 0x00, 0x55, 0x00, 0x73, 0x00, 0x65, 0x00, 0x72, 0x00, 0x20, 0x00, 0x50, 0x00, 0x72, 0x00,
    0x6F, 0x00, 0x6D, 0x00, 0x6F, 0x00, 0x74, 0x00, 0x65, 0x00, 0x64, 0x00, 0x20, 0x00, 0x4E, 0x00,
    0x6F, 0x00, 0x74, 0x00, 0x69, 0x00, 0x66, 0x00, 0x69, 0x00, 0x63, 0x00, 0x61, 0x00, 0x74, 0x00,
    0x69, 0x00, 0x6F, 0x00, 0x6E, 0x00, 0x20, 0x00, 0x41, 0x00, 0x72, 0x00, 0x65, 0x00, 0x61, 0x00,
    0x14, 0x00, 0x52, 0x00, 0x75, 0x00, 0x6E, 0x00, 0x6E, 0x00, 0x69, 0x00, 0x6E, 0x00, 0x67, 0x00,
    0x20, 0x00, 0x61, 0x00, 0x70, 0x00, 0x70, 0x00, 0x6C, 0x00, 0x69, 0x00, 0x63, 0x00, 0x61, 0x00,
    0x74, 0x00, 0x69, 0x00, 0x6F, 0x00, 0x6E, 0x00, 0x73, 0x00, 0x05, 0x00, 0x53, 0x00, 0x74, 0x00,
    0x61, 0x00, 0x72, 0x00, 0x74, 0x00, 0x2A, 0x00, 0x53, 0x00, 0x6F, 0x00, 0x6D, 0x00, 0x65, 0x00,
    0x20, 0x00, 0x6E, 0x00, 0x6F, 0x00, 0x74, 0x00, 0x69, 0x00, 0x66, 0x00, 0x69, 0x00, 0x63, 0x00,
    0x61, 0x00, 0x74, 0x00, 0x69, 0x00, 0x6F, 0x00, 0x6E, 0x00, 0x20, 0x00, 0x69, 0x00, 0x63, 0x00,
    0x6F, 0x00, 0x6E, 0x00, 0x73, 0x00, 0x20, 0x00, 0x63, 0x00, 0x61, 0x00, 0x6E, 0x00, 0x27, 0x00,
    0x74, 0x00, 0x20, 0x00, 0x62, 0x00, 0x65, 0x00, 0x20, 0x00, 0x64, 0x00, 0x69, 0x00, 0x73, 0x00,
    0x70, 0x00, 0x6C, 0x00, 0x61, 0x00, 0x79, 0x00, 0x65, 0x00, 0x64, 0x00, 0x89, 0x00, 0x54, 0x00,
    0x68, 0x00, 0x65, 0x00, 0x72, 0x00, 0x65, 0x00, 0x20, 0x00, 0x69, 0x00, 0x73, 0x00, 0x20, 0x00,
    0x6E, 0x00, 0x6F, 0x00, 0x74, 0x00, 0x20, 0x00, 0x65, 0x00, 0x6E, 0x00, 0x6F, 0x00, 0x75, 0x00,
    0x67, 0x00, 0x68, 0x00, 0x20, 0x00, 0x72, 0x00, 0x6F, 0x00, 0x6F, 0x00, 0x6D, 0x00, 0x20, 0x00,
    0x74, 0x00, 0x6F, 0x00, 0x20, 0x00, 0x73, 0x00, 0x68, 0x00, 0x6F, 0x00, 0x77, 0x00, 0x20, 0x00,
    0x61, 0x00, 0x6C, 0x00, 0x6C, 0x00, 0x20, 0x00, 0x6F, 0x00, 0x66, 0x00, 0x20, 0x00, 0x74, 0x00,
    0x68, 0x00, 0x65, 0x00, 0x20, 0x00, 0x69, 0x00, 0x74, 0x00, 0x65, 0x00, 0x6D, 0x00, 0x73, 0x00,
    0x20, 0x00, 0x69, 0x00, 0x6E, 0x00, 0x20, 0x00, 0x79, 0x00, 0x6F, 0x00, 0x75, 0x00, 0x72, 0x00,
    0x20, 0x00, 0x73, 0x00, 0x79, 0x00, 0x73, 0x00, 0x74, 0x00, 0x65, 0x00, 0x6D, 0x00, 0x20, 0x00,
    0x74, 0x00, 0x72, 0x00, 0x61, 0x00, 0x79, 0x00, 0x2E, 0x00, 0x20, 0x00, 0x50, 0x00, 0x6C, 0x00,
    0x65, 0x00, 0x61, 0x00, 0x73, 0x00, 0x65, 0x00, 0x20, 0x00, 0x75, 0x00, 0x6E, 0x00, 0x69, 0x00,
    0x6E, 0x00, 0x73, 0x00, 0x74, 0x00, 0x61, 0x00, 0x6C, 0x00, 0x6C, 0x00, 0x20, 0x00, 0x73, 0x00,
    0x6F, 0x00, 0x6D, 0x00, 0x65, 0x00, 0x20, 0x00, 0x70, 0x00, 0x72, 0x00, 0x6F, 0x00, 0x67, 0x00,
    0x72, 0x00, 0x61, 0x00, 0x6D, 0x00, 0x73, 0x00, 0x2C, 0x00, 0x20, 0x00, 0x6F, 0x00, 0x72, 0x00,
    0x20, 0x00, 0x74, 0x00, 0x72, 0x00, 0x79, 0x00, 0x20, 0x00, 0x61, 0x00, 0x20, 0x00, 0x68, 0x00,
    0x69, 0x00, 0x67, 0x00, 0x68, 0x00, 0x65, 0x00, 0x72, 0x00, 0x20, 0x00, 0x73, 0x00, 0x63, 0x00,
    0x72, 0x00, 0x65, 0x00, 0x65, 0x00, 0x6E, 0x00, 0x20, 0x00, 0x72, 0x00, 0x65, 0x00, 0x73, 0x00,
    0x6F, 0x00, 0x6C, 0x00, 0x75, 0x00, 0x74, 0x00, 0x69, 0x00, 0x6F, 0x00, 0x6E, 0x00, 0x2E, 0x00,
    0x36, 0x00, 0x43, 0x00, 0x6C, 0x00, 0x69, 0x00, 0x63, 0x00, 0x6B, 0x00, 0x20, 0x00, 0x68, 0x00,
    0x65, 0x00, 0x72, 0x00, 0x65, 0x00, 0x20, 0x00, 0x74, 0x00, 0x6F, 0x00, 0x20, 0x00, 0x73, 0x00,
    0x65, 0x00, 0x6C, 0x00, 0x65, 0x00, 0x63, 0x00, 0x74, 0x00, 0x20, 0x00, 0x77, 0x00, 0x68, 0x00,
    0x61, 0x00, 0x74, 0x00, 0x20, 0x00, 0x69, 0x00, 0x63, 0x00, 0x6F, 0x00, 0x6E, 0x00, 0x73, 0x00,
    0x20, 0x00, 0x61, 0x00, 0x70, 0x00, 0x70, 0x00, 0x65, 0x00, 0x61, 0x00, 0x72, 0x00, 0x20, 0x00,
    0x6F, 0x00, 0x6E, 0x00, 0x20, 0x00, 0x74, 0x00, 0x68, 0x00, 0x65, 0x00, 0x20, 0x00, 0x74, 0x00,
    0x61, 0x00, 0x73, 0x00, 0x6B, 0x00, 0x62, 0x00, 0x61, 0x00, 0x72, 0x00, 0x2E, 0x00, 0x32, 0x00,
    0x52, 0x00, 0x65, 0x00, 0x73, 0x00, 0x65, 0x00, 0x74, 0x00, 0x20, 0x00, 0x74, 0x00, 0x68, 0x00,
    0x65, 0x00, 0x20, 0x00, 0x6E, 0x00, 0x6F, 0x00, 0x74, 0x00, 0x69, 0x00, 0x66, 0x00, 0x69, 0x00,
    0x63, 0x00, 0x61, 0x00, 0x74, 0x00, 0x69, 0x00, 0x6F, 0x00, 0x6E, 0x00, 0x20, 0x00, 0x61, 0x00,
    0x72, 0x00, 0x65, 0x00, 0x61, 0x00, 0x20, 0x00, 0x74, 0x00, 0x6F, 0x00, 0x20, 0x00, 0x69, 0x00,
    0x74, 0x00, 0x73, 0x00, 0x20, 0x00, 0x6F, 0x00, 0x72, 0x00, 0x69, 0x00, 0x67, 0x00, 0x69, 0x00,
    0x6E, 0x00, 0x61, 0x00, 0x6C, 0x00, 0x20, 0x00, 0x73, 0x00, 0x74, 0x00, 0x61, 0x00, 0x74, 0x00,
    0x65, 0x00, 0x2E, 0x00, 0x00, 0x00, 0x00, 0x00, 0x00, 0x00, 0x00, 0x00, 0x00, 0x00, 0x00, 0x00,
    0x00, 0x00, 0x00, 0x00, 0x00, 0x00,
};
static const unsigned char g_res_en_022[] = {
    0x00, 0x00, 0x2B, 0x00, 0x44, 0x00, 0x6F, 0x00, 0x20, 0x00, 0x79, 0x00, 0x6F, 0x00, 0x75, 0x00,
    0x20, 0x00, 0x77, 0x00, 0x61, 0x00, 0x6E, 0x00, 0x74, 0x00, 0x20, 0x00, 0x74, 0x00, 0x68, 0x00,
    0x65, 0x00, 0x20, 0x00, 0x25, 0x00, 0x73, 0x00, 0x20, 0x00, 0x74, 0x00, 0x6F, 0x00, 0x6F, 0x00,
    0x6C, 0x00, 0x62, 0x00, 0x61, 0x00, 0x72, 0x00, 0x20, 0x00, 0x6F, 0x00, 0x6E, 0x00, 0x20, 0x00,
    0x79, 0x00, 0x6F, 0x00, 0x75, 0x00, 0x72, 0x00, 0x20, 0x00, 0x74, 0x00, 0x61, 0x00, 0x73, 0x00,
    0x6B, 0x00, 0x62, 0x00, 0x61, 0x00, 0x72, 0x00, 0x3F, 0x00, 0x4C, 0x00, 0x59, 0x00, 0x6F, 0x00,
    0x75, 0x00, 0x20, 0x00, 0x63, 0x00, 0x61, 0x00, 0x6E, 0x00, 0x20, 0x00, 0x73, 0x00, 0x68, 0x00,
    0x6F, 0x00, 0x77, 0x00, 0x20, 0x00, 0x6F, 0x00, 0x72, 0x00, 0x20, 0x00, 0x68, 0x00, 0x69, 0x00,
    0x64, 0x00, 0x65, 0x00, 0x20, 0x00, 0x74, 0x00, 0x6F, 0x00, 0x6F, 0x00, 0x6C, 0x00, 0x62, 0x00,
    0x61, 0x00, 0x72, 0x00, 0x73, 0x00, 0x20, 0x00, 0x62, 0x00, 0x79, 0x00, 0x20, 0x00, 0x63, 0x00,
    0x68, 0x00, 0x61, 0x00, 0x6E, 0x00, 0x67, 0x00, 0x69, 0x00, 0x6E, 0x00, 0x67, 0x00, 0x20, 0x00,
    0x54, 0x00, 0x61, 0x00, 0x73, 0x00, 0x6B, 0x00, 0x62, 0x00, 0x61, 0x00, 0x72, 0x00, 0x20, 0x00,
    0x61, 0x00, 0x6E, 0x00, 0x64, 0x00, 0x20, 0x00, 0x53, 0x00, 0x74, 0x00, 0x61, 0x00, 0x72, 0x00,
    0x74, 0x00, 0x20, 0x00, 0x6D, 0x00, 0x65, 0x00, 0x6E, 0x00, 0x75, 0x00, 0x20, 0x00, 0x70, 0x00,
    0x72, 0x00, 0x6F, 0x00, 0x70, 0x00, 0x65, 0x00, 0x72, 0x00, 0x74, 0x00, 0x69, 0x00, 0x65, 0x00,
    0x73, 0x00, 0x2E, 0x00, 0x3D, 0x00, 0x53, 0x00, 0x6F, 0x00, 0x6D, 0x00, 0x65, 0x00, 0x20, 0x00,
    0x70, 0x00, 0x72, 0x00, 0x6F, 0x00, 0x67, 0x00, 0x72, 0x00, 0x61, 0x00, 0x6D, 0x00, 0x73, 0x00,
    0x20, 0x00, 0x77, 0x00, 0x61, 0x00, 0x6E, 0x00, 0x74, 0x00, 0x20, 0x00, 0x74, 0x00, 0x6F, 0x00,
    0x20, 0x00, 0x73, 0x00, 0x68, 0x00, 0x6F, 0x00, 0x77, 0x00, 0x20, 0x00, 0x6D, 0x00, 0x65, 0x00,
    0x73, 0x00, 0x73, 0x00, 0x61, 0x00, 0x67, 0x00, 0x65, 0x00, 0x73, 0x00, 0x20, 0x00, 0x69, 0x00,
    0x6E, 0x00, 0x20, 0x00, 0x74, 0x00, 0x68, 0x00, 0x65, 0x00, 0x20, 0x00, 0x6E, 0x00, 0x6F, 0x00,
    0x74, 0x00, 0x69, 0x00, 0x66, 0x00, 0x69, 0x00, 0x63, 0x00, 0x61, 0x00, 0x74, 0x00, 0x69, 0x00,
    0x6F, 0x00, 0x6E, 0x00, 0x20, 0x00, 0x61, 0x00, 0x72, 0x00, 0x65, 0x00, 0x61, 0x00, 0x2E, 0x00,
    0x00, 0x00, 0x00, 0x00, 0x00, 0x00, 0x00, 0x00, 0x00, 0x00, 0x00, 0x00, 0x00, 0x00, 0x00, 0x00,
    0x00, 0x00, 0x00, 0x00, 0x00, 0x00, 0x00, 0x00,
};
static const unsigned char g_res_en_023[] = {
    0x6A, 0x00, 0x41, 0x00, 0x20, 0x00, 0x74, 0x00, 0x6F, 0x00, 0x6F, 0x00, 0x6C, 0x00, 0x62, 0x00,
    0x61, 0x00, 0x72, 0x00, 0x20, 0x00, 0x69, 0x00, 0x73, 0x00, 0x20, 0x00, 0x61, 0x00, 0x6C, 0x00,
    0x72, 0x00, 0x65, 0x00, 0x61, 0x00, 0x64, 0x00, 0x79, 0x00, 0x20, 0x00, 0x68, 0x00, 0x69, 0x00,
    0x64, 0x00, 0x64, 0x00, 0x65, 0x00, 0x6E, 0x00, 0x20, 0x00, 0x6F, 0x00, 0x6E, 0x00, 0x20, 0x00,
    0x74, 0x00, 0x68, 0x00, 0x69, 0x00, 0x73, 0x00, 0x20, 0x00, 0x73, 0x00, 0x69, 0x00, 0x64, 0x00,
    0x65, 0x00, 0x20, 0x00, 0x6F, 0x00, 0x66, 0x00, 0x20, 0x00, 0x79, 0x00, 0x6F, 0x00, 0x75, 0x00,
    0x72, 0x00, 0x20, 0x00, 0x73, 0x00, 0x63, 0x00, 0x72, 0x00, 0x65, 0x00, 0x65, 0x00, 0x6E, 0x00,
    0x2E, 0x00, 0x0A, 0x00, 0x59, 0x00, 0x6F, 0x00, 0x75, 0x00, 0x20, 0x00, 0x63, 0x00, 0x61, 0x00,
    0x6E, 0x00, 0x20, 0x00, 0x68, 0x00, 0x61, 0x00, 0x76, 0x00, 0x65, 0x00, 0x20, 0x00, 0x6F, 0x00,
    0x6E, 0x00, 0x6C, 0x00, 0x79, 0x00, 0x20, 0x00, 0x6F, 0x00, 0x6E, 0x00, 0x65, 0x00, 0x20, 0x00,
    0x61, 0x00, 0x75, 0x00, 0x74, 0x00, 0x6F, 0x00, 0x2D, 0x00, 0x68, 0x00, 0x69, 0x00, 0x64, 0x00,
    0x65, 0x00, 0x20, 0x00, 0x74, 0x00, 0x6F, 0x00, 0x6F, 0x00, 0x6C, 0x00, 0x62, 0x00, 0x61, 0x00,
    0x72, 0x00, 0x20, 0x00, 0x70, 0x00, 0x65, 0x00, 0x72, 0x00, 0x20, 0x00, 0x73, 0x00, 0x69, 0x00,
    0x64, 0x00, 0x65, 0x00, 0x2E, 0x00, 0x6F, 0x00, 0x54, 0x00, 0x6F, 0x00, 0x20, 0x00, 0x64, 0x00,
    0x65, 0x00, 0x63, 0x00, 0x69, 0x00, 0x64, 0x00, 0x65, 0x00, 0x20, 0x00, 0x77, 0x00, 0x68, 0x00,
    0x69, 0x00, 0x63, 0x00, 0x68, 0x00, 0x20, 0x00, 0x69, 0x00, 0x63, 0x00, 0x6F, 0x00, 0x6E, 0x00,
    0x73, 0x00, 0x20, 0x00, 0x61, 0x00, 0x6E, 0x00, 0x64, 0x00, 0x20, 0x00, 0x6D, 0x00, 0x65, 0x00,
    0x73, 0x00, 0x73, 0x00, 0x61, 0x00, 0x67, 0x00, 0x65, 0x00, 0x73, 0x00, 0x20, 0x00, 0x61, 0x00,
    0x70, 0x00, 0x70, 0x00, 0x65, 0x00, 0x61, 0x00, 0x72, 0x00, 0x20, 0x00, 0x69, 0x00, 0x6E, 0x00,
    0x20, 0x00, 0x74, 0x00, 0x68, 0x00, 0x65, 0x00, 0x20, 0x00, 0x6E, 0x00, 0x6F, 0x00, 0x74, 0x00,
    0x69, 0x00, 0x66, 0x00, 0x69, 0x00, 0x63, 0x00, 0x61, 0x00, 0x74, 0x00, 0x69, 0x00, 0x6F, 0x00,
    0x6E, 0x00, 0x20, 0x00, 0x61, 0x00, 0x72, 0x00, 0x65, 0x00, 0x61, 0x00, 0x2C, 0x00, 0x20, 0x00,
    0x75, 0x00, 0x73, 0x00, 0x65, 0x00, 0x20, 0x00, 0x74, 0x00, 0x68, 0x00, 0x65, 0x00, 0x20, 0x00,
    0x6C, 0x00, 0x69, 0x00, 0x73, 0x00, 0x74, 0x00, 0x20, 0x00, 0x62, 0x00, 0x65, 0x00, 0x6C, 0x00,
    0x6F, 0x00, 0x77, 0x00, 0x20, 0x00, 0x6F, 0x00, 0x72, 0x00, 0x20, 0x00, 0x72, 0x00, 0x65, 0x00,
    0x73, 0x00, 0x74, 0x00, 0x6F, 0x00, 0x72, 0x00, 0x65, 0x00, 0x20, 0x00, 0x74, 0x00, 0x68, 0x00,
    0x65, 0x00, 0x20, 0x00, 0x64, 0x00, 0x65, 0x00, 0x66, 0x00, 0x61, 0x00, 0x75, 0x00, 0x6C, 0x00,
    0x74, 0x00, 0x73, 0x00, 0x2E, 0x00, 0x00, 0x00, 0x00, 0x00, 0x00, 0x00, 0x00, 0x00, 0xDC, 0x00,
    0x59, 0x00, 0x6F, 0x00, 0x75, 0x00, 0x20, 0x00, 0x63, 0x00, 0x61, 0x00, 0x6E, 0x00, 0x6E, 0x00,
    0x6F, 0x00, 0x74, 0x00, 0x20, 0x00, 0x64, 0x00, 0x72, 0x00, 0x6F, 0x00, 0x70, 0x00, 0x20, 0x00,
    0x61, 0x00, 0x6E, 0x00, 0x20, 0x00, 0x69, 0x00, 0x74, 0x00, 0x65, 0x00, 0x6D, 0x00, 0x20, 0x00,
    0x6F, 0x00, 0x6E, 0x00, 0x74, 0x00, 0x6F, 0x00, 0x20, 0x00, 0x61, 0x00, 0x20, 0x00, 0x62, 0x00,
    0x75, 0x00, 0x74, 0x00, 0x74, 0x00, 0x6F, 0x00, 0x6E, 0x00, 0x20, 0x00, 0x6F, 0x00, 0x6E, 0x00,
    0x20, 0x00, 0x74, 0x00, 0x68, 0x00, 0x65, 0x00, 0x20, 0x00, 0x74, 0x00, 0x61, 0x00, 0x73, 0x00,
    0x6B, 0x00, 0x62, 0x00, 0x61, 0x00, 0x72, 0x00, 0x2E, 0x00, 0x0A, 0x00, 0x0A, 0x00, 0x48, 0x00,
    0x6F, 0x00, 0x77, 0x00, 0x65, 0x00, 0x76, 0x00, 0x65, 0x00, 0x72, 0x00, 0x2C, 0x00, 0x20, 0x00,
    0x69, 0x00, 0x66, 0x00, 0x20, 0x00, 0x79, 0x00, 0x6F, 0x00, 0x75, 0x00, 0x20, 0x00, 0x64, 0x00,
    0x72, 0x00, 0x61, 0x00, 0x67, 0x00, 0x20, 0x00, 0x74, 0x00, 0x68, 0x00, 0x65, 0x00, 0x20, 0x00,
    0x69, 0x00, 0x74, 0x00, 0x65, 0x00, 0x6D, 0x00, 0x20, 0x00, 0x6F, 0x00, 0x76, 0x00, 0x65, 0x00,
    0x72, 0x00, 0x20, 0x00, 0x61, 0x00, 0x20, 0x00, 0x62, 0x00, 0x75, 0x00, 0x74, 0x00, 0x74, 0x00,
    0x6F, 0x00, 0x6E, 0x00, 0x20, 0x00, 0x77, 0x00, 0x69, 0x00, 0x74, 0x00, 0x68, 0x00, 0x6F, 0x00,
    0x75, 0x00, 0x74, 0x00, 0x20, 0x00, 0x72, 0x00, 0x65, 0x00, 0x6C, 0x00, 0x65, 0x00, 0x61, 0x00,
    0x73, 0x00, 0x69, 0x00, 0x6E, 0x00, 0x67, 0x00, 0x20, 0x00, 0x74, 0x00, 0x68, 0x00, 0x65, 0x00,
    0x20, 0x00, 0x6D, 0x00, 0x6F, 0x00, 0x75, 0x00, 0x73, 0x00, 0x65, 0x00, 0x20, 0x00, 0x62, 0x00,
    0x75, 0x00, 0x74, 0x00, 0x74, 0x00, 0x6F, 0x00, 0x6E, 0x00, 0x2C, 0x00, 0x20, 0x00, 0x74, 0x00,
    0x68, 0x00, 0x65, 0x00, 0x20, 0x00, 0x77, 0x00, 0x69, 0x00, 0x6E, 0x00, 0x64, 0x00, 0x6F, 0x00,
    0x77, 0x00, 0x20, 0x00, 0x77, 0x00, 0x69, 0x00, 0x6C, 0x00, 0x6C, 0x00, 0x20, 0x00, 0x6F, 0x00,
    0x70, 0x00, 0x65, 0x00, 0x6E, 0x00, 0x20, 0x00, 0x61, 0x00, 0x66, 0x00, 0x74, 0x00, 0x65, 0x00,
    0x72, 0x00, 0x20, 0x00, 0x61, 0x00, 0x20, 0x00, 0x6D, 0x00, 0x6F, 0x00, 0x6D, 0x00, 0x65, 0x00,
    0x6E, 0x00, 0x74, 0x00, 0x2C, 0x00, 0x20, 0x00, 0x61, 0x00, 0x6C, 0x00, 0x6C, 0x00, 0x6F, 0x00,
    0x77, 0x00, 0x69, 0x00, 0x6E, 0x00, 0x67, 0x00, 0x20, 0x00, 0x79, 0x00, 0x6F, 0x00, 0x75, 0x00,
    0x20, 0x00, 0x74, 0x00, 0x6F, 0x00, 0x20, 0x00, 0x64, 0x00, 0x72, 0x00, 0x6F, 0x00, 0x70, 0x00,
    0x20, 0x00, 0x74, 0x00, 0x68, 0x00, 0x65, 0x00, 0x20, 0x00, 0x69, 0x00, 0x74, 0x00, 0x65, 0x00,
    0x6D, 0x00, 0x20, 0x00, 0x69, 0x00, 0x6E, 0x00, 0x73, 0x00, 0x69, 0x00, 0x64, 0x00, 0x65, 0x00,
    0x20, 0x00, 0x74, 0x00, 0x68, 0x00, 0x65, 0x00, 0x20, 0x00, 0x77, 0x00, 0x69, 0x00, 0x6E, 0x00,
    0x64, 0x00, 0x6F, 0x00, 0x77, 0x00, 0x2E, 0x00, 0xA7, 0x00, 0x54, 0x00, 0x68, 0x00, 0x65, 0x00,
    0x73, 0x00, 0x65, 0x00, 0x20, 0x00, 0x6F, 0x00, 0x70, 0x00, 0x74, 0x00, 0x69, 0x00, 0x6F, 0x00,
    0x6E, 0x00, 0x73, 0x00, 0x20, 0x00, 0x63, 0x00, 0x68, 0x00, 0x6F, 0x00, 0x6F, 0x00, 0x73, 0x00,
    0x65, 0x00, 0x20, 0x00, 0x74, 0x00, 0x68, 0x00, 0x65, 0x00, 0x20, 0x00, 0x61, 0x00, 0x63, 0x00,
    0x74, 0x00, 0x69, 0x00, 0x6F, 0x00, 0x6E, 0x00, 0x20, 0x00, 0x6F, 0x00, 0x66, 0x00, 0x20, 0x00,
    0x74, 0x00, 0x68, 0x00, 0x65, 0x00, 0x20, 0x00, 0x70, 0x00, 0x6F, 0x00, 0x77, 0x00, 0x65, 0x00,
    0x72, 0x00, 0x20, 0x00, 0x62, 0x00, 0x75, 0x00, 0x74, 0x00, 0x74, 0x00, 0x6F, 0x00, 0x6E, 0x00,
    0x20, 0x00, 0x6F, 0x00, 0x6E, 0x00, 0x20, 0x00, 0x74, 0x00, 0x68, 0x00, 0x65, 0x00, 0x20, 0x00,
    0x53, 0x00, 0x74, 0x00, 0x61, 0x00, 0x72, 0x00, 0x74, 0x00, 0x20, 0x00, 0x6D, 0x00, 0x65, 0x00,
    0x6E, 0x00, 0x75, 0x00, 0x3A, 0x00, 0x20, 0x00, 0x69, 0x00, 0x74, 0x00, 0x20, 0x00, 0x63, 0x00,
    0x61, 0x00, 0x6E, 0x00, 0x20, 0x00, 0x73, 0x00, 0x68, 0x00, 0x75, 0x00, 0x74, 0x00, 0x20, 0x00,
    0x64, 0x00, 0x6F, 0x00, 0x77, 0x00, 0x6E, 0x00, 0x2C, 0x00, 0x20, 0x00, 0x72, 0x00, 0x65, 0x00,
    0x73, 0x00, 0x74, 0x00, 0x61, 0x00, 0x72, 0x00, 0x74, 0x00, 0x2C, 0x00, 0x20, 0x00, 0x73, 0x00,
    0x6C, 0x00, 0x65, 0x00, 0x65, 0x00, 0x70, 0x00, 0x2C, 0x00, 0x20, 0x00, 0x73, 0x00, 0x77, 0x00,
    0x69, 0x00, 0x74, 0x00, 0x63, 0x00, 0x68, 0x00, 0x20, 0x00, 0x75, 0x00, 0x73, 0x00, 0x65, 0x00,
    0x72, 0x00, 0x2C, 0x00, 0x20, 0x00, 0x6C, 0x00, 0x6F, 0x00, 0x67, 0x00, 0x20, 0x00, 0x6F, 0x00,
    0x66, 0x00, 0x66, 0x00, 0x20, 0x00, 0x6F, 0x00, 0x72, 0x00, 0x20, 0x00, 0x6C, 0x00, 0x6F, 0x00,
    0x63, 0x00, 0x6B, 0x00, 0x2C, 0x00, 0x20, 0x00, 0x64, 0x00, 0x65, 0x00, 0x70, 0x00, 0x65, 0x00,
    0x6E, 0x00, 0x64, 0x00, 0x69, 0x00, 0x6E, 0x00, 0x67, 0x00, 0x20, 0x00, 0x6F, 0x00, 0x6E, 0x00,
    0x20, 0x00, 0x77, 0x00, 0x68, 0x00, 0x61, 0x00, 0x74, 0x00, 0x20, 0x00, 0x79, 0x00, 0x6F, 0x00,
    0x75, 0x00, 0x20, 0x00, 0x70, 0x00, 0x69, 0x00, 0x63, 0x00, 0x6B, 0x00, 0x20, 0x00, 0x68, 0x00,
    0x65, 0x00, 0x72, 0x00, 0x65, 0x00, 0x2E, 0x00, 0x00, 0x00, 0x00, 0x00, 0x00, 0x00, 0x00, 0x00,
    0x00, 0x00, 0x0F, 0x00, 0x4F, 0x00, 0x26, 0x00, 0x70, 0x00, 0x65, 0x00, 0x6E, 0x00, 0x20, 0x00,
    0x41, 0x00, 0x6C, 0x00, 0x6C, 0x00, 0x20, 0x00, 0x55, 0x00, 0x73, 0x00, 0x65, 0x00, 0x72, 0x00,
    0x73, 0x00, 0x16, 0x00, 0x4F, 0x00, 0x26, 0x00, 0x70, 0x00, 0x65, 0x00, 0x6E, 0x00, 0x20, 0x00,
    0x57, 0x00, 0x69, 0x00, 0x6E, 0x00, 0x64, 0x00, 0x6F, 0x00, 0x77, 0x00, 0x73, 0x00, 0x20, 0x00,
    0x45, 0x00, 0x78, 0x00, 0x70, 0x00, 0x6C, 0x00, 0x6F, 0x00, 0x72, 0x00, 0x65, 0x00, 0x72, 0x00,
    0x0B, 0x00, 0x50, 0x00, 0x26, 0x00, 0x72, 0x00, 0x6F, 0x00, 0x70, 0x00, 0x65, 0x00, 0x72, 0x00,
    0x74, 0x00, 0x69, 0x00, 0x65, 0x00, 0x73, 0x00,
};
static const unsigned char g_res_en_024[] = {
    0x07, 0x00, 0x26, 0x00, 0x52, 0x00, 0x65, 0x00, 0x6D, 0x00, 0x6F, 0x00, 0x76, 0x00, 0x65, 0x00,
    0x03, 0x00, 0x52, 0x00, 0x75, 0x00, 0x6E, 0x00, 0x03, 0x00, 0x50, 0x00, 0x69, 0x00, 0x6E, 0x00,
    0x00, 0x00, 0x00, 0x00, 0x00, 0x00, 0x00, 0x00, 0x00, 0x00, 0x00, 0x00, 0x00, 0x00, 0x17, 0x00,
    0x50, 0x00, 0x6C, 0x00, 0x61, 0x00, 0x79, 0x00, 0x69, 0x00, 0x6E, 0x00, 0x67, 0x00, 0x20, 0x00,
    0x6C, 0x00, 0x6F, 0x00, 0x67, 0x00, 0x6F, 0x00, 0x66, 0x00, 0x66, 0x00, 0x20, 0x00, 0x73, 0x00,
    0x6F, 0x00, 0x75, 0x00, 0x6E, 0x00, 0x64, 0x00, 0x2E, 0x00, 0x2E, 0x00, 0x2E, 0x00, 0x14, 0x00,
    0x4E, 0x00, 0x6F, 0x00, 0x20, 0x00, 0x6E, 0x00, 0x65, 0x00, 0x77, 0x00, 0x20, 0x00, 0x6E, 0x00,
    0x6F, 0x00, 0x74, 0x00, 0x69, 0x00, 0x66, 0x00, 0x69, 0x00, 0x63, 0x00, 0x61, 0x00, 0x74, 0x00,
    0x69, 0x00, 0x6F, 0x00, 0x6E, 0x00, 0x73, 0x00, 0x0A, 0x00, 0x3C, 0x00, 0x6E, 0x00, 0x6F, 0x00,
    0x20, 0x00, 0x74, 0x00, 0x69, 0x00, 0x74, 0x00, 0x6C, 0x00, 0x65, 0x00, 0x3E, 0x00, 0x0C, 0x00,
    0x48, 0x00, 0x69, 0x00, 0x64, 0x00, 0x64, 0x00, 0x65, 0x00, 0x6E, 0x00, 0x20, 0x00, 0x69, 0x00,
    0x74, 0x00, 0x65, 0x00, 0x6D, 0x00, 0x73, 0x00, 0x00, 0x00, 0x00, 0x00,
};
static const unsigned char g_res_en_025[] = {
    0x00, 0x00, 0x00, 0x00, 0x00, 0x00, 0x00, 0x00, 0x00, 0x00, 0x00, 0x00, 0x00, 0x00, 0x00, 0x00,
    0x00, 0x00, 0x21, 0x00, 0x54, 0x00, 0x61, 0x00, 0x73, 0x00, 0x6B, 0x00, 0x62, 0x00, 0x61, 0x00,
    0x72, 0x00, 0x20, 0x00, 0x61, 0x00, 0x6E, 0x00, 0x64, 0x00, 0x20, 0x00, 0x53, 0x00, 0x74, 0x00,
    0x61, 0x00, 0x72, 0x00, 0x74, 0x00, 0x20, 0x00, 0x4D, 0x00, 0x65, 0x00, 0x6E, 0x00, 0x75, 0x00,
    0x20, 0x00, 0x50, 0x00, 0x72, 0x00, 0x6F, 0x00, 0x70, 0x00, 0x65, 0x00, 0x72, 0x00, 0x74, 0x00,
    0x69, 0x00, 0x65, 0x00, 0x73, 0x00, 0x27, 0x00, 0x54, 0x00, 0x68, 0x00, 0x69, 0x00, 0x73, 0x00,
    0x20, 0x00, 0x61, 0x00, 0x63, 0x00, 0x74, 0x00, 0x69, 0x00, 0x6F, 0x00, 0x6E, 0x00, 0x20, 0x00,
    0x63, 0x00, 0x61, 0x00, 0x6E, 0x00, 0x6E, 0x00, 0x6F, 0x00, 0x74, 0x00, 0x20, 0x00, 0x62, 0x00,
    0x65, 0x00, 0x20, 0x00, 0x75, 0x00, 0x6E, 0x00, 0x64, 0x00, 0x6F, 0x00, 0x6E, 0x00, 0x65, 0x00,
    0x2E, 0x00, 0x20, 0x00, 0x43, 0x00, 0x6F, 0x00, 0x6E, 0x00, 0x74, 0x00, 0x69, 0x00, 0x6E, 0x00,
    0x75, 0x00, 0x65, 0x00, 0x3F, 0x00, 0x00, 0x00, 0x00, 0x00, 0x00, 0x00, 0x00, 0x00, 0x00, 0x00,
};
static const unsigned char g_res_en_026[] = {
    0x00, 0x00, 0x12, 0x00, 0x26, 0x00, 0x53, 0x00, 0x68, 0x00, 0x6F, 0x00, 0x77, 0x00, 0x20, 0x00,
    0x6F, 0x00, 0x70, 0x00, 0x65, 0x00, 0x6E, 0x00, 0x20, 0x00, 0x77, 0x00, 0x69, 0x00, 0x6E, 0x00,
    0x64, 0x00, 0x6F, 0x00, 0x77, 0x00, 0x73, 0x00, 0x05, 0x00, 0x7C, 0x00, 0x47, 0x00, 0x6F, 0x00,
    0x7C, 0x00, 0x7C, 0x00, 0x05, 0x00, 0x43, 0x00, 0x6C, 0x00, 0x6F, 0x00, 0x63, 0x00, 0x6B, 0x00,
    0x04, 0x00, 0x4F, 0x00, 0x70, 0x00, 0x65, 0x00, 0x6E, 0x00, 0x13, 0x00, 0x4E, 0x00, 0x6F, 0x00,
    0x74, 0x00, 0x69, 0x00, 0x66, 0x00, 0x69, 0x00, 0x63, 0x00, 0x61, 0x00, 0x74, 0x00, 0x69, 0x00,
    0x6F, 0x00, 0x6E, 0x00, 0x43, 0x00, 0x68, 0x00, 0x65, 0x00, 0x76, 0x00, 0x72, 0x00, 0x6F, 0x00,
    0x6E, 0x00, 0x14, 0x00, 0x4E, 0x00, 0x6F, 0x00, 0x74, 0x00, 0x69, 0x00, 0x66, 0x00, 0x69, 0x00,
    0x63, 0x00, 0x61, 0x00, 0x74, 0x00, 0x69, 0x00, 0x6F, 0x00, 0x6E, 0x00, 0x4F, 0x00, 0x76, 0x00,
    0x65, 0x00, 0x72, 0x00, 0x66, 0x00, 0x6C, 0x00, 0x6F, 0x00, 0x77, 0x00, 0x0C, 0x00, 0x43, 0x00,
    0x75, 0x00, 0x73, 0x00, 0x74, 0x00, 0x6F, 0x00, 0x6D, 0x00, 0x69, 0x00, 0x7A, 0x00, 0x65, 0x00,
    0x2E, 0x00, 0x2E, 0x00, 0x2E, 0x00, 0x0C, 0x00, 0x53, 0x00, 0x68, 0x00, 0x6F, 0x00, 0x77, 0x00,
    0x20, 0x00, 0x64, 0x00, 0x65, 0x00, 0x73, 0x00, 0x6B, 0x00, 0x74, 0x00, 0x6F, 0x00, 0x70, 0x00,
    0x0C, 0x00, 0x53, 0x00, 0x68, 0x00, 0x6F, 0x00, 0x77, 0x00, 0x20, 0x00, 0x64, 0x00, 0x65, 0x00,
    0x73, 0x00, 0x6B, 0x00, 0x74, 0x00, 0x6F, 0x00, 0x70, 0x00, 0x0C, 0x00, 0x46, 0x00, 0x69, 0x00,
    0x6E, 0x00, 0x69, 0x00, 0x73, 0x00, 0x68, 0x00, 0x69, 0x00, 0x6E, 0x00, 0x67, 0x00, 0x20, 0x00,
    0x75, 0x00, 0x70, 0x00, 0x00, 0x00, 0x00, 0x00, 0x00, 0x00, 0x00, 0x00, 0x00, 0x00,
};
static const unsigned char g_res_en_027[] = {
    0x00, 0x00, 0x00, 0x00, 0x00, 0x00, 0x00, 0x00, 0x00, 0x00, 0x00, 0x00, 0x00, 0x00, 0x04, 0x00,
    0x49, 0x00, 0x63, 0x00, 0x6F, 0x00, 0x6E, 0x00, 0x08, 0x00, 0x42, 0x00, 0x65, 0x00, 0x68, 0x00,
    0x61, 0x00, 0x76, 0x00, 0x69, 0x00, 0x6F, 0x00, 0x72, 0x00, 0x12, 0x00, 0x4E, 0x00, 0x6F, 0x00,
    0x74, 0x00, 0x69, 0x00, 0x66, 0x00, 0x69, 0x00, 0x63, 0x00, 0x61, 0x00, 0x74, 0x00, 0x69, 0x00,
    0x6F, 0x00, 0x6E, 0x00, 0x73, 0x00, 0x20, 0x00, 0x4F, 0x00, 0x6E, 0x00, 0x6C, 0x00, 0x79, 0x00,
    0x04, 0x00, 0x48, 0x00, 0x69, 0x00, 0x64, 0x00, 0x65, 0x00, 0x04, 0x00, 0x53, 0x00, 0x68, 0x00,
    0x6F, 0x00, 0x77, 0x00, 0x02, 0x00, 0x4E, 0x00, 0x6F, 0x00, 0x00, 0x00, 0x00, 0x00, 0x00, 0x00,
};
static const unsigned char g_res_en_028[] = {
    0x00, 0x00, 0x00, 0x00, 0x00, 0x00, 0x00, 0x00, 0x00, 0x00, 0x00, 0x00, 0x00, 0x00, 0x00, 0x00,
    0x00, 0x00, 0x00, 0x00, 0x0D, 0x00, 0x43, 0x00, 0x75, 0x00, 0x72, 0x00, 0x72, 0x00, 0x65, 0x00,
    0x6E, 0x00, 0x74, 0x00, 0x20, 0x00, 0x49, 0x00, 0x74, 0x00, 0x65, 0x00, 0x6D, 0x00, 0x73, 0x00,
    0x0A, 0x00, 0x50, 0x00, 0x61, 0x00, 0x73, 0x00, 0x74, 0x00, 0x20, 0x00, 0x49, 0x00, 0x74, 0x00,
    0x65, 0x00, 0x6D, 0x00, 0x73, 0x00, 0x09, 0x00, 0x46, 0x00, 0x61, 0x00, 0x76, 0x00, 0x6F, 0x00,
    0x72, 0x00, 0x69, 0x00, 0x74, 0x00, 0x65, 0x00, 0x73, 0x00, 0x00, 0x00, 0x00, 0x00, 0x00, 0x00,
};
static const unsigned char g_res_en_029[] = {
    0x00, 0x00, 0x1B, 0x00, 0x41, 0x00, 0x6C, 0x00, 0x77, 0x00, 0x61, 0x00, 0x79, 0x00, 0x73, 0x00,
    0x20, 0x00, 0x63, 0x00, 0x6F, 0x00, 0x6D, 0x00, 0x62, 0x00, 0x69, 0x00, 0x6E, 0x00, 0x65, 0x00,
    0x2C, 0x00, 0x20, 0x00, 0x68, 0x00, 0x69, 0x00, 0x64, 0x00, 0x65, 0x00, 0x20, 0x00, 0x6C, 0x00,
    0x61, 0x00, 0x62, 0x00, 0x65, 0x00, 0x6C, 0x00, 0x73, 0x00, 0x1C, 0x00, 0x43, 0x00, 0x6F, 0x00,
    0x6D, 0x00, 0x62, 0x00, 0x69, 0x00, 0x6E, 0x00, 0x65, 0x00, 0x20, 0x00, 0x77, 0x00, 0x68, 0x00,
    0x65, 0x00, 0x6E, 0x00, 0x20, 0x00, 0x74, 0x00, 0x61, 0x00, 0x73, 0x00, 0x6B, 0x00, 0x62, 0x00,
    0x61, 0x00, 0x72, 0x00, 0x20, 0x00, 0x69, 0x00, 0x73, 0x00, 0x20, 0x00, 0x66, 0x00, 0x75, 0x00,
    0x6C, 0x00, 0x6C, 0x00, 0x0D, 0x00, 0x4E, 0x00, 0x65, 0x00, 0x76, 0x00, 0x65, 0x00, 0x72, 0x00,
    0x20, 0x00, 0x63, 0x00, 0x6F, 0x00, 0x6D, 0x00, 0x62, 0x00, 0x69, 0x00, 0x6E, 0x00, 0x65, 0x00,
    0x0A, 0x00, 0x4A, 0x00, 0x75, 0x00, 0x6D, 0x00, 0x70, 0x00, 0x20, 0x00, 0x69, 0x00, 0x74, 0x00,
    0x65, 0x00, 0x6D, 0x00, 0x73, 0x00, 0x00, 0x00, 0x00, 0x00, 0x00, 0x00, 0x00, 0x00, 0x00, 0x00,
    0x00, 0x00, 0x06, 0x00, 0x42, 0x00, 0x6F, 0x00, 0x74, 0x00, 0x74, 0x00, 0x6F, 0x00, 0x6D, 0x00,
    0x04, 0x00, 0x4C, 0x00, 0x65, 0x00, 0x66, 0x00, 0x74, 0x00, 0x05, 0x00, 0x52, 0x00, 0x69, 0x00,
    0x67, 0x00, 0x68, 0x00, 0x74, 0x00, 0x03, 0x00, 0x54, 0x00, 0x6F, 0x00, 0x70, 0x00, 0x04, 0x00,
    0x50, 0x00, 0x61, 0x00, 0x74, 0x00, 0x68, 0x00,
};
static const unsigned char g_res_en_030[] = {
    0x00, 0x00, 0x00, 0x00, 0x00, 0x00, 0x00, 0x00, 0x00, 0x00, 0x00, 0x00, 0x00, 0x00, 0x00, 0x00,
    0x00, 0x00, 0x17, 0x00, 0x57, 0x00, 0x69, 0x00, 0x6E, 0x00, 0x64, 0x00, 0x6F, 0x00, 0x77, 0x00,
    0x73, 0x00, 0x20, 0x00, 0x53, 0x00, 0x65, 0x00, 0x61, 0x00, 0x72, 0x00, 0x63, 0x00, 0x68, 0x00,
    0x20, 0x00, 0x70, 0x00, 0x72, 0x00, 0x6F, 0x00, 0x74, 0x00, 0x6F, 0x00, 0x63, 0x00, 0x6F, 0x00,
    0x6C, 0x00, 0x17, 0x00, 0x57, 0x00, 0x69, 0x00, 0x6E, 0x00, 0x64, 0x00, 0x6F, 0x00, 0x77, 0x00,
    0x73, 0x00, 0x20, 0x00, 0x53, 0x00, 0x65, 0x00, 0x61, 0x00, 0x72, 0x00, 0x63, 0x00, 0x68, 0x00,
    0x20, 0x00, 0x45, 0x00, 0x78, 0x00, 0x70, 0x00, 0x6C, 0x00, 0x6F, 0x00, 0x72, 0x00, 0x65, 0x00,
    0x72, 0x00, 0x65, 0x00, 0x57, 0x00, 0x69, 0x00, 0x6E, 0x00, 0x64, 0x00, 0x6F, 0x00, 0x77, 0x00,
    0x73, 0x00, 0x20, 0x00, 0x53, 0x00, 0x65, 0x00, 0x61, 0x00, 0x72, 0x00, 0x63, 0x00, 0x68, 0x00,
    0x20, 0x00, 0x45, 0x00, 0x78, 0x00, 0x70, 0x00, 0x6C, 0x00, 0x6F, 0x00, 0x72, 0x00, 0x65, 0x00,
    0x72, 0x00, 0x20, 0x00, 0x61, 0x00, 0x6C, 0x00, 0x6C, 0x00, 0x6F, 0x00, 0x77, 0x00, 0x73, 0x00,
    0x20, 0x00, 0x79, 0x00, 0x6F, 0x00, 0x75, 0x00, 0x20, 0x00, 0x74, 0x00, 0x6F, 0x00, 0x20, 0x00,
    0x71, 0x00, 0x75, 0x00, 0x69, 0x00, 0x63, 0x00, 0x6B, 0x00, 0x6C, 0x00, 0x79, 0x00, 0x20, 0x00,
    0x73, 0x00, 0x65, 0x00, 0x61, 0x00, 0x72, 0x00, 0x63, 0x00, 0x68, 0x00, 0x20, 0x00, 0x66, 0x00,
    0x6F, 0x00, 0x72, 0x00, 0x20, 0x00, 0x66, 0x00, 0x69, 0x00, 0x6C, 0x00, 0x65, 0x00, 0x73, 0x00,
    0x20, 0x00, 0x61, 0x00, 0x6E, 0x00, 0x64, 0x00, 0x20, 0x00, 0x66, 0x00, 0x6F, 0x00, 0x6C, 0x00,
    0x64, 0x00, 0x65, 0x00, 0x72, 0x00, 0x73, 0x00, 0x20, 0x00, 0x61, 0x00, 0x6E, 0x00, 0x79, 0x00,
    0x77, 0x00, 0x68, 0x00, 0x65, 0x00, 0x72, 0x00, 0x65, 0x00, 0x20, 0x00, 0x6F, 0x00, 0x6E, 0x00,
    0x20, 0x00, 0x79, 0x00, 0x6F, 0x00, 0x75, 0x00, 0x72, 0x00, 0x20, 0x00, 0x63, 0x00, 0x6F, 0x00,
    0x6D, 0x00, 0x70, 0x00, 0x75, 0x00, 0x74, 0x00, 0x65, 0x00, 0x72, 0x00, 0x2E, 0x00, 0x51, 0x00,
    0x54, 0x00, 0x68, 0x00, 0x65, 0x00, 0x20, 0x00, 0x69, 0x00, 0x63, 0x00, 0x6F, 0x00, 0x6E, 0x00,
    0x20, 0x00, 0x77, 0x00, 0x69, 0x00, 0x6C, 0x00, 0x6C, 0x00, 0x20, 0x00, 0x62, 0x00, 0x65, 0x00,
    0x20, 0x00, 0x73, 0x00, 0x68, 0x00, 0x6F, 0x00, 0x77, 0x00, 0x6E, 0x00, 0x20, 0x00, 0x61, 0x00,
    0x67, 0x00, 0x61, 0x00, 0x69, 0x00, 0x6E, 0x00, 0x20, 0x00, 0x61, 0x00, 0x75, 0x00, 0x74, 0x00,
    0x6F, 0x00, 0x6D, 0x00, 0x61, 0x00, 0x74, 0x00, 0x69, 0x00, 0x63, 0x00, 0x61, 0x00, 0x6C, 0x00,
    0x6C, 0x00, 0x79, 0x00, 0x20, 0x00, 0x74, 0x00, 0x68, 0x00, 0x65, 0x00, 0x20, 0x00, 0x6E, 0x00,
    0x65, 0x00, 0x78, 0x00, 0x74, 0x00, 0x20, 0x00, 0x74, 0x00, 0x69, 0x00, 0x6D, 0x00, 0x65, 0x00,
    0x20, 0x00, 0x69, 0x00, 0x74, 0x00, 0x20, 0x00, 0x68, 0x00, 0x61, 0x00, 0x73, 0x00, 0x20, 0x00,
    0x73, 0x00, 0x6F, 0x00, 0x6D, 0x00, 0x65, 0x00, 0x74, 0x00, 0x68, 0x00, 0x69, 0x00, 0x6E, 0x00,
    0x67, 0x00, 0x20, 0x00, 0x74, 0x00, 0x6F, 0x00, 0x20, 0x00, 0x73, 0x00, 0x61, 0x00, 0x79, 0x00,
    0x2E, 0x00, 0x00, 0x00, 0x00, 0x00, 0x00, 0x00,
};
static const unsigned char g_res_en_031[] = {
    0x00, 0x00, 0x00, 0x00, 0x00, 0x00, 0x29, 0x00, 0x57, 0x00, 0x69, 0x00, 0x6E, 0x00, 0x64, 0x00,
    0x6F, 0x00, 0x77, 0x00, 0x73, 0x00, 0x20, 0x00, 0x68, 0x00, 0x61, 0x00, 0x73, 0x00, 0x20, 0x00,
    0x62, 0x00, 0x6C, 0x00, 0x6F, 0x00, 0x63, 0x00, 0x6B, 0x00, 0x65, 0x00, 0x64, 0x00, 0x20, 0x00,
    0x73, 0x00, 0x6F, 0x00, 0x6D, 0x00, 0x65, 0x00, 0x20, 0x00, 0x73, 0x00, 0x74, 0x00, 0x61, 0x00,
    0x72, 0x00, 0x74, 0x00, 0x75, 0x00, 0x70, 0x00, 0x20, 0x00, 0x70, 0x00, 0x72, 0x00, 0x6F, 0x00,
    0x67, 0x00, 0x72, 0x00, 0x61, 0x00, 0x6D, 0x00, 0x73, 0x00, 0x6B, 0x00, 0x57, 0x00, 0x69, 0x00,
    0x6E, 0x00, 0x64, 0x00, 0x6F, 0x00, 0x77, 0x00, 0x73, 0x00, 0x20, 0x00, 0x62, 0x00, 0x6C, 0x00,
    0x6F, 0x00, 0x63, 0x00, 0x6B, 0x00, 0x73, 0x00, 0x20, 0x00, 0x70, 0x00, 0x72, 0x00, 0x6F, 0x00,
    0x67, 0x00, 0x72, 0x00, 0x61, 0x00, 0x6D, 0x00, 0x73, 0x00, 0x20, 0x00, 0x74, 0x00, 0x68, 0x00,
    0x61, 0x00, 0x74, 0x00, 0x20, 0x00, 0x72, 0x00, 0x65, 0x00, 0x71, 0x00, 0x75, 0x00, 0x69, 0x00,
    0x72, 0x00, 0x65, 0x00, 0x20, 0x00, 0x70, 0x00, 0x65, 0x00, 0x72, 0x00, 0x6D, 0x00, 0x69, 0x00,
    0x73, 0x00, 0x73, 0x00, 0x69, 0x00, 0x6F, 0x00, 0x6E, 0x00, 0x20, 0x00, 0x74, 0x00, 0x6F, 0x00,
    0x20, 0x00, 0x72, 0x00, 0x75, 0x00, 0x6E, 0x00, 0x20, 0x00, 0x77, 0x00, 0x68, 0x00, 0x65, 0x00,
    0x6E, 0x00, 0x20, 0x00, 0x57, 0x00, 0x69, 0x00, 0x6E, 0x00, 0x64, 0x00, 0x6F, 0x00, 0x77, 0x00,
    0x73, 0x00, 0x20, 0x00, 0x73, 0x00, 0x74, 0x00, 0x61, 0x00, 0x72, 0x00, 0x74, 0x00, 0x73, 0x00,
    0x2E, 0x00, 0x20, 0x00, 0x43, 0x00, 0x6C, 0x00, 0x69, 0x00, 0x63, 0x00, 0x6B, 0x00, 0x20, 0x00,
    0x74, 0x00, 0x6F, 0x00, 0x20, 0x00, 0x76, 0x00, 0x69, 0x00, 0x65, 0x00, 0x77, 0x00, 0x20, 0x00,
    0x62, 0x00, 0x6C, 0x00, 0x6F, 0x00, 0x63, 0x00, 0x6B, 0x00, 0x65, 0x00, 0x64, 0x00, 0x20, 0x00,
    0x70, 0x00, 0x72, 0x00, 0x6F, 0x00, 0x67, 0x00, 0x72, 0x00, 0x61, 0x00, 0x6D, 0x00, 0x73, 0x00,
    0x2E, 0x00, 0x18, 0x00, 0x42, 0x00, 0x6C, 0x00, 0x6F, 0x00, 0x63, 0x00, 0x6B, 0x00, 0x65, 0x00,
    0x64, 0x00, 0x20, 0x00, 0x73, 0x00, 0x74, 0x00, 0x61, 0x00, 0x72, 0x00, 0x74, 0x00, 0x75, 0x00,
    0x70, 0x00, 0x20, 0x00, 0x70, 0x00, 0x72, 0x00, 0x6F, 0x00, 0x67, 0x00, 0x72, 0x00, 0x61, 0x00,
    0x6D, 0x00, 0x73, 0x00, 0x15, 0x00, 0x4E, 0x00, 0x6F, 0x00, 0x74, 0x00, 0x69, 0x00, 0x66, 0x00,
    0x69, 0x00, 0x63, 0x00, 0x61, 0x00, 0x74, 0x00, 0x69, 0x00, 0x6F, 0x00, 0x6E, 0x00, 0x20, 0x00,
    0x6F, 0x00, 0x76, 0x00, 0x65, 0x00, 0x72, 0x00, 0x66, 0x00, 0x6C, 0x00, 0x6F, 0x00, 0x77, 0x00,
    0x00, 0x00, 0x00, 0x00, 0x00, 0x00, 0x00, 0x00, 0x00, 0x00, 0x00, 0x00, 0x00, 0x00, 0x00, 0x00,
    0x00, 0x00,
};
static const unsigned char g_res_en_032[] = {
    0x00, 0x00, 0x00, 0x00, 0x00, 0x00, 0x00, 0x00, 0x00, 0x00, 0x00, 0x00, 0x00, 0x00, 0x36, 0x00,
    0x53, 0x00, 0x65, 0x00, 0x61, 0x00, 0x72, 0x00, 0x63, 0x00, 0x68, 0x00, 0x20, 0x00, 0x66, 0x00,
    0x6F, 0x00, 0x72, 0x00, 0x20, 0x00, 0x64, 0x00, 0x6F, 0x00, 0x63, 0x00, 0x75, 0x00, 0x6D, 0x00,
    0x65, 0x00, 0x6E, 0x00, 0x74, 0x00, 0x73, 0x00, 0x2C, 0x00, 0x20, 0x00, 0x6D, 0x00, 0x75, 0x00,
    0x73, 0x00, 0x69, 0x00, 0x63, 0x00, 0x2C, 0x00, 0x20, 0x00, 0x70, 0x00, 0x69, 0x00, 0x63, 0x00,
    0x74, 0x00, 0x75, 0x00, 0x72, 0x00, 0x65, 0x00, 0x73, 0x00, 0x2C, 0x00, 0x20, 0x00, 0x65, 0x00,
    0x6D, 0x00, 0x61, 0x00, 0x69, 0x00, 0x6C, 0x00, 0x20, 0x00, 0x61, 0x00, 0x6E, 0x00, 0x64, 0x00,
    0x20, 0x00, 0x6D, 0x00, 0x6F, 0x00, 0x72, 0x00, 0x65, 0x00, 0x2E, 0x00, 0x49, 0x00, 0x46, 0x00,
    0x69, 0x00, 0x6E, 0x00, 0x64, 0x00, 0x20, 0x00, 0x48, 0x00, 0x65, 0x00, 0x6C, 0x00, 0x70, 0x00,
    0x20, 0x00, 0x74, 0x00, 0x6F, 0x00, 0x70, 0x00, 0x69, 0x00, 0x63, 0x00, 0x73, 0x00, 0x2C, 0x00,
    0x20, 0x00, 0x74, 0x00, 0x75, 0x00, 0x74, 0x00, 0x6F, 0x00, 0x72, 0x00, 0x69, 0x00, 0x61, 0x00,
    0x6C, 0x00, 0x73, 0x00, 0x2C, 0x00, 0x20, 0x00, 0x74, 0x00, 0x72, 0x00, 0x6F, 0x00, 0x75, 0x00,
    0x62, 0x00, 0x6C, 0x00, 0x65, 0x00, 0x73, 0x00, 0x68, 0x00, 0x6F, 0x00, 0x6F, 0x00, 0x74, 0x00,
    0x69, 0x00, 0x6E, 0x00, 0x67, 0x00, 0x2C, 0x00, 0x20, 0x00, 0x61, 0x00, 0x6E, 0x00, 0x64, 0x00,
    0x20, 0x00, 0x6F, 0x00, 0x74, 0x00, 0x68, 0x00, 0x65, 0x00, 0x72, 0x00, 0x20, 0x00, 0x73, 0x00,
    0x75, 0x00, 0x70, 0x00, 0x70, 0x00, 0x6F, 0x00, 0x72, 0x00, 0x74, 0x00, 0x20, 0x00, 0x73, 0x00,
    0x65, 0x00, 0x72, 0x00, 0x76, 0x00, 0x69, 0x00, 0x63, 0x00, 0x65, 0x00, 0x73, 0x00, 0x2E, 0x00,
    0x32, 0x00, 0x43, 0x00, 0x68, 0x00, 0x61, 0x00, 0x6E, 0x00, 0x67, 0x00, 0x65, 0x00, 0x73, 0x00,
    0x20, 0x00, 0x68, 0x00, 0x65, 0x00, 0x72, 0x00, 0x65, 0x00, 0x20, 0x00, 0x61, 0x00, 0x70, 0x00,
    0x70, 0x00, 0x6C, 0x00, 0x79, 0x00, 0x20, 0x00, 0x74, 0x00, 0x6F, 0x00, 0x20, 0x00, 0x65, 0x00,
    0x76, 0x00, 0x65, 0x00, 0x72, 0x00, 0x79, 0x00, 0x20, 0x00, 0x75, 0x00, 0x73, 0x00, 0x65, 0x00,
    0x72, 0x00, 0x20, 0x00, 0x6F, 0x00, 0x66, 0x00, 0x20, 0x00, 0x74, 0x00, 0x68, 0x00, 0x69, 0x00,
    0x73, 0x00, 0x20, 0x00, 0x63, 0x00, 0x6F, 0x00, 0x6D, 0x00, 0x70, 0x00, 0x75, 0x00, 0x74, 0x00,
    0x65, 0x00, 0x72, 0x00, 0x2E, 0x00, 0x2F, 0x00, 0x4F, 0x00, 0x70, 0x00, 0x65, 0x00, 0x6E, 0x00,
    0x73, 0x00, 0x20, 0x00, 0x61, 0x00, 0x20, 0x00, 0x70, 0x00, 0x72, 0x00, 0x6F, 0x00, 0x67, 0x00,
    0x72, 0x00, 0x61, 0x00, 0x6D, 0x00, 0x2C, 0x00, 0x20, 0x00, 0x66, 0x00, 0x6F, 0x00, 0x6C, 0x00,
    0x64, 0x00, 0x65, 0x00, 0x72, 0x00, 0x2C, 0x00, 0x20, 0x00, 0x64, 0x00, 0x6F, 0x00, 0x63, 0x00,
    0x75, 0x00, 0x6D, 0x00, 0x65, 0x00, 0x6E, 0x00, 0x74, 0x00, 0x2C, 0x00, 0x20, 0x00, 0x6F, 0x00,
    0x72, 0x00, 0x20, 0x00, 0x77, 0x00, 0x65, 0x00, 0x62, 0x00, 0x20, 0x00, 0x73, 0x00, 0x69, 0x00,
    0x74, 0x00, 0x65, 0x00, 0x2E, 0x00, 0x2E, 0x00, 0x46, 0x00, 0x69, 0x00, 0x6E, 0x00, 0x64, 0x00,
    0x20, 0x00, 0x69, 0x00, 0x6E, 0x00, 0x66, 0x00, 0x6F, 0x00, 0x72, 0x00, 0x6D, 0x00, 0x61, 0x00,
    0x74, 0x00, 0x69, 0x00, 0x6F, 0x00, 0x6E, 0x00, 0x20, 0x00, 0x61, 0x00, 0x6E, 0x00, 0x64, 0x00,
    0x20, 0x00, 0x77, 0x00, 0x65, 0x00, 0x62, 0x00, 0x73, 0x00, 0x69, 0x00, 0x74, 0x00, 0x65, 0x00,
    0x73, 0x00, 0x20, 0x00, 0x6F, 0x00, 0x6E, 0x00, 0x20, 0x00, 0x74, 0x00, 0x68, 0x00, 0x65, 0x00,
    0x20, 0x00, 0x49, 0x00, 0x6E, 0x00, 0x74, 0x00, 0x65, 0x00, 0x72, 0x00, 0x6E, 0x00, 0x65, 0x00,
    0x74, 0x00, 0x2E, 0x00, 0x20, 0x00, 0x53, 0x00, 0x65, 0x00, 0x6E, 0x00, 0x64, 0x00, 0x20, 0x00,
    0x6F, 0x00, 0x72, 0x00, 0x20, 0x00, 0x72, 0x00, 0x65, 0x00, 0x63, 0x00, 0x65, 0x00, 0x69, 0x00,
    0x76, 0x00, 0x65, 0x00, 0x20, 0x00, 0x65, 0x00, 0x2D, 0x00, 0x6D, 0x00, 0x61, 0x00, 0x69, 0x00,
    0x6C, 0x00, 0x20, 0x00, 0x6D, 0x00, 0x65, 0x00, 0x73, 0x00, 0x73, 0x00, 0x61, 0x00, 0x67, 0x00,
    0x65, 0x00, 0x73, 0x00, 0x2E, 0x00, 0x0F, 0x00, 0x43, 0x00, 0x61, 0x00, 0x73, 0x00, 0x63, 0x00,
    0x61, 0x00, 0x64, 0x00, 0x65, 0x00, 0x20, 0x00, 0x77, 0x00, 0x69, 0x00, 0x6E, 0x00, 0x64, 0x00,
    0x6F, 0x00, 0x77, 0x00, 0x73, 0x00, 0x00, 0x00, 0x00, 0x00,
};
static const unsigned char g_res_en_033[] = {
    0x00, 0x00, 0x00, 0x00, 0x00, 0x00, 0x00, 0x00, 0x00, 0x00, 0x00, 0x00, 0x00, 0x00, 0x00, 0x00,
    0x00, 0x00, 0x00, 0x00, 0x00, 0x00, 0x06, 0x00, 0x53, 0x00, 0x65, 0x00, 0x61, 0x00, 0x72, 0x00,
    0x63, 0x00, 0x68, 0x00, 0x10, 0x00, 0x48, 0x00, 0x65, 0x00, 0x6C, 0x00, 0x70, 0x00, 0x20, 0x00,
    0x61, 0x00, 0x6E, 0x00, 0x64, 0x00, 0x20, 0x00, 0x53, 0x00, 0x75, 0x00, 0x70, 0x00, 0x70, 0x00,
    0x6F, 0x00, 0x72, 0x00, 0x74, 0x00, 0x10, 0x00, 0x57, 0x00, 0x69, 0x00, 0x6E, 0x00, 0x64, 0x00,
    0x6F, 0x00, 0x77, 0x00, 0x73, 0x00, 0x20, 0x00, 0x53, 0x00, 0x65, 0x00, 0x63, 0x00, 0x75, 0x00,
    0x72, 0x00, 0x69, 0x00, 0x74, 0x00, 0x79, 0x00, 0x06, 0x00, 0x52, 0x00, 0x75, 0x00, 0x6E, 0x00,
    0x2E, 0x00, 0x2E, 0x00, 0x2E, 0x00, 0x08, 0x00, 0x49, 0x00, 0x6E, 0x00, 0x74, 0x00, 0x65, 0x00,
    0x72, 0x00, 0x6E, 0x00, 0x65, 0x00, 0x74, 0x00,
};
static const unsigned char g_res_en_034[] = {
    0x06, 0x00, 0x45, 0x00, 0x2D, 0x00, 0x6D, 0x00, 0x61, 0x00, 0x69, 0x00, 0x6C, 0x00, 0x05, 0x00,
    0x43, 0x00, 0x6C, 0x00, 0x6F, 0x00, 0x73, 0x00, 0x65, 0x00, 0x00, 0x00, 0x1B, 0x00, 0x4E, 0x00,
    0x6F, 0x00, 0x20, 0x00, 0x69, 0x00, 0x74, 0x00, 0x65, 0x00, 0x6D, 0x00, 0x73, 0x00, 0x20, 0x00,
    0x6D, 0x00, 0x61, 0x00, 0x74, 0x00, 0x63, 0x00, 0x68, 0x00, 0x20, 0x00, 0x79, 0x00, 0x6F, 0x00,
    0x75, 0x00, 0x72, 0x00, 0x20, 0x00, 0x73, 0x00, 0x65, 0x00, 0x61, 0x00, 0x72, 0x00, 0x63, 0x00,
    0x68, 0x00, 0x2E, 0x00, 0x1F, 0x00, 0x43, 0x00, 0x6C, 0x00, 0x6F, 0x00, 0x73, 0x00, 0x65, 0x00,
    0x20, 0x00, 0x65, 0x00, 0x76, 0x00, 0x65, 0x00, 0x72, 0x00, 0x79, 0x00, 0x20, 0x00, 0x77, 0x00,
    0x69, 0x00, 0x6E, 0x00, 0x64, 0x00, 0x6F, 0x00, 0x77, 0x00, 0x20, 0x00, 0x6F, 0x00, 0x66, 0x00,
    0x20, 0x00, 0x74, 0x00, 0x68, 0x00, 0x65, 0x00, 0x20, 0x00, 0x67, 0x00, 0x72, 0x00, 0x6F, 0x00,
    0x75, 0x00, 0x70, 0x00, 0x00, 0x00, 0x00, 0x00, 0x00, 0x00, 0x00, 0x00, 0x00, 0x00, 0x00, 0x00,
    0x00, 0x00, 0x00, 0x00, 0x00, 0x00, 0x00, 0x00, 0x00, 0x00,
};
static const unsigned char g_res_en_035[] = {
    0x00, 0x00, 0x00, 0x00, 0x00, 0x00, 0x00, 0x00, 0x00, 0x00, 0x00, 0x00, 0x00, 0x00, 0x00, 0x00,
    0x00, 0x00, 0x1C, 0x00, 0x53, 0x00, 0x65, 0x00, 0x61, 0x00, 0x72, 0x00, 0x63, 0x00, 0x68, 0x00,
    0x20, 0x00, 0x66, 0x00, 0x61, 0x00, 0x69, 0x00, 0x6C, 0x00, 0x65, 0x00, 0x64, 0x00, 0x20, 0x00,
    0x74, 0x00, 0x6F, 0x00, 0x20, 0x00, 0x69, 0x00, 0x6E, 0x00, 0x69, 0x00, 0x74, 0x00, 0x69, 0x00,
    0x61, 0x00, 0x6C, 0x00, 0x69, 0x00, 0x7A, 0x00, 0x65, 0x00, 0x2E, 0x00, 0x21, 0x00, 0x52, 0x00,
    0x65, 0x00, 0x73, 0x00, 0x74, 0x00, 0x6F, 0x00, 0x72, 0x00, 0x65, 0x00, 0x20, 0x00, 0x65, 0x00,
    0x76, 0x00, 0x65, 0x00, 0x72, 0x00, 0x79, 0x00, 0x20, 0x00, 0x77, 0x00, 0x69, 0x00, 0x6E, 0x00,
    0x64, 0x00, 0x6F, 0x00, 0x77, 0x00, 0x20, 0x00, 0x6F, 0x00, 0x66, 0x00, 0x20, 0x00, 0x74, 0x00,
    0x68, 0x00, 0x65, 0x00, 0x20, 0x00, 0x67, 0x00, 0x72, 0x00, 0x6F, 0x00, 0x75, 0x00, 0x70, 0x00,
    0x00, 0x00, 0x00, 0x00, 0x00, 0x00, 0x00, 0x00, 0x00, 0x00,
};
static const unsigned char g_res_en_036[] = {
    0x00, 0x00, 0x00, 0x00, 0x00, 0x00, 0x00, 0x00, 0x00, 0x00, 0x00, 0x00, 0x00, 0x00, 0x00, 0x00,
    0x00, 0x00, 0x00, 0x00, 0x00, 0x00, 0x00, 0x00, 0x00, 0x00, 0x00, 0x00, 0x00, 0x00, 0x7E, 0x00,
    0x54, 0x00, 0x68, 0x00, 0x65, 0x00, 0x20, 0x00, 0x69, 0x00, 0x74, 0x00, 0x65, 0x00, 0x6D, 0x00,
    0x20, 0x00, 0x79, 0x00, 0x6F, 0x00, 0x75, 0x00, 0x20, 0x00, 0x73, 0x00, 0x65, 0x00, 0x6C, 0x00,
    0x65, 0x00, 0x63, 0x00, 0x74, 0x00, 0x65, 0x00, 0x64, 0x00, 0x20, 0x00, 0x69, 0x00, 0x73, 0x00,
    0x20, 0x00, 0x75, 0x00, 0x6E, 0x00, 0x61, 0x00, 0x76, 0x00, 0x61, 0x00, 0x69, 0x00, 0x6C, 0x00,
    0x61, 0x00, 0x62, 0x00, 0x6C, 0x00, 0x65, 0x00, 0x2E, 0x00, 0x20, 0x00, 0x20, 0x00, 0x49, 0x00,
    0x74, 0x00, 0x20, 0x00, 0x6D, 0x00, 0x69, 0x00, 0x67, 0x00, 0x68, 0x00, 0x74, 0x00, 0x20, 0x00,
    0x68, 0x00, 0x61, 0x00, 0x76, 0x00, 0x65, 0x00, 0x20, 0x00, 0x62, 0x00, 0x65, 0x00, 0x65, 0x00,
    0x6E, 0x00, 0x20, 0x00, 0x6D, 0x00, 0x6F, 0x00, 0x76, 0x00, 0x65, 0x00, 0x64, 0x00, 0x2C, 0x00,
    0x20, 0x00, 0x72, 0x00, 0x65, 0x00, 0x6E, 0x00, 0x61, 0x00, 0x6D, 0x00, 0x65, 0x00, 0x64, 0x00,
    0x2C, 0x00, 0x20, 0x00, 0x6F, 0x00, 0x72, 0x00, 0x20, 0x00, 0x72, 0x00, 0x65, 0x00, 0x6D, 0x00,
    0x6F, 0x00, 0x76, 0x00, 0x65, 0x00, 0x64, 0x00, 0x2E, 0x00, 0x20, 0x00, 0x20, 0x00, 0x44, 0x00,
    0x6F, 0x00, 0x20, 0x00, 0x79, 0x00, 0x6F, 0x00, 0x75, 0x00, 0x20, 0x00, 0x77, 0x00, 0x61, 0x00,
    0x6E, 0x00, 0x74, 0x00, 0x20, 0x00, 0x74, 0x00, 0x6F, 0x00, 0x20, 0x00, 0x72, 0x00, 0x65, 0x00,
    0x6D, 0x00, 0x6F, 0x00, 0x76, 0x00, 0x65, 0x00, 0x20, 0x00, 0x69, 0x00, 0x74, 0x00, 0x20, 0x00,
    0x66, 0x00, 0x72, 0x00, 0x6F, 0x00, 0x6D, 0x00, 0x20, 0x00, 0x74, 0x00, 0x68, 0x00, 0x65, 0x00,
    0x20, 0x00, 0x6C, 0x00, 0x69, 0x00, 0x73, 0x00, 0x74, 0x00, 0x3F, 0x00,
};
static const unsigned char g_res_en_037[] = {
    0x16, 0x00, 0x52, 0x00, 0x65, 0x00, 0x6D, 0x00, 0x6F, 0x00, 0x76, 0x00, 0x65, 0x00, 0x20, 0x00,
    0x26, 0x00, 0x66, 0x00, 0x72, 0x00, 0x6F, 0x00, 0x6D, 0x00, 0x20, 0x00, 0x74, 0x00, 0x68, 0x00,
    0x69, 0x00, 0x73, 0x00, 0x20, 0x00, 0x6C, 0x00, 0x69, 0x00, 0x73, 0x00, 0x74, 0x00, 0x0C, 0x00,
    0x41, 0x00, 0x6C, 0x00, 0x6C, 0x00, 0x20, 0x00, 0x50, 0x00, 0x72, 0x00, 0x6F, 0x00, 0x67, 0x00,
    0x72, 0x00, 0x61, 0x00, 0x6D, 0x00, 0x73, 0x00, 0x1E, 0x00, 0x4F, 0x00, 0x70, 0x00, 0x65, 0x00,
    0x6E, 0x00, 0x73, 0x00, 0x20, 0x00, 0x61, 0x00, 0x20, 0x00, 0x6C, 0x00, 0x69, 0x00, 0x73, 0x00,
    0x74, 0x00, 0x20, 0x00, 0x6F, 0x00, 0x66, 0x00, 0x20, 0x00, 0x79, 0x00, 0x6F, 0x00, 0x75, 0x00,
    0x72, 0x00, 0x20, 0x00, 0x70, 0x00, 0x72, 0x00, 0x6F, 0x00, 0x67, 0x00, 0x72, 0x00, 0x61, 0x00,
    0x6D, 0x00, 0x73, 0x00, 0x2E, 0x00, 0x1C, 0x00, 0x4E, 0x00, 0x6F, 0x00, 0x20, 0x00, 0x72, 0x00,
    0x75, 0x00, 0x6E, 0x00, 0x6E, 0x00, 0x69, 0x00, 0x6E, 0x00, 0x67, 0x00, 0x20, 0x00, 0x73, 0x00,
    0x63, 0x00, 0x61, 0x00, 0x6E, 0x00, 0x73, 0x00, 0x20, 0x00, 0x61, 0x00, 0x72, 0x00, 0x65, 0x00,
    0x20, 0x00, 0x70, 0x00, 0x6C, 0x00, 0x61, 0x00, 0x6E, 0x00, 0x6E, 0x00, 0x65, 0x00, 0x64, 0x00,
    0x00, 0x00, 0xAF, 0x00, 0x49, 0x00, 0x66, 0x00, 0x20, 0x00, 0x79, 0x00, 0x6F, 0x00, 0x75, 0x00,
    0x20, 0x00, 0x77, 0x00, 0x61, 0x00, 0x6E, 0x00, 0x74, 0x00, 0x20, 0x00, 0x74, 0x00, 0x6F, 0x00,
    0x20, 0x00, 0x70, 0x00, 0x75, 0x00, 0x74, 0x00, 0x20, 0x00, 0x74, 0x00, 0x68, 0x00, 0x65, 0x00,
    0x20, 0x00, 0x49, 0x00, 0x6E, 0x00, 0x74, 0x00, 0x65, 0x00, 0x72, 0x00, 0x6E, 0x00, 0x65, 0x00,
    0x74, 0x00, 0x20, 0x00, 0x6F, 0x00, 0x72, 0x00, 0x20, 0x00, 0x45, 0x00, 0x2D, 0x00, 0x6D, 0x00,
    0x61, 0x00, 0x69, 0x00, 0x6C, 0x00, 0x20, 0x00, 0x69, 0x00, 0x63, 0x00, 0x6F, 0x00, 0x6E, 0x00,
    0x73, 0x00, 0x20, 0x00, 0x62, 0x00, 0x61, 0x00, 0x63, 0x00, 0x6B, 0x00, 0x20, 0x00, 0x6F, 0x00,
    0x6E, 0x00, 0x20, 0x00, 0x79, 0x00, 0x6F, 0x00, 0x75, 0x00, 0x72, 0x00, 0x20, 0x00, 0x53, 0x00,
    0x74, 0x00, 0x61, 0x00, 0x72, 0x00, 0x74, 0x00, 0x20, 0x00, 0x6D, 0x00, 0x65, 0x00, 0x6E, 0x00,
    0x75, 0x00, 0x2C, 0x00, 0x20, 0x00, 0x72, 0x00, 0x69, 0x00, 0x67, 0x00, 0x68, 0x00, 0x74, 0x00,
    0x2D, 0x00, 0x63, 0x00, 0x6C, 0x00, 0x69, 0x00, 0x63, 0x00, 0x6B, 0x00, 0x20, 0x00, 0x74, 0x00,
    0x68, 0x00, 0x65, 0x00, 0x20, 0x00, 0x53, 0x00, 0x74, 0x00, 0x61, 0x00, 0x72, 0x00, 0x74, 0x00,
    0x20, 0x00, 0x62, 0x00, 0x75, 0x00, 0x74, 0x00, 0x74, 0x00, 0x6F, 0x00, 0x6E, 0x00, 0x2C, 0x00,
    0x20, 0x00, 0x63, 0x00, 0x6C, 0x00, 0x69, 0x00, 0x63, 0x00, 0x6B, 0x00, 0x20, 0x00, 0x50, 0x00,
    0x72, 0x00, 0x6F, 0x00, 0x70, 0x00, 0x65, 0x00, 0x72, 0x00, 0x74, 0x00, 0x69, 0x00, 0x65, 0x00,
    0x73, 0x00, 0x2C, 0x00, 0x20, 0x00, 0x63, 0x00, 0x6C, 0x00, 0x69, 0x00, 0x63, 0x00, 0x6B, 0x00,
    0x20, 0x00, 0x43, 0x00, 0x75, 0x00, 0x73, 0x00, 0x74, 0x00, 0x6F, 0x00, 0x6D, 0x00, 0x69, 0x00,
    0x7A, 0x00, 0x65, 0x00, 0x2C, 0x00, 0x20, 0x00, 0x61, 0x00, 0x6E, 0x00, 0x64, 0x00, 0x20, 0x00,
    0x73, 0x00, 0x65, 0x00, 0x6C, 0x00, 0x65, 0x00, 0x63, 0x00, 0x74, 0x00, 0x20, 0x00, 0x74, 0x00,
    0x68, 0x00, 0x65, 0x00, 0x20, 0x00, 0x61, 0x00, 0x70, 0x00, 0x70, 0x00, 0x72, 0x00, 0x6F, 0x00,
    0x70, 0x00, 0x72, 0x00, 0x69, 0x00, 0x61, 0x00, 0x74, 0x00, 0x65, 0x00, 0x20, 0x00, 0x63, 0x00,
    0x68, 0x00, 0x65, 0x00, 0x63, 0x00, 0x6B, 0x00, 0x20, 0x00, 0x62, 0x00, 0x6F, 0x00, 0x78, 0x00,
    0x2E, 0x00, 0x85, 0x00, 0x4B, 0x00, 0x65, 0x00, 0x65, 0x00, 0x70, 0x00, 0x69, 0x00, 0x6E, 0x00,
    0x67, 0x00, 0x20, 0x00, 0x74, 0x00, 0x68, 0x00, 0x65, 0x00, 0x20, 0x00, 0x6C, 0x00, 0x69, 0x00,
    0x73, 0x00, 0x74, 0x00, 0x20, 0x00, 0x73, 0x00, 0x6D, 0x00, 0x61, 0x00, 0x6C, 0x00, 0x6C, 0x00,
    0x20, 0x00, 0x68, 0x00, 0x65, 0x00, 0x6C, 0x00, 0x70, 0x00, 0x73, 0x00, 0x20, 0x00, 0x79, 0x00,
    0x6F, 0x00, 0x75, 0x00, 0x20, 0x00, 0x72, 0x00, 0x65, 0x00, 0x61, 0x00, 0x63, 0x00, 0x68, 0x00,
    0x20, 0x00, 0x70, 0x00, 0x72, 0x00, 0x6F, 0x00, 0x67, 0x00, 0x72, 0x00, 0x61, 0x00, 0x6D, 0x00,
    0x73, 0x00, 0x20, 0x00, 0x66, 0x00, 0x61, 0x00, 0x73, 0x00, 0x74, 0x00, 0x65, 0x00, 0x72, 0x00,
    0x3B, 0x00, 0x20, 0x00, 0x6B, 0x00, 0x65, 0x00, 0x65, 0x00, 0x70, 0x00, 0x69, 0x00, 0x6E, 0x00,
    0x67, 0x00, 0x20, 0x00, 0x69, 0x00, 0x74, 0x00, 0x20, 0x00, 0x6C, 0x00, 0x61, 0x00, 0x72, 0x00,
    0x67, 0x00, 0x65, 0x00, 0x20, 0x00, 0x6C, 0x00, 0x65, 0x00, 0x74, 0x00, 0x73, 0x00, 0x20, 0x00,
    0x79, 0x00, 0x6F, 0x00, 0x75, 0x00, 0x20, 0x00, 0x72, 0x00, 0x65, 0x00, 0x6F, 0x00, 0x70, 0x00,
    0x65, 0x00, 0x6E, 0x00, 0x20, 0x00, 0x72, 0x00, 0x65, 0x00, 0x63, 0x00, 0x65, 0x00, 0x6E, 0x00,
    0x74, 0x00, 0x20, 0x00, 0x64, 0x00, 0x6F, 0x00, 0x63, 0x00, 0x75, 0x00, 0x6D, 0x00, 0x65, 0x00,
    0x6E, 0x00, 0x74, 0x00, 0x73, 0x00, 0x20, 0x00, 0x77, 0x00, 0x69, 0x00, 0x74, 0x00, 0x68, 0x00,
    0x6F, 0x00, 0x75, 0x00, 0x74, 0x00, 0x20, 0x00, 0x73, 0x00, 0x65, 0x00, 0x61, 0x00, 0x72, 0x00,
    0x63, 0x00, 0x68, 0x00, 0x69, 0x00, 0x6E, 0x00, 0x67, 0x00, 0x20, 0x00, 0x66, 0x00, 0x6F, 0x00,
    0x72, 0x00, 0x20, 0x00, 0x74, 0x00, 0x68, 0x00, 0x65, 0x00, 0x6D, 0x00, 0x2E, 0x00, 0x00, 0x00,
    0x07, 0x00, 0x4E, 0x00, 0x65, 0x00, 0x74, 0x00, 0x77, 0x00, 0x6F, 0x00, 0x72, 0x00, 0x6B, 0x00,
    0x0D, 0x00, 0x43, 0x00, 0x6F, 0x00, 0x6E, 0x00, 0x74, 0x00, 0x72, 0x00, 0x6F, 0x00, 0x6C, 0x00,
    0x20, 0x00, 0x50, 0x00, 0x61, 0x00, 0x6E, 0x00, 0x65, 0x00, 0x6C, 0x00, 0x09, 0x00, 0x46, 0x00,
    0x61, 0x00, 0x76, 0x00, 0x6F, 0x00, 0x72, 0x00, 0x69, 0x00, 0x74, 0x00, 0x65, 0x00, 0x73, 0x00,
    0x0C, 0x00, 0x52, 0x00, 0x65, 0x00, 0x63, 0x00, 0x65, 0x00, 0x6E, 0x00, 0x74, 0x00, 0x20, 0x00,
    0x49, 0x00, 0x74, 0x00, 0x65, 0x00, 0x6D, 0x00, 0x73, 0x00, 0x09, 0x00, 0x48, 0x00, 0x69, 0x00,
    0x62, 0x00, 0x65, 0x00, 0x72, 0x00, 0x6E, 0x00, 0x61, 0x00, 0x74, 0x00, 0x65, 0x00, 0x00, 0x00,
    0x00, 0x00, 0x00, 0x00,
};
static const unsigned char g_res_en_038[] = {
    0x04, 0x00, 0x42, 0x00, 0x61, 0x00, 0x63, 0x00, 0x6B, 0x00, 0x10, 0x00, 0x53, 0x00, 0x65, 0x00,
    0x65, 0x00, 0x20, 0x00, 0x6D, 0x00, 0x6F, 0x00, 0x72, 0x00, 0x65, 0x00, 0x20, 0x00, 0x72, 0x00,
    0x65, 0x00, 0x73, 0x00, 0x75, 0x00, 0x6C, 0x00, 0x74, 0x00, 0x73, 0x00, 0x11, 0x00, 0x53, 0x00,
    0x65, 0x00, 0x61, 0x00, 0x72, 0x00, 0x63, 0x00, 0x68, 0x00, 0x20, 0x00, 0x45, 0x00, 0x76, 0x00,
    0x65, 0x00, 0x72, 0x00, 0x79, 0x00, 0x77, 0x00, 0x68, 0x00, 0x65, 0x00, 0x72, 0x00, 0x65, 0x00,
    0x13, 0x00, 0x53, 0x00, 0x65, 0x00, 0x61, 0x00, 0x72, 0x00, 0x63, 0x00, 0x68, 0x00, 0x20, 0x00,
    0x74, 0x00, 0x68, 0x00, 0x65, 0x00, 0x20, 0x00, 0x49, 0x00, 0x6E, 0x00, 0x74, 0x00, 0x65, 0x00,
    0x72, 0x00, 0x6E, 0x00, 0x65, 0x00, 0x74, 0x00, 0x18, 0x00, 0x52, 0x00, 0x65, 0x00, 0x74, 0x00,
    0x75, 0x00, 0x72, 0x00, 0x6E, 0x00, 0x20, 0x00, 0x74, 0x00, 0x6F, 0x00, 0x20, 0x00, 0x70, 0x00,
    0x72, 0x00, 0x65, 0x00, 0x76, 0x00, 0x69, 0x00, 0x6F, 0x00, 0x75, 0x00, 0x73, 0x00, 0x20, 0x00,
    0x76, 0x00, 0x69, 0x00, 0x65, 0x00, 0x77, 0x00, 0x2E, 0x00, 0x1A, 0x00, 0x20, 0x00, 0x53, 0x00,
    0x65, 0x00, 0x61, 0x00, 0x72, 0x00, 0x63, 0x00, 0x68, 0x00, 0x20, 0x00, 0x70, 0x00, 0x72, 0x00,
    0x6F, 0x00, 0x67, 0x00, 0x72, 0x00, 0x61, 0x00, 0x6D, 0x00, 0x73, 0x00, 0x20, 0x00, 0x61, 0x00,
    0x6E, 0x00, 0x64, 0x00, 0x20, 0x00, 0x66, 0x00, 0x69, 0x00, 0x6C, 0x00, 0x65, 0x00, 0x73, 0x00,
    0x1A, 0x00, 0x20, 0x00, 0x53, 0x00, 0x65, 0x00, 0x61, 0x00, 0x72, 0x00, 0x63, 0x00, 0x68, 0x00,
    0x20, 0x00, 0x70, 0x00, 0x72, 0x00, 0x6F, 0x00, 0x67, 0x00, 0x72, 0x00, 0x61, 0x00, 0x6D, 0x00,
    0x73, 0x00, 0x20, 0x00, 0x61, 0x00, 0x6E, 0x00, 0x64, 0x00, 0x20, 0x00, 0x66, 0x00, 0x69, 0x00,
    0x6C, 0x00, 0x65, 0x00, 0x73, 0x00, 0x00, 0x00, 0x00, 0x00, 0x00, 0x00, 0x00, 0x00, 0x00, 0x00,
    0x00, 0x00, 0x00, 0x00, 0x00, 0x00, 0x00, 0x00,
};
static const unsigned char g_res_en_039[] = {
    0x00, 0x00, 0x02, 0x00, 0x37, 0x00, 0x35, 0x00, 0x02, 0x00, 0x34, 0x00, 0x30, 0x00, 0x02, 0x00,
    0x34, 0x00, 0x30, 0x00, 0x02, 0x00, 0x36, 0x00, 0x34, 0x00, 0x03, 0x00, 0x34, 0x00, 0x30, 0x00,
    0x35, 0x00, 0x03, 0x00, 0x34, 0x00, 0x30, 0x00, 0x35, 0x00, 0x03, 0x00, 0x34, 0x00, 0x30, 0x00,
    0x35, 0x00, 0x03, 0x00, 0x34, 0x00, 0x38, 0x00, 0x30, 0x00, 0x03, 0x00, 0x32, 0x00, 0x33, 0x00,
    0x30, 0x00, 0x02, 0x00, 0x32, 0x00, 0x36, 0x00, 0x02, 0x00, 0x31, 0x00, 0x36, 0x00, 0x01, 0x00,
    0x35, 0x00, 0x02, 0x00, 0x31, 0x00, 0x30, 0x00, 0x01, 0x00, 0x32, 0x00, 0x10, 0x00, 0x26, 0x00,
    0x53, 0x00, 0x68, 0x00, 0x6F, 0x00, 0x77, 0x00, 0x20, 0x00, 0x6F, 0x00, 0x6E, 0x00, 0x20, 0x00,
    0x44, 0x00, 0x65, 0x00, 0x73, 0x00, 0x6B, 0x00, 0x74, 0x00, 0x6F, 0x00, 0x70, 0x00,
};
static const unsigned char g_res_en_040[] = {
    0x0C, 0x00, 0x26, 0x00, 0x53, 0x00, 0x65, 0x00, 0x74, 0x00, 0x74, 0x00, 0x69, 0x00, 0x6E, 0x00,
    0x67, 0x00, 0x73, 0x00, 0x2E, 0x00, 0x2E, 0x00, 0x2E, 0x00, 0x00, 0x00, 0x00, 0x00, 0x00, 0x00,
    0x00, 0x00, 0x00, 0x00, 0x00, 0x00, 0x00, 0x00, 0x00, 0x00, 0x00, 0x00, 0x00, 0x00, 0x00, 0x00,
    0x00, 0x00, 0x00, 0x00, 0x00, 0x00, 0x00, 0x00,
};
static const unsigned char g_res_en_041[] = {
    0x00, 0x00, 0x00, 0x00, 0x00, 0x00, 0x00, 0x00, 0x00, 0x00, 0x00, 0x00, 0x00, 0x00, 0x00, 0x00,
    0x00, 0x00, 0x00, 0x00, 0x00, 0x00, 0x0D, 0x00, 0x54, 0x00, 0x61, 0x00, 0x73, 0x00, 0x6B, 0x00,
    0x20, 0x00, 0x53, 0x00, 0x77, 0x00, 0x69, 0x00, 0x74, 0x00, 0x63, 0x00, 0x68, 0x00, 0x65, 0x00,
    0x72, 0x00, 0x06, 0x00, 0x53, 0x00, 0x77, 0x00, 0x69, 0x00, 0x74, 0x00, 0x63, 0x00, 0x68, 0x00,
    0x05, 0x00, 0x50, 0x00, 0x72, 0x00, 0x65, 0x00, 0x73, 0x00, 0x73, 0x00, 0x04, 0x00, 0x4F, 0x00,
    0x70, 0x00, 0x65, 0x00, 0x6E, 0x00, 0x07, 0x00, 0x57, 0x00, 0x69, 0x00, 0x6E, 0x00, 0x64, 0x00,
    0x6F, 0x00, 0x77, 0x00, 0x73, 0x00,
};
static const unsigned char g_res_en_042[] = {
    0x14, 0x00, 0x43, 0x00, 0x61, 0x00, 0x6E, 0x00, 0x27, 0x00, 0x74, 0x00, 0x20, 0x00, 0x6F, 0x00,
    0x70, 0x00, 0x65, 0x00, 0x6E, 0x00, 0x20, 0x00, 0x74, 0x00, 0x68, 0x00, 0x69, 0x00, 0x73, 0x00,
    0x20, 0x00, 0x69, 0x00, 0x74, 0x00, 0x65, 0x00, 0x6D, 0x00, 0x4F, 0x00, 0x49, 0x00, 0x74, 0x00,
    0x20, 0x00, 0x6D, 0x00, 0x69, 0x00, 0x67, 0x00, 0x68, 0x00, 0x74, 0x00, 0x20, 0x00, 0x68, 0x00,
    0x61, 0x00, 0x76, 0x00, 0x65, 0x00, 0x20, 0x00, 0x62, 0x00, 0x65, 0x00, 0x65, 0x00, 0x6E, 0x00,
    0x20, 0x00, 0x6D, 0x00, 0x6F, 0x00, 0x76, 0x00, 0x65, 0x00, 0x64, 0x00, 0x2C, 0x00, 0x20, 0x00,
    0x72, 0x00, 0x65, 0x00, 0x6E, 0x00, 0x61, 0x00, 0x6D, 0x00, 0x65, 0x00, 0x64, 0x00, 0x2C, 0x00,
    0x20, 0x00, 0x6F, 0x00, 0x72, 0x00, 0x20, 0x00, 0x64, 0x00, 0x65, 0x00, 0x6C, 0x00, 0x65, 0x00,
    0x74, 0x00, 0x65, 0x00, 0x64, 0x00, 0x2E, 0x00, 0x20, 0x00, 0x44, 0x00, 0x6F, 0x00, 0x20, 0x00,
    0x79, 0x00, 0x6F, 0x00, 0x75, 0x00, 0x20, 0x00, 0x77, 0x00, 0x61, 0x00, 0x6E, 0x00, 0x74, 0x00,
    0x20, 0x00, 0x74, 0x00, 0x6F, 0x00, 0x20, 0x00, 0x72, 0x00, 0x65, 0x00, 0x6D, 0x00, 0x6F, 0x00,
    0x76, 0x00, 0x65, 0x00, 0x20, 0x00, 0x74, 0x00, 0x68, 0x00, 0x69, 0x00, 0x73, 0x00, 0x20, 0x00,
    0x69, 0x00, 0x74, 0x00, 0x65, 0x00, 0x6D, 0x00, 0x3F, 0x00, 0x05, 0x00, 0x43, 0x00, 0x6C, 0x00,
    0x6F, 0x00, 0x73, 0x00, 0x65, 0x00, 0x11, 0x00, 0x54, 0x00, 0x68, 0x00, 0x75, 0x00, 0x6D, 0x00,
    0x62, 0x00, 0x6E, 0x00, 0x61, 0x00, 0x69, 0x00, 0x6C, 0x00, 0x20, 0x00, 0x54, 0x00, 0x6F, 0x00,
    0x6F, 0x00, 0x6C, 0x00, 0x62, 0x00, 0x61, 0x00, 0x72, 0x00, 0x10, 0x00, 0x52, 0x00, 0x65, 0x00,
    0x66, 0x00, 0x72, 0x00, 0x65, 0x00, 0x73, 0x00, 0x68, 0x00, 0x20, 0x00, 0x74, 0x00, 0x68, 0x00,
    0x65, 0x00, 0x20, 0x00, 0x6C, 0x00, 0x69, 0x00, 0x73, 0x00, 0x74, 0x00, 0x00, 0x00, 0x00, 0x00,
    0x00, 0x00, 0x00, 0x00, 0x00, 0x00, 0x00, 0x00, 0x00, 0x00, 0x00, 0x00, 0x00, 0x00, 0x00, 0x00,
    0x00, 0x00,
};
static const unsigned char g_res_en_043[] = {
    0x00, 0x00, 0x2A, 0x00, 0x4D, 0x00, 0x61, 0x00, 0x78, 0x00, 0x69, 0x00, 0x6D, 0x00, 0x75, 0x00,
    0x6D, 0x00, 0x20, 0x00, 0x6E, 0x00, 0x75, 0x00, 0x6D, 0x00, 0x62, 0x00, 0x65, 0x00, 0x72, 0x00,
    0x20, 0x00, 0x6F, 0x00, 0x66, 0x00, 0x20, 0x00, 0x70, 0x00, 0x72, 0x00, 0x6F, 0x00, 0x67, 0x00,
    0x72, 0x00, 0x61, 0x00, 0x6D, 0x00, 0x73, 0x00, 0x20, 0x00, 0x69, 0x00, 0x73, 0x00, 0x20, 0x00,
    0x61, 0x00, 0x6C, 0x00, 0x72, 0x00, 0x65, 0x00, 0x61, 0x00, 0x64, 0x00, 0x79, 0x00, 0x20, 0x00,
    0x6F, 0x00, 0x70, 0x00, 0x65, 0x00, 0x6E, 0x00, 0x83, 0x00, 0x54, 0x00, 0x6F, 0x00, 0x20, 0x00,
    0x6F, 0x00, 0x70, 0x00, 0x65, 0x00, 0x6E, 0x00, 0x20, 0x00, 0x61, 0x00, 0x6E, 0x00, 0x6F, 0x00,
    0x74, 0x00, 0x68, 0x00, 0x65, 0x00, 0x72, 0x00, 0x20, 0x00, 0x70, 0x00, 0x72, 0x00, 0x6F, 0x00,
    0x67, 0x00, 0x72, 0x00, 0x61, 0x00, 0x6D, 0x00, 0x2C, 0x00, 0x20, 0x00, 0x73, 0x00, 0x61, 0x00,
    0x76, 0x00, 0x65, 0x00, 0x20, 0x00, 0x79, 0x00, 0x6F, 0x00, 0x75, 0x00, 0x72, 0x00, 0x20, 0x00,
    0x77, 0x00, 0x6F, 0x00, 0x72, 0x00, 0x6B, 0x00, 0x20, 0x00, 0x61, 0x00, 0x6E, 0x00, 0x64, 0x00,
    0x20, 0x00, 0x74, 0x00, 0x68, 0x00, 0x65, 0x00, 0x6E, 0x00, 0x20, 0x00, 0x63, 0x00, 0x6C, 0x00,
    0x6F, 0x00, 0x73, 0x00, 0x65, 0x00, 0x20, 0x00, 0x6F, 0x00, 0x6E, 0x00, 0x65, 0x00, 0x20, 0x00,
    0x6F, 0x00, 0x66, 0x00, 0x20, 0x00, 0x74, 0x00, 0x68, 0x00, 0x65, 0x00, 0x20, 0x00, 0x70, 0x00,
    0x72, 0x00, 0x6F, 0x00, 0x67, 0x00, 0x72, 0x00, 0x61, 0x00, 0x6D, 0x00, 0x73, 0x00, 0x20, 0x00,
    0x74, 0x00, 0x68, 0x00, 0x61, 0x00, 0x74, 0x00, 0x20, 0x00, 0x61, 0x00, 0x72, 0x00, 0x65, 0x00,
    0x20, 0x00, 0x63, 0x00, 0x75, 0x00, 0x72, 0x00, 0x72, 0x00, 0x65, 0x00, 0x6E, 0x00, 0x74, 0x00,
    0x6C, 0x00, 0x79, 0x00, 0x20, 0x00, 0x6F, 0x00, 0x70, 0x00, 0x65, 0x00, 0x6E, 0x00, 0x2E, 0x00,
    0x0A, 0x00, 0x0A, 0x00, 0x43, 0x00, 0x6C, 0x00, 0x69, 0x00, 0x63, 0x00, 0x6B, 0x00, 0x20, 0x00,
    0x74, 0x00, 0x6F, 0x00, 0x20, 0x00, 0x73, 0x00, 0x65, 0x00, 0x65, 0x00, 0x20, 0x00, 0x6D, 0x00,
    0x6F, 0x00, 0x72, 0x00, 0x65, 0x00, 0x20, 0x00, 0x69, 0x00, 0x6E, 0x00, 0x66, 0x00, 0x6F, 0x00,
    0x72, 0x00, 0x6D, 0x00, 0x61, 0x00, 0x74, 0x00, 0x69, 0x00, 0x6F, 0x00, 0x6E, 0x00, 0x2E, 0x00,
    0x29, 0x00, 0x4D, 0x00, 0x61, 0x00, 0x78, 0x00, 0x69, 0x00, 0x6D, 0x00, 0x75, 0x00, 0x6D, 0x00,
    0x20, 0x00, 0x6E, 0x00, 0x75, 0x00, 0x6D, 0x00, 0x62, 0x00, 0x65, 0x00, 0x72, 0x00, 0x20, 0x00,
    0x6F, 0x00, 0x66, 0x00, 0x20, 0x00, 0x77, 0x00, 0x69, 0x00, 0x6E, 0x00, 0x64, 0x00, 0x6F, 0x00,
    0x77, 0x00, 0x73, 0x00, 0x20, 0x00, 0x69, 0x00, 0x73, 0x00, 0x20, 0x00, 0x61, 0x00, 0x6C, 0x00,
    0x72, 0x00, 0x65, 0x00, 0x61, 0x00, 0x64, 0x00, 0x79, 0x00, 0x20, 0x00, 0x6F, 0x00, 0x70, 0x00,
    0x65, 0x00, 0x6E, 0x00, 0xB0, 0x00, 0x54, 0x00, 0x6F, 0x00, 0x20, 0x00, 0x6F, 0x00, 0x70, 0x00,
    0x65, 0x00, 0x6E, 0x00, 0x20, 0x00, 0x61, 0x00, 0x6E, 0x00, 0x6F, 0x00, 0x74, 0x00, 0x68, 0x00,
    0x65, 0x00, 0x72, 0x00, 0x20, 0x00, 0x77, 0x00, 0x69, 0x00, 0x6E, 0x00, 0x64, 0x00, 0x6F, 0x00,
    0x77, 0x00, 0x2C, 0x00, 0x20, 0x00, 0x73, 0x00, 0x61, 0x00, 0x76, 0x00, 0x65, 0x00, 0x20, 0x00,
    0x79, 0x00, 0x6F, 0x00, 0x75, 0x00, 0x72, 0x00, 0x20, 0x00, 0x77, 0x00, 0x6F, 0x00, 0x72, 0x00,
    0x6B, 0x00, 0x20, 0x00, 0x61, 0x00, 0x6E, 0x00, 0x64, 0x00, 0x20, 0x00, 0x74, 0x00, 0x68, 0x00,
    0x65, 0x00, 0x6E, 0x00, 0x20, 0x00, 0x63, 0x00, 0x6C, 0x00, 0x6F, 0x00, 0x73, 0x00, 0x65, 0x00,
    0x20, 0x00, 0x6F, 0x00, 0x6E, 0x00, 0x65, 0x00, 0x20, 0x00, 0x6F, 0x00, 0x66, 0x00, 0x20, 0x00,
    0x74, 0x00, 0x68, 0x00, 0x65, 0x00, 0x20, 0x00, 0x77, 0x00, 0x69, 0x00, 0x6E, 0x00, 0x64, 0x00,
    0x6F, 0x00, 0x77, 0x00, 0x73, 0x00, 0x20, 0x00, 0x69, 0x00, 0x6E, 0x00, 0x20, 0x00, 0x74, 0x00,
    0x68, 0x00, 0x69, 0x00, 0x73, 0x00, 0x20, 0x00, 0x61, 0x00, 0x70, 0x00, 0x70, 0x00, 0x6C, 0x00,
    0x69, 0x00, 0x63, 0x00, 0x61, 0x00, 0x74, 0x00, 0x69, 0x00, 0x6F, 0x00, 0x6E, 0x00, 0x20, 0x00,
    0x74, 0x00, 0x68, 0x00, 0x61, 0x00, 0x74, 0x00, 0x20, 0x00, 0x69, 0x00, 0x73, 0x00, 0x20, 0x00,
    0x63, 0x00, 0x75, 0x00, 0x72, 0x00, 0x72, 0x00, 0x65, 0x00, 0x6E, 0x00, 0x74, 0x00, 0x6C, 0x00,
    0x79, 0x00, 0x20, 0x00, 0x6F, 0x00, 0x70, 0x00, 0x65, 0x00, 0x6E, 0x00, 0x2E, 0x00, 0x0A, 0x00,
    0x43, 0x00, 0x6C, 0x00, 0x69, 0x00, 0x63, 0x00, 0x6B, 0x00, 0x20, 0x00, 0x68, 0x00, 0x65, 0x00,
    0x72, 0x00, 0x65, 0x00, 0x20, 0x00, 0x74, 0x00, 0x6F, 0x00, 0x20, 0x00, 0x6C, 0x00, 0x65, 0x00,
    0x61, 0x00, 0x72, 0x00, 0x6E, 0x00, 0x20, 0x00, 0x6D, 0x00, 0x6F, 0x00, 0x72, 0x00, 0x65, 0x00,
    0x20, 0x00, 0x61, 0x00, 0x62, 0x00, 0x6F, 0x00, 0x75, 0x00, 0x74, 0x00, 0x20, 0x00, 0x74, 0x00,
    0x68, 0x00, 0x65, 0x00, 0x20, 0x00, 0x74, 0x00, 0x68, 0x00, 0x72, 0x00, 0x65, 0x00, 0x65, 0x00,
    0x20, 0x00, 0x77, 0x00, 0x69, 0x00, 0x6E, 0x00, 0x64, 0x00, 0x6F, 0x00, 0x77, 0x00, 0x20, 0x00,
    0x6C, 0x00, 0x69, 0x00, 0x6D, 0x00, 0x69, 0x00, 0x74, 0x00, 0x61, 0x00, 0x74, 0x00, 0x69, 0x00,
    0x6F, 0x00, 0x6E, 0x00, 0x2E, 0x00, 0x87, 0x00, 0x54, 0x00, 0x68, 0x00, 0x69, 0x00, 0x73, 0x00,
    0x20, 0x00, 0x63, 0x00, 0x6F, 0x00, 0x72, 0x00, 0x6E, 0x00, 0x65, 0x00, 0x72, 0x00, 0x20, 0x00,
    0x6F, 0x00, 0x66, 0x00, 0x20, 0x00, 0x74, 0x00, 0x68, 0x00, 0x65, 0x00, 0x20, 0x00, 0x74, 0x00,
    0x61, 0x00, 0x73, 0x00, 0x6B, 0x00, 0x62, 0x00, 0x61, 0x00, 0x72, 0x00, 0x20, 0x00, 0x73, 0x00,
    0x68, 0x00, 0x6F, 0x00, 0x77, 0x00, 0x73, 0x00, 0x20, 0x00, 0x74, 0x00, 0x68, 0x00, 0x65, 0x00,
    0x20, 0x00, 0x64, 0x00, 0x65, 0x00, 0x73, 0x00, 0x6B, 0x00, 0x74, 0x00, 0x6F, 0x00, 0x70, 0x00,
    0x20, 0x00, 0x77, 0x00, 0x68, 0x00, 0x65, 0x00, 0x6E, 0x00, 0x20, 0x00, 0x79, 0x00, 0x6F, 0x00,
    0x75, 0x00, 0x20, 0x00, 0x70, 0x00, 0x6F, 0x00, 0x69, 0x00, 0x6E, 0x00, 0x74, 0x00, 0x20, 0x00,
    0x74, 0x00, 0x6F, 0x00, 0x20, 0x00, 0x69, 0x00, 0x74, 0x00, 0x20, 0x00, 0x6F, 0x00, 0x72, 0x00,
    0x20, 0x00, 0x70, 0x00, 0x72, 0x00, 0x65, 0x00, 0x73, 0x00, 0x73, 0x00, 0x20, 0x00, 0x69, 0x00,
    0x74, 0x00, 0x2C, 0x00, 0x20, 0x00, 0x64, 0x00, 0x65, 0x00, 0x70, 0x00, 0x65, 0x00, 0x6E, 0x00,
    0x64, 0x00, 0x69, 0x00, 0x6E, 0x00, 0x67, 0x00, 0x20, 0x00, 0x6F, 0x00, 0x6E, 0x00, 0x20, 0x00,
    0x74, 0x00, 0x68, 0x00, 0x65, 0x00, 0x20, 0x00, 0x73, 0x00, 0x65, 0x00, 0x74, 0x00, 0x74, 0x00,
    0x69, 0x00, 0x6E, 0x00, 0x67, 0x00, 0x20, 0x00, 0x6F, 0x00, 0x6E, 0x00, 0x20, 0x00, 0x74, 0x00,
    0x68, 0x00, 0x65, 0x00, 0x20, 0x00, 0x54, 0x00, 0x61, 0x00, 0x73, 0x00, 0x6B, 0x00, 0x62, 0x00,
    0x61, 0x00, 0x72, 0x00, 0x20, 0x00, 0x70, 0x00, 0x72, 0x00, 0x6F, 0x00, 0x70, 0x00, 0x65, 0x00,
    0x72, 0x00, 0x74, 0x00, 0x69, 0x00, 0x65, 0x00, 0x73, 0x00, 0x20, 0x00, 0x70, 0x00, 0x61, 0x00,
    0x67, 0x00, 0x65, 0x00, 0x2E, 0x00, 0x00, 0x00, 0x00, 0x00, 0x00, 0x00, 0x00, 0x00, 0x00, 0x00,
    0x00, 0x00, 0x00, 0x00, 0x00, 0x00, 0x00, 0x00, 0x00, 0x00,
};
static const unsigned char g_res_en_044[] = {
    0x10, 0x00, 0x73, 0x00, 0x31, 0x01, 0x00, 0x00, 0x03, 0x00, 0x09, 0x00, 0x30, 0xA0, 0x00, 0x00,
    0x07, 0x00, 0x09, 0x00, 0x30, 0xA0, 0x00, 0x00, 0x0B, 0x00, 0x09, 0x00, 0x30, 0xA0, 0x00, 0x00,
    0x0F, 0x00, 0x09, 0x00, 0x30, 0xA0, 0x00, 0x00, 0x03, 0x00, 0x74, 0x00, 0x65, 0xA0, 0x00, 0x00,
    0x03, 0x00, 0x75, 0x00, 0x30, 0xA0, 0x00, 0x00, 0x13, 0x00, 0x0D, 0x00, 0x9D, 0x01, 0x00, 0x00,
    0x0B, 0x00, 0x5A, 0x00, 0xA0, 0x01, 0x00, 0x00, 0x03, 0x00, 0x72, 0x00, 0x85, 0xA0, 0x00, 0x00,
    0x93, 0x00, 0x4D, 0x00, 0xA3, 0x01, 0x00, 0x00,
};
static const Ex7ResBlob g_blobs_en[] = {
    { 4, 205, g_res_en_000, sizeof(g_res_en_000) },
    { 4, 211, g_res_en_001, sizeof(g_res_en_001) },
    { 4, 212, g_res_en_002, sizeof(g_res_en_002) },
    { 4, 213, g_res_en_003, sizeof(g_res_en_003) },
    { 4, 6003, g_res_en_004, sizeof(g_res_en_004) },
    { 4, 12000, g_res_en_005, sizeof(g_res_en_005) },
    { 5, 6, g_res_en_006, sizeof(g_res_en_006) },
    { 5, 10, g_res_en_007, sizeof(g_res_en_007) },
    { 5, 20, g_res_en_008, sizeof(g_res_en_008) },
    { 5, 23, g_res_en_009, sizeof(g_res_en_009) },
    { 5, 205, g_res_en_010, sizeof(g_res_en_010) },
    { 5, 1036, g_res_en_011, sizeof(g_res_en_011) },
    { 6, 19, g_res_en_012, sizeof(g_res_en_012) },
    { 6, 20, g_res_en_013, sizeof(g_res_en_013) },
    { 6, 21, g_res_en_014, sizeof(g_res_en_014) },
    { 6, 22, g_res_en_015, sizeof(g_res_en_015) },
    { 6, 23, g_res_en_016, sizeof(g_res_en_016) },
    { 6, 32, g_res_en_017, sizeof(g_res_en_017) },
    { 6, 33, g_res_en_018, sizeof(g_res_en_018) },
    { 6, 34, g_res_en_019, sizeof(g_res_en_019) },
    { 6, 37, g_res_en_020, sizeof(g_res_en_020) },
    { 6, 38, g_res_en_021, sizeof(g_res_en_021) },
    { 6, 39, g_res_en_022, sizeof(g_res_en_022) },
    { 6, 45, g_res_en_023, sizeof(g_res_en_023) },
    { 6, 46, g_res_en_024, sizeof(g_res_en_024) },
    { 6, 51, g_res_en_025, sizeof(g_res_en_025) },
    { 6, 54, g_res_en_026, sizeof(g_res_en_026) },
    { 6, 63, g_res_en_027, sizeof(g_res_en_027) },
    { 6, 88, g_res_en_028, sizeof(g_res_en_028) },
    { 6, 89, g_res_en_029, sizeof(g_res_en_029) },
    { 6, 376, g_res_en_030, sizeof(g_res_en_030) },
    { 6, 407, g_res_en_031, sizeof(g_res_en_031) },
    { 6, 438, g_res_en_032, sizeof(g_res_en_032) },
    { 6, 439, g_res_en_033, sizeof(g_res_en_033) },
    { 6, 440, g_res_en_034, sizeof(g_res_en_034) },
    { 6, 441, g_res_en_035, sizeof(g_res_en_035) },
    { 6, 514, g_res_en_036, sizeof(g_res_en_036) },
    { 6, 515, g_res_en_037, sizeof(g_res_en_037) },
    { 6, 516, g_res_en_038, sizeof(g_res_en_038) },
    { 6, 517, g_res_en_039, sizeof(g_res_en_039) },
    { 6, 518, g_res_en_040, sizeof(g_res_en_040) },
    { 6, 694, g_res_en_041, sizeof(g_res_en_041) },
    { 6, 695, g_res_en_042, sizeof(g_res_en_042) },
    { 6, 1229, g_res_en_043, sizeof(g_res_en_043) },
    { 9, 251, g_res_en_044, sizeof(g_res_en_044) },
};

static const unsigned char g_res_it_000[] = {
    0x00, 0x00, 0x00, 0x00, 0x90, 0x00, 0x00, 0x00, 0x00, 0x00, 0x26, 0x00, 0x43, 0x00, 0x61, 0x00,
    0x6D, 0x00, 0x62, 0x00, 0x69, 0x00, 0x61, 0x00, 0x20, 0x00, 0x64, 0x00, 0x61, 0x00, 0x74, 0x00,
    0x61, 0x00, 0x20, 0x00, 0x65, 0x00, 0x20, 0x00, 0x6F, 0x00, 0x72, 0x00, 0x61, 0x00, 0x00, 0x00,
    0x00, 0x00, 0x80, 0x00, 0x26, 0x00, 0x50, 0x00, 0x65, 0x00, 0x72, 0x00, 0x73, 0x00, 0x6F, 0x00,
    0x6E, 0x00, 0x61, 0x00, 0x6C, 0x00, 0x69, 0x00, 0x7A, 0x00, 0x7A, 0x00, 0x61, 0x00, 0x20, 0x00,
    0x69, 0x00, 0x63, 0x00, 0x6F, 0x00, 0x6E, 0x00, 0x65, 0x00, 0x20, 0x00, 0x64, 0x00, 0x69, 0x00,
    0x20, 0x00, 0x6E, 0x00, 0x6F, 0x00, 0x74, 0x00, 0x69, 0x00, 0x66, 0x00, 0x69, 0x00, 0x63, 0x00,
    0x61, 0x00, 0x2E, 0x00, 0x2E, 0x00, 0x2E, 0x00, 0x00, 0x00, 0x00, 0x00,
};
static const unsigned char g_res_it_001[] = {
    0x01, 0x00, 0x04, 0x00, 0x00, 0x00, 0x00, 0x00, 0x00, 0x00, 0x00, 0x00, 0x00, 0x00, 0x00, 0x00,
    0x00, 0x00, 0x00, 0x00, 0x81, 0x00, 0x00, 0x00, 0x00, 0x00, 0x00, 0x00, 0x00, 0x00, 0x00, 0x00,
    0x00, 0x00, 0x00, 0x00, 0xF3, 0x7F, 0x00, 0x00, 0x00, 0x50, 0x00, 0x26, 0x00, 0x72, 0x00, 0x6F,
    0x00, 0x70, 0x00, 0x72, 0x00, 0x69, 0x00, 0x65, 0x00, 0x74, 0x00, 0xE0, 0x00, 0x00, 0x00, 0x00,
    0x00, 0x00, 0x00, 0x00, 0x00, 0x00, 0x00, 0x00, 0xF4, 0x7F, 0x00, 0x00, 0x80, 0x26, 0x00, 0x45,
    0x00, 0x73, 0x00, 0x63, 0x00, 0x69, 0x00, 0x20, 0x00, 0x64, 0x00, 0x61, 0x00, 0x20, 0x00, 0x45,
    0x00, 0x73, 0x00, 0x70, 0x00, 0x6C, 0x00, 0x6F, 0x00, 0x72, 0x00, 0x61, 0x00, 0x20, 0x00, 0x66,
    0x00, 0x69, 0x00, 0x6C, 0x00, 0x65, 0x00, 0x00, 0x00, 0x00, 0x00, 0x00,
};
static const unsigned char g_res_it_002[] = {
    0x01, 0x00, 0x04, 0x00, 0x00, 0x00, 0x00, 0x00, 0x00, 0x00, 0x00, 0x00, 0x00, 0x00, 0x00, 0x00,
    0x00, 0x00, 0x00, 0x00, 0x81, 0x00, 0x00, 0x00, 0x00, 0x00, 0x00, 0x00, 0x00, 0x00, 0x00, 0x00,
    0x00, 0x00, 0x00, 0x00, 0xC9, 0x19, 0x00, 0x00, 0x00, 0x26, 0x00, 0x4D, 0x00, 0x6F, 0x00, 0x73,
    0x00, 0x74, 0x00, 0x72, 0x00, 0x61, 0x00, 0x20, 0x00, 0x65, 0x00, 0x6C, 0x00, 0x65, 0x00, 0x6D,
    0x00, 0x65, 0x00, 0x6E, 0x00, 0x74, 0x00, 0x69, 0x00, 0x20, 0x00, 0x75, 0x00, 0x73, 0x00, 0x61,
    0x00, 0x74, 0x00, 0x69, 0x00, 0x20, 0x00, 0x64, 0x00, 0x69, 0x00, 0x20, 0x00, 0x72, 0x00, 0x65,
    0x00, 0x63, 0x00, 0x65, 0x00, 0x6E, 0x00, 0x74, 0x00, 0x65, 0x00, 0x00, 0x00, 0x00, 0x00, 0x00,
    0x00, 0x00, 0x00, 0x00, 0x00, 0x00, 0x00, 0x00, 0x00, 0x00, 0x00, 0x00, 0x01, 0x45, 0x00, 0x6C,
    0x00, 0x65, 0x00, 0x6D, 0x00, 0x65, 0x00, 0x6E, 0x00, 0x74, 0x00, 0x69, 0x00, 0x20, 0x00, 0x26,
    0x00, 0x72, 0x00, 0x65, 0x00, 0x63, 0x00, 0x65, 0x00, 0x6E, 0x00, 0x74, 0x00, 0x69, 0x00, 0x00,
    0x00, 0x00, 0x00, 0x00, 0x00, 0x00, 0x00, 0x00, 0x00, 0x00, 0x00, 0x00, 0x00, 0x00, 0x00, 0x00,
    0xCB, 0x19, 0x00, 0x00, 0x00, 0x50, 0x00, 0x75, 0x00, 0x6C, 0x00, 0x69, 0x00, 0x73, 0x00, 0x63,
    0x00, 0x69, 0x00, 0x20, 0x00, 0x6C, 0x00, 0x61, 0x00, 0x20, 0x00, 0x26, 0x00, 0x6C, 0x00, 0x69,
    0x00, 0x73, 0x00, 0x74, 0x00, 0x61, 0x00, 0x00, 0x00, 0x00, 0x00, 0x00, 0x00, 0x08, 0x00, 0x00,
    0x00, 0x00, 0x00, 0x00, 0xFF, 0xFF, 0xFF, 0xFF, 0x00, 0x00, 0x00, 0x00, 0x00, 0x00, 0x00, 0x00,
    0x00, 0x00, 0x00, 0x00, 0xCC, 0x19, 0x00, 0x00, 0x80, 0x26, 0x00, 0x45, 0x00, 0x73, 0x00, 0x63,
    0x00, 0x69, 0x00, 0x00, 0x00, 0x00, 0x00, 0x00, 0x00, 0x08, 0x00, 0x00, 0x00, 0x00, 0x00, 0x00,
    0xFF, 0xFF, 0xFF, 0xFF, 0x80, 0x00, 0x00, 0x00,
};
static const unsigned char g_res_it_003[] = {
    0x01, 0x00, 0x04, 0x00, 0x00, 0x00, 0x00, 0x00, 0x00, 0x00, 0x00, 0x00, 0x00, 0x00, 0x00, 0x00,
    0x00, 0x00, 0x00, 0x00, 0x81, 0x00, 0x00, 0x00, 0x00, 0x00, 0x00, 0x00, 0x00, 0x00, 0x00, 0x00,
    0x00, 0x00, 0x00, 0x00, 0x2D, 0x1A, 0x00, 0x00, 0x00, 0x49, 0x00, 0x6D, 0x00, 0x70, 0x00, 0x6F,
    0x00, 0x26, 0x00, 0x73, 0x00, 0x74, 0x00, 0x61, 0x00, 0x7A, 0x00, 0x69, 0x00, 0x6F, 0x00, 0x6E,
    0x00, 0x69, 0x00, 0x2E, 0x00, 0x2E, 0x00, 0x2E, 0x00, 0x00, 0x00, 0x00, 0x00, 0x00, 0x00, 0x00,
    0x00, 0x00, 0x00, 0x00, 0x2E, 0x1A, 0x00, 0x00, 0x80, 0x43, 0x00, 0x61, 0x00, 0x72, 0x00, 0x74,
    0x00, 0x65, 0x00, 0x6C, 0x00, 0x6C, 0x00, 0x61, 0x00, 0x20, 0x00, 0x26, 0x00, 0x70, 0x00, 0x65,
    0x00, 0x72, 0x00, 0x73, 0x00, 0x6F, 0x00, 0x6E, 0x00, 0x61, 0x00, 0x6C, 0x00, 0x65, 0x00, 0x00,
    0x00, 0x00, 0x00, 0x00,
};
static const unsigned char g_res_it_004[] = {
    0x00, 0x00, 0x00, 0x00, 0x90, 0x00, 0x00, 0x00, 0x00, 0x00, 0x41, 0x00, 0x70, 0x00, 0x72, 0x00,
    0x69, 0x00, 0x20, 0x00, 0x69, 0x00, 0x6E, 0x00, 0x20, 0x00, 0x26, 0x00, 0x6E, 0x00, 0x75, 0x00,
    0x6F, 0x00, 0x76, 0x00, 0x61, 0x00, 0x20, 0x00, 0x66, 0x00, 0x69, 0x00, 0x6E, 0x00, 0x65, 0x00,
    0x73, 0x00, 0x74, 0x00, 0x72, 0x00, 0x61, 0x00, 0x00, 0x00, 0x80, 0x00, 0x80, 0x00, 0x44, 0x00,
    0x69, 0x00, 0x73, 0x00, 0x70, 0x00, 0x6F, 0x00, 0x6E, 0x00, 0x69, 0x00, 0x20, 0x00, 0x26, 0x00,
    0x69, 0x00, 0x63, 0x00, 0x6F, 0x00, 0x6E, 0x00, 0x65, 0x00, 0x20, 0x00, 0x61, 0x00, 0x75, 0x00,
    0x74, 0x00, 0x6F, 0x00, 0x6D, 0x00, 0x61, 0x00, 0x74, 0x00, 0x69, 0x00, 0x63, 0x00, 0x61, 0x00,
    0x6D, 0x00, 0x65, 0x00, 0x6E, 0x00, 0x74, 0x00, 0x65, 0x00, 0x00, 0x00, 0x00, 0x00,
};
static const unsigned char g_res_it_005[] = {
    0x01, 0x00, 0x04, 0x00, 0x00, 0x00, 0x00, 0x00, 0x00, 0x00, 0x00, 0x00, 0x00, 0x00, 0x00, 0x00,
    0x00, 0x00, 0x00, 0x00, 0x81, 0x00, 0x00, 0x00, 0x00, 0x00, 0x00, 0x00, 0x00, 0x00, 0x00, 0x00,
    0x00, 0x00, 0x00, 0x00, 0x93, 0x01, 0x00, 0x00, 0x00, 0x46, 0x00, 0x69, 0x00, 0x6E, 0x00, 0x65,
    0x00, 0x73, 0x00, 0x74, 0x00, 0x72, 0x00, 0x65, 0x00, 0x20, 0x00, 0x73, 0x00, 0x26, 0x00, 0x6F,
    0x00, 0x76, 0x00, 0x72, 0x00, 0x61, 0x00, 0x70, 0x00, 0x70, 0x00, 0x6F, 0x00, 0x73, 0x00, 0x74,
    0x00, 0x65, 0x00, 0x00, 0x00, 0x00, 0x00, 0x00, 0x00, 0x00, 0x00, 0x00, 0x00, 0x00, 0x00, 0x00,
    0x95, 0x01, 0x00, 0x00, 0x00, 0x46, 0x00, 0x69, 0x00, 0x6E, 0x00, 0x65, 0x00, 0x73, 0x00, 0x74,
    0x00, 0x72, 0x00, 0x65, 0x00, 0x20, 0x00, 0x69, 0x00, 0x6E, 0x00, 0x20, 0x00, 0x26, 0x00, 0x70,
    0x00, 0x69, 0x00, 0x6C, 0x00, 0x61, 0x00, 0x00, 0x00, 0x00, 0x00, 0x00, 0x00, 0x00, 0x00, 0x00,
    0x00, 0x00, 0x00, 0x00, 0x94, 0x01, 0x00, 0x00, 0x00, 0x46, 0x00, 0x69, 0x00, 0x6E, 0x00, 0x65,
    0x00, 0x73, 0x00, 0x74, 0x00, 0x72, 0x00, 0x65, 0x00, 0x20, 0x00, 0x61, 0x00, 0x26, 0x00, 0x66,
    0x00, 0x66, 0x00, 0x69, 0x00, 0x61, 0x00, 0x6E, 0x00, 0x63, 0x00, 0x61, 0x00, 0x74, 0x00, 0x65,
    0x00, 0x00, 0x00, 0x00, 0x00, 0x00, 0x00, 0x00, 0x00, 0x00, 0x00, 0x00, 0xD5, 0xFF, 0x00, 0x00,
    0x00, 0x26, 0x00, 0x4D, 0x00, 0x6F, 0x00, 0x73, 0x00, 0x74, 0x00, 0x72, 0x00, 0x61, 0x00, 0x20,
    0x00, 0x69, 0x00, 0x6C, 0x00, 0x20, 0x00, 0x64, 0x00, 0x65, 0x00, 0x73, 0x00, 0x6B, 0x00, 0x74,
    0x00, 0x6F, 0x00, 0x70, 0x00, 0x00, 0x00, 0x00, 0x00, 0x00, 0x00, 0x00, 0x00, 0x00, 0x00, 0x00,
    0xD4, 0xFF, 0x00, 0x00, 0x00, 0x26, 0x00, 0x47, 0x00, 0x65, 0x00, 0x73, 0x00, 0x74, 0x00, 0x69,
    0x00, 0x6F, 0x00, 0x6E, 0x00, 0x65, 0x00, 0x20, 0x00, 0x61, 0x00, 0x74, 0x00, 0x74, 0x00, 0x69,
    0x00, 0x76, 0x00, 0x69, 0x00, 0x74, 0x00, 0xE0, 0x00, 0x00, 0x00, 0x00, 0x00, 0x08, 0x00, 0x00,
    0x00, 0x00, 0x00, 0x00, 0xFF, 0xFF, 0xFF, 0xFF, 0x00, 0x00, 0x00, 0x00, 0x00, 0x00, 0x00, 0x00,
    0x00, 0x00, 0x00, 0x00, 0xD3, 0xFF, 0x00, 0x00, 0x80, 0x26, 0x00, 0x42, 0x00, 0x6C, 0x00, 0x6F,
    0x00, 0x63, 0x00, 0x63, 0x00, 0x61, 0x00, 0x20, 0x00, 0x6C, 0x00, 0x61, 0x00, 0x20, 0x00, 0x62,
    0x00, 0x61, 0x00, 0x72, 0x00, 0x72, 0x00, 0x61, 0x00, 0x00, 0x00, 0x00,
};
static const unsigned char g_res_it_006[] = {
    0xFF, 0xFF, 0xFF, 0xFF, 0x00, 0x00, 0x00, 0x00, 0x00, 0x00, 0x00, 0x00, 0x48, 0x00, 0x00, 0x50,
    0x0F, 0x00, 0x00, 0x00, 0x00, 0x00, 0xFC, 0x00, 0xDA, 0x00, 0x00, 0x00, 0x00, 0x00, 0x42, 0x00,
    0x61, 0x00, 0x72, 0x00, 0x72, 0x00, 0x61, 0x00, 0x20, 0x00, 0x64, 0x00, 0x65, 0x00, 0x6C, 0x00,
    0x6C, 0x00, 0x65, 0x00, 0x20, 0x00, 0x61, 0x00, 0x70, 0x00, 0x70, 0x00, 0x6C, 0x00, 0x69, 0x00,
    0x63, 0x00, 0x61, 0x00, 0x7A, 0x00, 0x69, 0x00, 0x6F, 0x00, 0x6E, 0x00, 0x69, 0x00, 0x00, 0x00,
    0x08, 0x00, 0x90, 0x01, 0x00, 0x00, 0x4D, 0x00, 0x53, 0x00, 0x20, 0x00, 0x53, 0x00, 0x68, 0x00,
    0x65, 0x00, 0x6C, 0x00, 0x6C, 0x00, 0x20, 0x00, 0x44, 0x00, 0x6C, 0x00, 0x67, 0x00, 0x00, 0x00,
    0x00, 0x00, 0x00, 0x00, 0x00, 0x00, 0x00, 0x00, 0x03, 0x00, 0x01, 0x50, 0x0D, 0x00, 0x12, 0x00,
    0xC8, 0x00, 0x0A, 0x00, 0x51, 0x04, 0x00, 0x00, 0xFF, 0xFF, 0x80, 0x00, 0x26, 0x00, 0x42, 0x00,
    0x6C, 0x00, 0x6F, 0x00, 0x63, 0x00, 0x63, 0x00, 0x61, 0x00, 0x20, 0x00, 0x6C, 0x00, 0x61, 0x00,
    0x20, 0x00, 0x62, 0x00, 0x61, 0x00, 0x72, 0x00, 0x72, 0x00, 0x61, 0x00, 0x20, 0x00, 0x64, 0x00,
    0x65, 0x00, 0x6C, 0x00, 0x6C, 0x00, 0x65, 0x00, 0x20, 0x00, 0x61, 0x00, 0x70, 0x00, 0x70, 0x00,
    0x6C, 0x00, 0x69, 0x00, 0x63, 0x00, 0x61, 0x00, 0x7A, 0x00, 0x69, 0x00, 0x6F, 0x00, 0x6E, 0x00,
    0x69, 0x00, 0x00, 0x00, 0x00, 0x00, 0x00, 0x00, 0x00, 0x00, 0x00, 0x00, 0x00, 0x00, 0x00, 0x00,
    0x03, 0x00, 0x01, 0x50, 0x0D, 0x00, 0x20, 0x00, 0xC8, 0x00, 0x0A, 0x00, 0x4E, 0x04, 0x00, 0x00,
    0xFF, 0xFF, 0x80, 0x00, 0x4E, 0x00, 0x61, 0x00, 0x73, 0x00, 0x63, 0x00, 0x6F, 0x00, 0x6E, 0x00,
    0x64, 0x00, 0x69, 0x00, 0x20, 0x00, 0x61, 0x00, 0x26, 0x00, 0x75, 0x00, 0x74, 0x00, 0x6F, 0x00,
    0x6D, 0x00, 0x61, 0x00, 0x74, 0x00, 0x69, 0x00, 0x63, 0x00, 0x61, 0x00, 0x6D, 0x00, 0x65, 0x00,
    0x6E, 0x00, 0x74, 0x00, 0x65, 0x00, 0x20, 0x00, 0x6C, 0x00, 0x61, 0x00, 0x20, 0x00, 0x62, 0x00,
    0x61, 0x00, 0x72, 0x00, 0x72, 0x00, 0x61, 0x00, 0x20, 0x00, 0x64, 0x00, 0x65, 0x00, 0x6C, 0x00,
    0x6C, 0x00, 0x65, 0x00, 0x20, 0x00, 0x61, 0x00, 0x70, 0x00, 0x70, 0x00, 0x6C, 0x00, 0x69, 0x00,
    0x63, 0x00, 0x61, 0x00, 0x7A, 0x00, 0x69, 0x00, 0x6F, 0x00, 0x6E, 0x00, 0x69, 0x00, 0x00, 0x00,
    0x00, 0x00, 0x00, 0x00, 0x00, 0x00, 0x00, 0x00, 0x00, 0x00, 0x00, 0x00, 0x03, 0x00, 0x01, 0x50,
    0x0D, 0x00, 0x2E, 0x00, 0xC8, 0x00, 0x0A, 0x00, 0x73, 0x04, 0x00, 0x00, 0xFF, 0xFF, 0x80, 0x00,
    0x55, 0x00, 0x73, 0x00, 0x61, 0x00, 0x20, 0x00, 0x26, 0x00, 0x69, 0x00, 0x63, 0x00, 0x6F, 0x00,
    0x6E, 0x00, 0x65, 0x00, 0x20, 0x00, 0x70, 0x00, 0x69, 0x00, 0x63, 0x00, 0x63, 0x00, 0x6F, 0x00,
    0x6C, 0x00, 0x65, 0x00, 0x00, 0x00, 0x00, 0x00, 0x00, 0x00, 0x00, 0x00, 0x00, 0x00, 0x00, 0x00,
    0x00, 0x00, 0x00, 0x50, 0x0D, 0x00, 0x3F, 0x00, 0x64, 0x00, 0x0A, 0x00, 0xFF, 0xFF, 0x00, 0x00,
    0xFF, 0xFF, 0x82, 0x00, 0x50, 0x00, 0x6F, 0x00, 0x73, 0x00, 0x69, 0x00, 0x7A, 0x00, 0x69, 0x00,
    0x6F, 0x00, 0x6E, 0x00, 0x65, 0x00, 0x20, 0x00, 0x64, 0x00, 0x65, 0x00, 0x6C, 0x00, 0x6C, 0x00,
    0x61, 0x00, 0x20, 0x00, 0x62, 0x00, 0x61, 0x00, 0x72, 0x00, 0x72, 0x00, 0x61, 0x00, 0x20, 0x00,
    0x73, 0x00, 0x75, 0x00, 0x6C, 0x00, 0x6C, 0x00, 0x6F, 0x00, 0x20, 0x00, 0x26, 0x00, 0x73, 0x00,
    0x63, 0x00, 0x68, 0x00, 0x65, 0x00, 0x72, 0x00, 0x6D, 0x00, 0x6F, 0x00, 0x3A, 0x00, 0x00, 0x00,
    0x00, 0x00, 0x00, 0x00, 0x00, 0x00, 0x00, 0x00, 0x00, 0x00, 0x00, 0x00, 0x03, 0x00, 0x21, 0x50,
    0x75, 0x00, 0x3C, 0x00, 0x6E, 0x00, 0x0E, 0x00, 0x76, 0x04, 0x00, 0x00, 0xFF, 0xFF, 0x85, 0x00,
    0x00, 0x00, 0x00, 0x00, 0x00, 0x00, 0x00, 0x00, 0x00, 0x00, 0x00, 0x00, 0x00, 0x00, 0x00, 0x50,
    0x0D, 0x00, 0x51, 0x00, 0x64, 0x00, 0x0A, 0x00, 0xFF, 0xFF, 0x00, 0x00, 0xFF, 0xFF, 0x82, 0x00,
    0x43, 0x00, 0x6F, 0x00, 0x6D, 0x00, 0x70, 0x00, 0x6F, 0x00, 0x72, 0x00, 0x26, 0x00, 0x74, 0x00,
    0x61, 0x00, 0x6D, 0x00, 0x65, 0x00, 0x6E, 0x00, 0x74, 0x00, 0x6F, 0x00, 0x20, 0x00, 0x64, 0x00,
    0x65, 0x00, 0x69, 0x00, 0x20, 0x00, 0x70, 0x00, 0x75, 0x00, 0x6C, 0x00, 0x73, 0x00, 0x61, 0x00,
    0x6E, 0x00, 0x74, 0x00, 0x69, 0x00, 0x3A, 0x00, 0x00, 0x00, 0x00, 0x00, 0x00, 0x00, 0x00, 0x00,
    0x00, 0x00, 0x00, 0x00, 0x03, 0x00, 0x21, 0x50, 0x75, 0x00, 0x4E, 0x00, 0x6E, 0x00, 0x0E, 0x00,
    0x77, 0x04, 0x00, 0x00, 0xFF, 0xFF, 0x85, 0x00, 0x00, 0x00, 0x00, 0x00, 0x00, 0x00, 0x00, 0x00,
    0x00, 0x00, 0x00, 0x00, 0x07, 0x00, 0x00, 0x50, 0x07, 0x00, 0x07, 0x00, 0xEE, 0x00, 0x5B, 0x00,
    0xFF, 0xFF, 0x00, 0x00, 0xFF, 0xFF, 0x80, 0x00, 0x41, 0x00, 0x73, 0x00, 0x70, 0x00, 0x65, 0x00,
    0x74, 0x00, 0x74, 0x00, 0x6F, 0x00, 0x20, 0x00, 0x64, 0x00, 0x65, 0x00, 0x6C, 0x00, 0x6C, 0x00,
    0x61, 0x00, 0x20, 0x00, 0x62, 0x00, 0x61, 0x00, 0x72, 0x00, 0x72, 0x00, 0x61, 0x00, 0x20, 0x00,
    0x64, 0x00, 0x65, 0x00, 0x6C, 0x00, 0x6C, 0x00, 0x65, 0x00, 0x20, 0x00, 0x61, 0x00, 0x70, 0x00,
    0x70, 0x00, 0x6C, 0x00, 0x69, 0x00, 0x63, 0x00, 0x61, 0x00, 0x7A, 0x00, 0x69, 0x00, 0x6F, 0x00,
    0x6E, 0x00, 0x69, 0x00, 0x00, 0x00, 0x00, 0x00, 0x00, 0x00, 0x00, 0x00, 0x00, 0x00, 0x00, 0x00,
    0x00, 0x00, 0x00, 0x50, 0x0D, 0x00, 0x71, 0x00, 0xAB, 0x00, 0x10, 0x00, 0xFF, 0xFF, 0x00, 0x00,
    0xFF, 0xFF, 0x82, 0x00, 0x53, 0x00, 0x63, 0x00, 0x65, 0x00, 0x67, 0x00, 0x6C, 0x00, 0x69, 0x00,
    0x20, 0x00, 0x71, 0x00, 0x75, 0x00, 0x61, 0x00, 0x6C, 0x00, 0x69, 0x00, 0x20, 0x00, 0x69, 0x00,
    0x63, 0x00, 0x6F, 0x00, 0x6E, 0x00, 0x65, 0x00, 0x20, 0x00, 0x65, 0x00, 0x20, 0x00, 0x6C, 0x00,
    0x65, 0x00, 0x20, 0x00, 0x72, 0x00, 0x65, 0x00, 0x6C, 0x00, 0x61, 0x00, 0x74, 0x00, 0x69, 0x00,
    0x76, 0x00, 0x65, 0x00, 0x20, 0x00, 0x6E, 0x00, 0x6F, 0x00, 0x74, 0x00, 0x69, 0x00, 0x66, 0x00,
    0x69, 0x00, 0x63, 0x00, 0x68, 0x00, 0x65, 0x00, 0x20, 0x00, 0x6D, 0x00, 0x6F, 0x00, 0x73, 0x00,
    0x74, 0x00, 0x72, 0x00, 0x61, 0x00, 0x72, 0x00, 0x65, 0x00, 0x20, 0x00, 0x6E, 0x00, 0x65, 0x00,
    0x6C, 0x00, 0x6C, 0x00, 0x27, 0x00, 0x61, 0x00, 0x72, 0x00, 0x65, 0x00, 0x61, 0x00, 0x20, 0x00,
    0x64, 0x00, 0x69, 0x00, 0x20, 0x00, 0x6E, 0x00, 0x6F, 0x00, 0x74, 0x00, 0x69, 0x00, 0x66, 0x00,
    0x69, 0x00, 0x63, 0x00, 0x61, 0x00, 0x2E, 0x00, 0x00, 0x00, 0x00, 0x00, 0x00, 0x00, 0x00, 0x00,
    0x00, 0x00, 0x00, 0x00, 0x03, 0x00, 0x01, 0x50, 0xBC, 0x00, 0x71, 0x00, 0x32, 0x00, 0x0E, 0x00,
    0x74, 0x04, 0x00, 0x00, 0xFF, 0xFF, 0x80, 0x00, 0x50, 0x00, 0x65, 0x00, 0x72, 0x00, 0x73, 0x00,
    0x6F, 0x00, 0x6E, 0x00, 0x61, 0x00, 0x6C, 0x00, 0x69, 0x00, 0x26, 0x00, 0x7A, 0x00, 0x7A, 0x00,
    0x61, 0x00, 0x2E, 0x00, 0x2E, 0x00, 0x2E, 0x00, 0x00, 0x00, 0x00, 0x00, 0x00, 0x00, 0x00, 0x00,
    0x00, 0x00, 0x00, 0x00, 0x07, 0x00, 0x00, 0x50, 0x07, 0x00, 0x66, 0x00, 0xEE, 0x00, 0x22, 0x00,
    0xFF, 0xFF, 0x00, 0x00, 0xFF, 0xFF, 0x80, 0x00, 0x41, 0x00, 0x72, 0x00, 0x65, 0x00, 0x61, 0x00,
    0x20, 0x00, 0x64, 0x00, 0x69, 0x00, 0x20, 0x00, 0x6E, 0x00, 0x6F, 0x00, 0x74, 0x00, 0x69, 0x00,
    0x66, 0x00, 0x69, 0x00, 0x63, 0x00, 0x61, 0x00, 0x00, 0x00, 0x00, 0x00, 0x00, 0x00, 0x00, 0x00,
    0x00, 0x00, 0x00, 0x00, 0x00, 0x00, 0x00, 0x50, 0x0D, 0x00, 0x97, 0x00, 0xDC, 0x00, 0x10, 0x00,
    0x78, 0x04, 0x00, 0x00, 0xFF, 0xFF, 0x82, 0x00, 0x50, 0x00, 0x6F, 0x00, 0x72, 0x00, 0x74, 0x00,
    0x61, 0x00, 0x20, 0x00, 0x69, 0x00, 0x6C, 0x00, 0x20, 0x00, 0x70, 0x00, 0x75, 0x00, 0x6E, 0x00,
    0x74, 0x00, 0x61, 0x00, 0x74, 0x00, 0x6F, 0x00, 0x72, 0x00, 0x65, 0x00, 0x20, 0x00, 0x73, 0x00,
    0x75, 0x00, 0x6C, 0x00, 0x20, 0x00, 0x70, 0x00, 0x75, 0x00, 0x6C, 0x00, 0x73, 0x00, 0x61, 0x00,
    0x6E, 0x00, 0x74, 0x00, 0x65, 0x00, 0x20, 0x00, 0xAB, 0x00, 0x4D, 0x00, 0x6F, 0x00, 0x73, 0x00,
    0x74, 0x00, 0x72, 0x00, 0x61, 0x00, 0x20, 0x00, 0x64, 0x00, 0x65, 0x00, 0x73, 0x00, 0x6B, 0x00,
    0x74, 0x00, 0x6F, 0x00, 0x70, 0x00, 0xBB, 0x00, 0x2C, 0x00, 0x20, 0x00, 0x61, 0x00, 0x6C, 0x00,
    0x6C, 0x00, 0x27, 0x00, 0x65, 0x00, 0x73, 0x00, 0x74, 0x00, 0x72, 0x00, 0x65, 0x00, 0x6D, 0x00,
    0x69, 0x00, 0x74, 0x00, 0xE0, 0x00, 0x20, 0x00, 0x64, 0x00, 0x65, 0x00, 0x73, 0x00, 0x74, 0x00,
    0x72, 0x00, 0x61, 0x00, 0x20, 0x00, 0x64, 0x00, 0x65, 0x00, 0x6C, 0x00, 0x6C, 0x00, 0x61, 0x00,
    0x20, 0x00, 0x62, 0x00, 0x61, 0x00, 0x72, 0x00, 0x72, 0x00, 0x61, 0x00, 0x20, 0x00, 0x64, 0x00,
    0x65, 0x00, 0x6C, 0x00, 0x6C, 0x00, 0x65, 0x00, 0x20, 0x00, 0x61, 0x00, 0x70, 0x00, 0x70, 0x00,
    0x6C, 0x00, 0x69, 0x00, 0x63, 0x00, 0x61, 0x00, 0x7A, 0x00, 0x69, 0x00, 0x6F, 0x00, 0x6E, 0x00,
    0x69, 0x00, 0x2C, 0x00, 0x20, 0x00, 0x70, 0x00, 0x65, 0x00, 0x72, 0x00, 0x20, 0x00, 0x76, 0x00,
    0x65, 0x00, 0x64, 0x00, 0x65, 0x00, 0x72, 0x00, 0x65, 0x00, 0x20, 0x00, 0x75, 0x00, 0x6E, 0x00,
    0x27, 0x00, 0x61, 0x00, 0x6E, 0x00, 0x74, 0x00, 0x65, 0x00, 0x70, 0x00, 0x72, 0x00, 0x69, 0x00,
    0x6D, 0x00, 0x61, 0x00, 0x20, 0x00, 0x64, 0x00, 0x65, 0x00, 0x6C, 0x00, 0x20, 0x00, 0x64, 0x00,
    0x65, 0x00, 0x73, 0x00, 0x6B, 0x00, 0x74, 0x00, 0x6F, 0x00, 0x70, 0x00, 0x2E, 0x00, 0x00, 0x00,
    0x00, 0x00, 0x00, 0x00, 0x00, 0x00, 0x00, 0x00, 0x00, 0x00, 0x00, 0x00, 0x03, 0x00, 0x01, 0x50,
    0x0D, 0x00, 0xAB, 0x00, 0xC8, 0x00, 0x0A, 0x00, 0x75, 0x04, 0x00, 0x00, 0xFF, 0xFF, 0x80, 0x00,
    0x41, 0x00, 0x74, 0x00, 0x74, 0x00, 0x69, 0x00, 0x76, 0x00, 0x61, 0x00, 0x20, 0x00, 0x41, 0x00,
    0x65, 0x00, 0x72, 0x00, 0x6F, 0x00, 0x20, 0x00, 0x26, 0x00, 0x50, 0x00, 0x65, 0x00, 0x65, 0x00,
    0x6B, 0x00, 0x20, 0x00, 0x70, 0x00, 0x65, 0x00, 0x72, 0x00, 0x20, 0x00, 0x6C, 0x00, 0x27, 0x00,
    0x61, 0x00, 0x6E, 0x00, 0x74, 0x00, 0x65, 0x00, 0x70, 0x00, 0x72, 0x00, 0x69, 0x00, 0x6D, 0x00,
    0x61, 0x00, 0x20, 0x00, 0x64, 0x00, 0x65, 0x00, 0x6C, 0x00, 0x20, 0x00, 0x64, 0x00, 0x65, 0x00,
    0x73, 0x00, 0x6B, 0x00, 0x74, 0x00, 0x6F, 0x00, 0x70, 0x00, 0x00, 0x00, 0x00, 0x00, 0x00, 0x00,
    0x00, 0x00, 0x00, 0x00, 0x00, 0x00, 0x00, 0x00, 0x07, 0x00, 0x00, 0x50, 0x07, 0x00, 0x8C, 0x00,
    0xEE, 0x00, 0x30, 0x00, 0x79, 0x04, 0x00, 0x00, 0xFF, 0xFF, 0x80, 0x00, 0x41, 0x00, 0x65, 0x00,
    0x72, 0x00, 0x6F, 0x00, 0x20, 0x00, 0x50, 0x00, 0x65, 0x00, 0x65, 0x00, 0x6B, 0x00, 0x20, 0x00,
    0x28, 0x00, 0x61, 0x00, 0x6E, 0x00, 0x74, 0x00, 0x65, 0x00, 0x70, 0x00, 0x72, 0x00, 0x69, 0x00,
    0x6D, 0x00, 0x61, 0x00, 0x20, 0x00, 0x64, 0x00, 0x65, 0x00, 0x6C, 0x00, 0x20, 0x00, 0x64, 0x00,
    0x65, 0x00, 0x73, 0x00, 0x6B, 0x00, 0x74, 0x00, 0x6F, 0x00, 0x70, 0x00, 0x29, 0x00, 0x00, 0x00,
    0x00, 0x00, 0x00, 0x00, 0x00, 0x00, 0x00, 0x00, 0x00, 0x00, 0x00, 0x00, 0x00, 0x00, 0x01, 0x50,
    0x07, 0x00, 0xC8, 0x00, 0x00, 0x01, 0x08, 0x00, 0x5A, 0x04, 0x00, 0x00, 0x53, 0x00, 0x79, 0x00,
    0x73, 0x00, 0x4C, 0x00, 0x69, 0x00, 0x6E, 0x00, 0x6B, 0x00, 0x00, 0x00, 0x43, 0x00, 0x6F, 0x00,
    0x6D, 0x00, 0x65, 0x00, 0x20, 0x00, 0x70, 0x00, 0x65, 0x00, 0x72, 0x00, 0x73, 0x00, 0x6F, 0x00,
    0x6E, 0x00, 0x61, 0x00, 0x6C, 0x00, 0x69, 0x00, 0x7A, 0x00, 0x7A, 0x00, 0x6F, 0x00, 0x20, 0x00,
    0x6C, 0x00, 0x27, 0x00, 0x61, 0x00, 0x73, 0x00, 0x70, 0x00, 0x65, 0x00, 0x74, 0x00, 0x74, 0x00,
    0x6F, 0x00, 0x20, 0x00, 0x64, 0x00, 0x65, 0x00, 0x6C, 0x00, 0x6C, 0x00, 0x61, 0x00, 0x20, 0x00,
    0x62, 0x00, 0x61, 0x00, 0x72, 0x00, 0x72, 0x00, 0x61, 0x00, 0x20, 0x00, 0x64, 0x00, 0x65, 0x00,
    0x6C, 0x00, 0x6C, 0x00, 0x65, 0x00, 0x20, 0x00, 0x61, 0x00, 0x70, 0x00, 0x70, 0x00, 0x6C, 0x00,
    0x69, 0x00, 0x63, 0x00, 0x61, 0x00, 0x7A, 0x00, 0x69, 0x00, 0x6F, 0x00, 0x6E, 0x00, 0x69, 0x00,
    0x3F, 0x00, 0x00, 0x00, 0x00, 0x00,
};
static const unsigned char g_res_it_007[] = {
    0xFF, 0xFF, 0xFF, 0xFF, 0x00, 0x00, 0x00, 0x00, 0x00, 0x00, 0x00, 0x00, 0x48, 0x00, 0x00, 0x50,
    0x03, 0x00, 0x00, 0x00, 0x00, 0x00, 0xFC, 0x00, 0xDA, 0x00, 0x00, 0x00, 0x00, 0x00, 0x42, 0x00,
    0x61, 0x00, 0x72, 0x00, 0x72, 0x00, 0x65, 0x00, 0x20, 0x00, 0x64, 0x00, 0x65, 0x00, 0x67, 0x00,
    0x6C, 0x00, 0x69, 0x00, 0x20, 0x00, 0x73, 0x00, 0x74, 0x00, 0x72, 0x00, 0x75, 0x00, 0x6D, 0x00,
    0x65, 0x00, 0x6E, 0x00, 0x74, 0x00, 0x69, 0x00, 0x00, 0x00, 0x08, 0x00, 0x90, 0x01, 0x00, 0x00,
    0x4D, 0x00, 0x53, 0x00, 0x20, 0x00, 0x53, 0x00, 0x68, 0x00, 0x65, 0x00, 0x6C, 0x00, 0x6C, 0x00,
    0x20, 0x00, 0x44, 0x00, 0x6C, 0x00, 0x67, 0x00, 0x00, 0x00, 0x00, 0x00, 0x00, 0x00, 0x00, 0x00,
    0x00, 0x00, 0x00, 0x00, 0x00, 0x00, 0x00, 0x50, 0x07, 0x00, 0x07, 0x00, 0xDF, 0x00, 0x0C, 0x00,
    0x52, 0x04, 0x00, 0x00, 0xFF, 0xFF, 0x82, 0x00, 0x53, 0x00, 0x63, 0x00, 0x65, 0x00, 0x67, 0x00,
    0x6C, 0x00, 0x69, 0x00, 0x20, 0x00, 0x71, 0x00, 0x75, 0x00, 0x61, 0x00, 0x6C, 0x00, 0x69, 0x00,
    0x20, 0x00, 0x62, 0x00, 0x61, 0x00, 0x72, 0x00, 0x72, 0x00, 0x65, 0x00, 0x20, 0x00, 0x64, 0x00,
    0x65, 0x00, 0x67, 0x00, 0x6C, 0x00, 0x69, 0x00, 0x20, 0x00, 0x73, 0x00, 0x74, 0x00, 0x72, 0x00,
    0x75, 0x00, 0x6D, 0x00, 0x65, 0x00, 0x6E, 0x00, 0x74, 0x00, 0x69, 0x00, 0x20, 0x00, 0x6D, 0x00,
    0x6F, 0x00, 0x73, 0x00, 0x74, 0x00, 0x72, 0x00, 0x61, 0x00, 0x72, 0x00, 0x65, 0x00, 0x20, 0x00,
    0x73, 0x00, 0x75, 0x00, 0x6C, 0x00, 0x6C, 0x00, 0x61, 0x00, 0x20, 0x00, 0x62, 0x00, 0x61, 0x00,
    0x72, 0x00, 0x72, 0x00, 0x61, 0x00, 0x20, 0x00, 0x64, 0x00, 0x65, 0x00, 0x6C, 0x00, 0x6C, 0x00,
    0x65, 0x00, 0x20, 0x00, 0x61, 0x00, 0x70, 0x00, 0x70, 0x00, 0x6C, 0x00, 0x69, 0x00, 0x63, 0x00,
    0x61, 0x00, 0x7A, 0x00, 0x69, 0x00, 0x6F, 0x00, 0x6E, 0x00, 0x69, 0x00, 0x3A, 0x00, 0x00, 0x00,
    0x00, 0x00, 0x00, 0x00, 0x00, 0x00, 0x00, 0x00, 0x00, 0x00, 0x00, 0x00, 0x27, 0x00, 0x81, 0x50,
    0x07, 0x00, 0x14, 0x00, 0xEC, 0x00, 0xA0, 0x00, 0x71, 0x04, 0x00, 0x00, 0x53, 0x00, 0x79, 0x00,
    0x73, 0x00, 0x54, 0x00, 0x72, 0x00, 0x65, 0x00, 0x65, 0x00, 0x56, 0x00, 0x69, 0x00, 0x65, 0x00,
    0x77, 0x00, 0x33, 0x00, 0x32, 0x00, 0x00, 0x00, 0x42, 0x00, 0x61, 0x00, 0x72, 0x00, 0x72, 0x00,
    0x65, 0x00, 0x20, 0x00, 0x73, 0x00, 0x74, 0x00, 0x72, 0x00, 0x75, 0x00, 0x6D, 0x00, 0x65, 0x00,
    0x6E, 0x00, 0x74, 0x00, 0x69, 0x00, 0x00, 0x00, 0x00, 0x00, 0x00, 0x00, 0x00, 0x00, 0x00, 0x00,
    0x00, 0x00, 0x00, 0x00, 0x27, 0x00, 0x81, 0x50, 0x00, 0x00, 0x00, 0x00, 0x00, 0x00, 0x00, 0x00,
    0x72, 0x04, 0x00, 0x00, 0x53, 0x00, 0x79, 0x00, 0x73, 0x00, 0x54, 0x00, 0x72, 0x00, 0x65, 0x00,
    0x65, 0x00, 0x56, 0x00, 0x69, 0x00, 0x65, 0x00, 0x77, 0x00, 0x33, 0x00, 0x32, 0x00, 0x00, 0x00,
    0x4E, 0x00, 0x75, 0x00, 0x6F, 0x00, 0x76, 0x00, 0x61, 0x00, 0x00, 0x00, 0x00, 0x00,
};
static const unsigned char g_res_it_008[] = {
    0xFF, 0xFF, 0xFF, 0xFF, 0x00, 0x00, 0x00, 0x00, 0x00, 0x00, 0x00, 0x00, 0xC8, 0x00, 0xC8, 0x80,
    0x06, 0x00, 0x00, 0x00, 0x00, 0x00, 0x10, 0x01, 0x51, 0x00, 0x00, 0x00, 0x00, 0x00, 0x41, 0x00,
    0x70, 0x00, 0x70, 0x00, 0x6C, 0x00, 0x69, 0x00, 0x63, 0x00, 0x61, 0x00, 0x20, 0x00, 0x69, 0x00,
    0x6D, 0x00, 0x70, 0x00, 0x6F, 0x00, 0x73, 0x00, 0x74, 0x00, 0x61, 0x00, 0x7A, 0x00, 0x69, 0x00,
    0x6F, 0x00, 0x6E, 0x00, 0x69, 0x00, 0x00, 0x00, 0x08, 0x00, 0x90, 0x01, 0x00, 0x00, 0x4D, 0x00,
    0x53, 0x00, 0x20, 0x00, 0x53, 0x00, 0x68, 0x00, 0x65, 0x00, 0x6C, 0x00, 0x6C, 0x00, 0x20, 0x00,
    0x44, 0x00, 0x6C, 0x00, 0x67, 0x00, 0x00, 0x00, 0x00, 0x00, 0x00, 0x00, 0x00, 0x00, 0x00, 0x00,
    0x03, 0x00, 0x01, 0x50, 0x07, 0x00, 0x3E, 0x00, 0x8B, 0x00, 0x0A, 0x00, 0x02, 0x12, 0x00, 0x00,
    0xFF, 0xFF, 0x80, 0x00, 0x26, 0x00, 0x41, 0x00, 0x70, 0x00, 0x70, 0x00, 0x6C, 0x00, 0x69, 0x00,
    0x63, 0x00, 0x61, 0x00, 0x20, 0x00, 0x61, 0x00, 0x6C, 0x00, 0x6C, 0x00, 0x65, 0x00, 0x20, 0x00,
    0x61, 0x00, 0x6C, 0x00, 0x74, 0x00, 0x72, 0x00, 0x65, 0x00, 0x20, 0x00, 0x76, 0x00, 0x6F, 0x00,
    0x63, 0x00, 0x69, 0x00, 0x00, 0x00, 0x00, 0x00, 0x00, 0x00, 0x00, 0x00, 0x00, 0x00, 0x00, 0x00,
    0x03, 0x00, 0x01, 0x50, 0x9F, 0x00, 0x3C, 0x00, 0x32, 0x00, 0x0E, 0x00, 0xEE, 0x03, 0x00, 0x00,
    0xFF, 0xFF, 0x80, 0x00, 0x26, 0x00, 0x52, 0x00, 0x69, 0x00, 0x70, 0x00, 0x72, 0x00, 0x6F, 0x00,
    0x76, 0x00, 0x61, 0x00, 0x00, 0x00, 0x00, 0x00, 0x00, 0x00, 0x00, 0x00, 0x00, 0x00, 0x00, 0x00,
    0x03, 0x00, 0x01, 0x50, 0xD7, 0x00, 0x3C, 0x00, 0x32, 0x00, 0x0E, 0x00, 0x05, 0x00, 0x00, 0x00,
    0xFF, 0xFF, 0x80, 0x00, 0x41, 0x00, 0x6E, 0x00, 0x6E, 0x00, 0x75, 0x00, 0x6C, 0x00, 0x6C, 0x00,
    0x61, 0x00, 0x00, 0x00, 0x00, 0x00, 0x00, 0x00, 0x00, 0x00, 0x00, 0x00, 0x00, 0x00, 0x00, 0x00,
    0x00, 0x00, 0x00, 0x50, 0x07, 0x00, 0x33, 0x00, 0x02, 0x01, 0x01, 0x00, 0xFF, 0xFF, 0xFF, 0xFF,
    0xFF, 0xFF, 0x82, 0x00, 0x00, 0x00, 0x00, 0x00, 0x00, 0x00, 0x00, 0x00, 0x00, 0x00, 0x00, 0x00,
    0x00, 0x00, 0x00, 0x50, 0x07, 0x00, 0x07, 0x00, 0x15, 0x00, 0x14, 0x00, 0xFF, 0xFF, 0xFF, 0xFF,
    0xFF, 0xFF, 0x82, 0x00, 0x00, 0x00, 0x00, 0x00, 0x00, 0x00, 0x00, 0x00, 0x00, 0x00, 0x00, 0x00,
    0x00, 0x00, 0x00, 0x50, 0x22, 0x00, 0x07, 0x00, 0xE0, 0x00, 0x25, 0x00, 0xEF, 0x03, 0x00, 0x00,
    0xFF, 0xFF, 0x82, 0x00, 0x41, 0x00, 0x6C, 0x00, 0x63, 0x00, 0x75, 0x00, 0x6E, 0x00, 0x65, 0x00,
    0x20, 0x00, 0x69, 0x00, 0x6D, 0x00, 0x70, 0x00, 0x6F, 0x00, 0x73, 0x00, 0x74, 0x00, 0x61, 0x00,
    0x7A, 0x00, 0x69, 0x00, 0x6F, 0x00, 0x6E, 0x00, 0x69, 0x00, 0x20, 0x00, 0x63, 0x00, 0x61, 0x00,
    0x6D, 0x00, 0x62, 0x00, 0x69, 0x00, 0x61, 0x00, 0x6E, 0x00, 0x6F, 0x00, 0x20, 0x00, 0x6C, 0x00,
    0x61, 0x00, 0x20, 0x00, 0x64, 0x00, 0x69, 0x00, 0x73, 0x00, 0x70, 0x00, 0x6F, 0x00, 0x73, 0x00,
    0x69, 0x00, 0x7A, 0x00, 0x69, 0x00, 0x6F, 0x00, 0x6E, 0x00, 0x65, 0x00, 0x20, 0x00, 0x64, 0x00,
    0x65, 0x00, 0x67, 0x00, 0x6C, 0x00, 0x69, 0x00, 0x20, 0x00, 0x65, 0x00, 0x6C, 0x00, 0x65, 0x00,
    0x6D, 0x00, 0x65, 0x00, 0x6E, 0x00, 0x74, 0x00, 0x69, 0x00, 0x20, 0x00, 0x64, 0x00, 0x65, 0x00,
    0x6C, 0x00, 0x20, 0x00, 0x6D, 0x00, 0x65, 0x00, 0x6E, 0x00, 0x75, 0x00, 0x20, 0x00, 0x53, 0x00,
    0x74, 0x00, 0x61, 0x00, 0x72, 0x00, 0x74, 0x00, 0x20, 0x00, 0x65, 0x00, 0x20, 0x00, 0x64, 0x00,
    0x65, 0x00, 0x6C, 0x00, 0x6C, 0x00, 0x61, 0x00, 0x20, 0x00, 0x62, 0x00, 0x61, 0x00, 0x72, 0x00,
    0x72, 0x00, 0x61, 0x00, 0x20, 0x00, 0x64, 0x00, 0x65, 0x00, 0x6C, 0x00, 0x6C, 0x00, 0x65, 0x00,
    0x20, 0x00, 0x61, 0x00, 0x70, 0x00, 0x70, 0x00, 0x6C, 0x00, 0x69, 0x00, 0x63, 0x00, 0x61, 0x00,
    0x7A, 0x00, 0x69, 0x00, 0x6F, 0x00, 0x6E, 0x00, 0x69, 0x00, 0x2E, 0x00, 0x20, 0x00, 0x50, 0x00,
    0x75, 0x00, 0x6F, 0x00, 0x69, 0x00, 0x20, 0x00, 0x61, 0x00, 0x70, 0x00, 0x70, 0x00, 0x6C, 0x00,
    0x69, 0x00, 0x63, 0x00, 0x61, 0x00, 0x72, 0x00, 0x6C, 0x00, 0x65, 0x00, 0x20, 0x00, 0x61, 0x00,
    0x20, 0x00, 0x74, 0x00, 0x75, 0x00, 0x74, 0x00, 0x74, 0x00, 0x6F, 0x00, 0x20, 0x00, 0x6F, 0x00,
    0x20, 0x00, 0x6D, 0x00, 0x61, 0x00, 0x6E, 0x00, 0x74, 0x00, 0x65, 0x00, 0x6E, 0x00, 0x65, 0x00,
    0x72, 0x00, 0x65, 0x00, 0x20, 0x00, 0x6C, 0x00, 0x61, 0x00, 0x20, 0x00, 0x64, 0x00, 0x69, 0x00,
    0x73, 0x00, 0x70, 0x00, 0x6F, 0x00, 0x73, 0x00, 0x69, 0x00, 0x7A, 0x00, 0x69, 0x00, 0x6F, 0x00,
    0x6E, 0x00, 0x65, 0x00, 0x20, 0x00, 0x63, 0x00, 0x6F, 0x00, 0x72, 0x00, 0x72, 0x00, 0x65, 0x00,
    0x6E, 0x00, 0x74, 0x00, 0x65, 0x00, 0x20, 0x00, 0x70, 0x00, 0x65, 0x00, 0x72, 0x00, 0x20, 0x00,
    0x6C, 0x00, 0x65, 0x00, 0x20, 0x00, 0x66, 0x00, 0x69, 0x00, 0x6E, 0x00, 0x65, 0x00, 0x73, 0x00,
    0x74, 0x00, 0x72, 0x00, 0x65, 0x00, 0x20, 0x00, 0x61, 0x00, 0x70, 0x00, 0x65, 0x00, 0x72, 0x00,
    0x74, 0x00, 0x65, 0x00, 0x2E, 0x00, 0x00, 0x00, 0x00, 0x00,
};
static const unsigned char g_res_it_009[] = {
    0xFF, 0xFF, 0xFF, 0xFF, 0x00, 0x00, 0x00, 0x00, 0x00, 0x00, 0x00, 0x00, 0xC8, 0x00, 0xC8, 0x80,
    0x06, 0x00, 0x00, 0x00, 0x00, 0x00, 0x40, 0x01, 0x89, 0x00, 0x00, 0x00, 0x00, 0x00, 0x4E, 0x00,
    0x6F, 0x00, 0x74, 0x00, 0x61, 0x00, 0x20, 0x00, 0x73, 0x00, 0x75, 0x00, 0x6C, 0x00, 0x20, 0x00,
    0x6D, 0x00, 0x65, 0x00, 0x6E, 0x00, 0x75, 0x00, 0x20, 0x00, 0x53, 0x00, 0x74, 0x00, 0x61, 0x00,
    0x72, 0x00, 0x74, 0x00, 0x00, 0x00, 0x08, 0x00, 0x90, 0x01, 0x00, 0x00, 0x4D, 0x00, 0x53, 0x00,
    0x20, 0x00, 0x53, 0x00, 0x68, 0x00, 0x65, 0x00, 0x6C, 0x00, 0x6C, 0x00, 0x20, 0x00, 0x44, 0x00,
    0x6C, 0x00, 0x67, 0x00, 0x00, 0x00, 0x00, 0x00, 0x00, 0x00, 0x00, 0x00, 0x00, 0x00, 0x00, 0x00,
    0x00, 0x00, 0x00, 0x50, 0x30, 0x00, 0x12, 0x00, 0x00, 0x01, 0x08, 0x00, 0xFF, 0xFF, 0xFF, 0xFF,
    0xFF, 0xFF, 0x82, 0x00, 0x41, 0x00, 0x6C, 0x00, 0x63, 0x00, 0x75, 0x00, 0x6E, 0x00, 0x65, 0x00,
    0x20, 0x00, 0x76, 0x00, 0x6F, 0x00, 0x63, 0x00, 0x69, 0x00, 0x20, 0x00, 0x64, 0x00, 0x65, 0x00,
    0x6C, 0x00, 0x20, 0x00, 0x6D, 0x00, 0x65, 0x00, 0x6E, 0x00, 0x75, 0x00, 0x20, 0x00, 0x53, 0x00,
    0x74, 0x00, 0x61, 0x00, 0x72, 0x00, 0x74, 0x00, 0x20, 0x00, 0x73, 0x00, 0x6F, 0x00, 0x6E, 0x00,
    0x6F, 0x00, 0x20, 0x00, 0x73, 0x00, 0x74, 0x00, 0x61, 0x00, 0x74, 0x00, 0x65, 0x00, 0x20, 0x00,
    0x73, 0x00, 0x70, 0x00, 0x6F, 0x00, 0x73, 0x00, 0x74, 0x00, 0x61, 0x00, 0x74, 0x00, 0x65, 0x00,
    0x2E, 0x00, 0x00, 0x00, 0x00, 0x00, 0x00, 0x00, 0x00, 0x00, 0x00, 0x00, 0x00, 0x00, 0x00, 0x00,
    0x00, 0x00, 0x00, 0x50, 0x30, 0x00, 0x25, 0x00, 0x00, 0x01, 0x12, 0x00, 0xFF, 0xFF, 0xFF, 0xFF,
    0xFF, 0xFF, 0x82, 0x00, 0x43, 0x00, 0x61, 0x00, 0x72, 0x00, 0x74, 0x00, 0x65, 0x00, 0x6C, 0x00,
    0x6C, 0x00, 0x65, 0x00, 0x20, 0x00, 0x65, 0x00, 0x20, 0x00, 0x63, 0x00, 0x6F, 0x00, 0x6C, 0x00,
    0x6C, 0x00, 0x65, 0x00, 0x67, 0x00, 0x61, 0x00, 0x6D, 0x00, 0x65, 0x00, 0x6E, 0x00, 0x74, 0x00,
    0x69, 0x00, 0x20, 0x00, 0x72, 0x00, 0x65, 0x00, 0x73, 0x00, 0x74, 0x00, 0x61, 0x00, 0x6E, 0x00,
    0x6F, 0x00, 0x20, 0x00, 0x6E, 0x00, 0x65, 0x00, 0x6C, 0x00, 0x6C, 0x00, 0x65, 0x00, 0x20, 0x00,
    0x73, 0x00, 0x74, 0x00, 0x65, 0x00, 0x73, 0x00, 0x73, 0x00, 0x65, 0x00, 0x20, 0x00, 0x70, 0x00,
    0x6F, 0x00, 0x73, 0x00, 0x69, 0x00, 0x7A, 0x00, 0x69, 0x00, 0x6F, 0x00, 0x6E, 0x00, 0x69, 0x00,
    0x3B, 0x00, 0x20, 0x00, 0xE8, 0x00, 0x20, 0x00, 0x63, 0x00, 0x61, 0x00, 0x6D, 0x00, 0x62, 0x00,
    0x69, 0x00, 0x61, 0x00, 0x74, 0x00, 0x6F, 0x00, 0x20, 0x00, 0x73, 0x00, 0x6F, 0x00, 0x6C, 0x00,
    0x6F, 0x00, 0x20, 0x00, 0x63, 0x00, 0x69, 0x00, 0xF2, 0x00, 0x20, 0x00, 0x63, 0x00, 0x68, 0x00,
    0x65, 0x00, 0x20, 0x00, 0x76, 0x00, 0x65, 0x00, 0x64, 0x00, 0x69, 0x00, 0x2E, 0x00, 0x20, 0x00,
    0x50, 0x00, 0x75, 0x00, 0x6F, 0x00, 0x69, 0x00, 0x20, 0x00, 0x72, 0x00, 0x69, 0x00, 0x70, 0x00,
    0x72, 0x00, 0x69, 0x00, 0x73, 0x00, 0x74, 0x00, 0x69, 0x00, 0x6E, 0x00, 0x61, 0x00, 0x72, 0x00,
    0x65, 0x00, 0x20, 0x00, 0x74, 0x00, 0x75, 0x00, 0x74, 0x00, 0x74, 0x00, 0x6F, 0x00, 0x20, 0x00,
    0x71, 0x00, 0x75, 0x00, 0x61, 0x00, 0x6E, 0x00, 0x64, 0x00, 0x6F, 0x00, 0x20, 0x00, 0x76, 0x00,
    0x75, 0x00, 0x6F, 0x00, 0x69, 0x00, 0x2E, 0x00, 0x00, 0x00, 0x00, 0x00, 0x00, 0x00, 0x00, 0x00,
    0x00, 0x00, 0x00, 0x00, 0x00, 0x00, 0x00, 0x50, 0x0E, 0x00, 0x0C, 0x00, 0x14, 0x00, 0x14, 0x00,
    0xFF, 0xFF, 0xFF, 0xFF, 0xFF, 0xFF, 0x82, 0x00, 0x00, 0x00, 0x00, 0x00, 0x00, 0x00, 0x00, 0x00,
    0x00, 0x00, 0x00, 0x00, 0x01, 0x00, 0x01, 0x50, 0x00, 0x01, 0x70, 0x00, 0x32, 0x00, 0x10, 0x00,
    0x01, 0x00, 0x00, 0x00, 0xFF, 0xFF, 0x80, 0x00, 0x4F, 0x00, 0x4B, 0x00, 0x00, 0x00, 0x00, 0x00,
    0x00, 0x00, 0x00, 0x00, 0x00, 0x00, 0x00, 0x00, 0x00, 0x00, 0x01, 0x50, 0x30, 0x00, 0x43, 0x00,
    0x00, 0x01, 0x12, 0x00, 0xF1, 0x03, 0x00, 0x00, 0x53, 0x00, 0x79, 0x00, 0x73, 0x00, 0x4C, 0x00,
    0x69, 0x00, 0x6E, 0x00, 0x6B, 0x00, 0x00, 0x00, 0x55, 0x00, 0x6C, 0x00, 0x74, 0x00, 0x65, 0x00,
    0x72, 0x00, 0x69, 0x00, 0x6F, 0x00, 0x72, 0x00, 0x69, 0x00, 0x20, 0x00, 0x69, 0x00, 0x6E, 0x00,
    0x66, 0x00, 0x6F, 0x00, 0x72, 0x00, 0x6D, 0x00, 0x61, 0x00, 0x7A, 0x00, 0x69, 0x00, 0x6F, 0x00,
    0x6E, 0x00, 0x69, 0x00, 0x20, 0x00, 0x73, 0x00, 0x75, 0x00, 0x6C, 0x00, 0x20, 0x00, 0x72, 0x00,
    0x69, 0x00, 0x70, 0x00, 0x72, 0x00, 0x69, 0x00, 0x73, 0x00, 0x74, 0x00, 0x69, 0x00, 0x6E, 0x00,
    0x6F, 0x00, 0x20, 0x00, 0x64, 0x00, 0x65, 0x00, 0x6C, 0x00, 0x6C, 0x00, 0x65, 0x00, 0x20, 0x00,
    0x69, 0x00, 0x6D, 0x00, 0x70, 0x00, 0x6F, 0x00, 0x73, 0x00, 0x74, 0x00, 0x61, 0x00, 0x7A, 0x00,
    0x69, 0x00, 0x6F, 0x00, 0x6E, 0x00, 0x69, 0x00, 0x00, 0x00, 0x00, 0x00, 0x00, 0x00, 0x00, 0x00,
    0x00, 0x00, 0x00, 0x00, 0x03, 0x00, 0x01, 0x50, 0x30, 0x00, 0x5D, 0x00, 0x00, 0x01, 0x12, 0x00,
    0xF0, 0x03, 0x00, 0x00, 0xFF, 0xFF, 0x80, 0x00, 0x26, 0x00, 0x4E, 0x00, 0x6F, 0x00, 0x6E, 0x00,
    0x20, 0x00, 0x6D, 0x00, 0x6F, 0x00, 0x73, 0x00, 0x74, 0x00, 0x72, 0x00, 0x61, 0x00, 0x72, 0x00,
    0x65, 0x00, 0x20, 0x00, 0x64, 0x00, 0x69, 0x00, 0x20, 0x00, 0x6E, 0x00, 0x75, 0x00, 0x6F, 0x00,
    0x76, 0x00, 0x6F, 0x00, 0x20, 0x00, 0x71, 0x00, 0x75, 0x00, 0x65, 0x00, 0x73, 0x00, 0x74, 0x00,
    0x6F, 0x00, 0x20, 0x00, 0x6D, 0x00, 0x65, 0x00, 0x73, 0x00, 0x73, 0x00, 0x61, 0x00, 0x67, 0x00,
    0x67, 0x00, 0x69, 0x00, 0x6F, 0x00, 0x00, 0x00, 0x00, 0x00,
};
static const unsigned char g_res_it_010[] = {
    0xFF, 0xFF, 0xFF, 0xFF, 0x00, 0x00, 0x00, 0x00, 0x00, 0x00, 0x00, 0x00, 0x48, 0x00, 0x00, 0x50,
    0x08, 0x00, 0x00, 0x00, 0x00, 0x00, 0xFC, 0x00, 0xDA, 0x00, 0x00, 0x00, 0x00, 0x00, 0x4D, 0x00,
    0x65, 0x00, 0x6E, 0x00, 0x75, 0x00, 0x20, 0x00, 0x26, 0x00, 0x53, 0x00, 0x74, 0x00, 0x61, 0x00,
    0x72, 0x00, 0x74, 0x00, 0x00, 0x00, 0x08, 0x00, 0x90, 0x01, 0x00, 0x00, 0x4D, 0x00, 0x53, 0x00,
    0x20, 0x00, 0x53, 0x00, 0x68, 0x00, 0x65, 0x00, 0x6C, 0x00, 0x6C, 0x00, 0x20, 0x00, 0x44, 0x00,
    0x6C, 0x00, 0x67, 0x00, 0x00, 0x00, 0x00, 0x00, 0x00, 0x00, 0x00, 0x00, 0x00, 0x00, 0x00, 0x00,
    0x00, 0x00, 0x00, 0x50, 0x07, 0x00, 0x07, 0x00, 0xAA, 0x00, 0x10, 0x00, 0x6E, 0x04, 0x00, 0x00,
    0xFF, 0xFF, 0x82, 0x00, 0x50, 0x00, 0x65, 0x00, 0x72, 0x00, 0x20, 0x00, 0x64, 0x00, 0x65, 0x00,
    0x63, 0x00, 0x69, 0x00, 0x64, 0x00, 0x65, 0x00, 0x72, 0x00, 0x65, 0x00, 0x20, 0x00, 0x63, 0x00,
    0x6F, 0x00, 0x6D, 0x00, 0x65, 0x00, 0x20, 0x00, 0x61, 0x00, 0x70, 0x00, 0x70, 0x00, 0x61, 0x00,
    0x69, 0x00, 0x6F, 0x00, 0x6E, 0x00, 0x6F, 0x00, 0x20, 0x00, 0x65, 0x00, 0x20, 0x00, 0x73, 0x00,
    0x69, 0x00, 0x20, 0x00, 0x63, 0x00, 0x6F, 0x00, 0x6D, 0x00, 0x70, 0x00, 0x6F, 0x00, 0x72, 0x00,
    0x74, 0x00, 0x61, 0x00, 0x6E, 0x00, 0x6F, 0x00, 0x20, 0x00, 0x63, 0x00, 0x6F, 0x00, 0x6C, 0x00,
    0x6C, 0x00, 0x65, 0x00, 0x67, 0x00, 0x61, 0x00, 0x6D, 0x00, 0x65, 0x00, 0x6E, 0x00, 0x74, 0x00,
    0x69, 0x00, 0x2C, 0x00, 0x20, 0x00, 0x69, 0x00, 0x63, 0x00, 0x6F, 0x00, 0x6E, 0x00, 0x65, 0x00,
    0x20, 0x00, 0x65, 0x00, 0x20, 0x00, 0x6D, 0x00, 0x65, 0x00, 0x6E, 0x00, 0x75, 0x00, 0x20, 0x00,
    0x6E, 0x00, 0x65, 0x00, 0x6C, 0x00, 0x20, 0x00, 0x6D, 0x00, 0x65, 0x00, 0x6E, 0x00, 0x75, 0x00,
    0x20, 0x00, 0x53, 0x00, 0x74, 0x00, 0x61, 0x00, 0x72, 0x00, 0x74, 0x00, 0x2C, 0x00, 0x20, 0x00,
    0x70, 0x00, 0x72, 0x00, 0x65, 0x00, 0x6D, 0x00, 0x69, 0x00, 0x20, 0x00, 0x50, 0x00, 0x65, 0x00,
    0x72, 0x00, 0x73, 0x00, 0x6F, 0x00, 0x6E, 0x00, 0x61, 0x00, 0x6C, 0x00, 0x69, 0x00, 0x7A, 0x00,
    0x7A, 0x00, 0x61, 0x00, 0x2E, 0x00, 0x00, 0x00, 0x00, 0x00, 0x00, 0x00, 0x00, 0x00, 0x00, 0x00,
    0x00, 0x00, 0x00, 0x00, 0x03, 0x00, 0x01, 0x50, 0xC0, 0x00, 0x04, 0x00, 0x35, 0x00, 0x0E, 0x00,
    0x6B, 0x04, 0x00, 0x00, 0xFF, 0xFF, 0x80, 0x00, 0x50, 0x00, 0x65, 0x00, 0x72, 0x00, 0x73, 0x00,
    0x6F, 0x00, 0x6E, 0x00, 0x61, 0x00, 0x6C, 0x00, 0x69, 0x00, 0x26, 0x00, 0x7A, 0x00, 0x7A, 0x00,
    0x61, 0x00, 0x2E, 0x00, 0x2E, 0x00, 0x2E, 0x00, 0x00, 0x00, 0x00, 0x00, 0x00, 0x00, 0x00, 0x00,
    0x00, 0x00, 0x00, 0x00, 0x00, 0x00, 0x00, 0x50, 0x07, 0x00, 0x23, 0x00, 0x48, 0x00, 0x08, 0x00,
    0xFF, 0xFF, 0x00, 0x00, 0xFF, 0xFF, 0x82, 0x00, 0x41, 0x00, 0x7A, 0x00, 0x69, 0x00, 0x6F, 0x00,
    0x6E, 0x00, 0x65, 0x00, 0x20, 0x00, 0x64, 0x00, 0x65, 0x00, 0x6C, 0x00, 0x20, 0x00, 0x70, 0x00,
    0x26, 0x00, 0x75, 0x00, 0x6C, 0x00, 0x73, 0x00, 0x61, 0x00, 0x6E, 0x00, 0x74, 0x00, 0x65, 0x00,
    0x20, 0x00, 0x64, 0x00, 0x69, 0x00, 0x20, 0x00, 0x61, 0x00, 0x6C, 0x00, 0x69, 0x00, 0x6D, 0x00,
    0x65, 0x00, 0x6E, 0x00, 0x74, 0x00, 0x61, 0x00, 0x7A, 0x00, 0x69, 0x00, 0x6F, 0x00, 0x6E, 0x00,
    0x65, 0x00, 0x3A, 0x00, 0x00, 0x00, 0x00, 0x00, 0x00, 0x00, 0x00, 0x00, 0x00, 0x00, 0x00, 0x00,
    0x03, 0x00, 0x21, 0x50, 0x53, 0x00, 0x20, 0x00, 0x64, 0x00, 0x0E, 0x00, 0x6D, 0x04, 0x00, 0x00,
    0xFF, 0xFF, 0x85, 0x00, 0x00, 0x00, 0x00, 0x00, 0x00, 0x00, 0x00, 0x00, 0x00, 0x00, 0x00, 0x00,
    0x03, 0x00, 0x01, 0x50, 0x0E, 0x00, 0x44, 0x00, 0xE0, 0x00, 0x0A, 0x00, 0x70, 0x04, 0x00, 0x00,
    0xFF, 0xFF, 0x80, 0x00, 0x4D, 0x00, 0x6F, 0x00, 0x73, 0x00, 0x74, 0x00, 0x72, 0x00, 0x61, 0x00,
    0x20, 0x00, 0x69, 0x00, 0x20, 0x00, 0x26, 0x00, 0x70, 0x00, 0x72, 0x00, 0x6F, 0x00, 0x67, 0x00,
    0x72, 0x00, 0x61, 0x00, 0x6D, 0x00, 0x6D, 0x00, 0x69, 0x00, 0x20, 0x00, 0x61, 0x00, 0x70, 0x00,
    0x65, 0x00, 0x72, 0x00, 0x74, 0x00, 0x69, 0x00, 0x20, 0x00, 0x64, 0x00, 0x69, 0x00, 0x20, 0x00,
    0x72, 0x00, 0x65, 0x00, 0x63, 0x00, 0x65, 0x00, 0x6E, 0x00, 0x74, 0x00, 0x65, 0x00, 0x20, 0x00,
    0x6E, 0x00, 0x65, 0x00, 0x6C, 0x00, 0x20, 0x00, 0x6D, 0x00, 0x65, 0x00, 0x6E, 0x00, 0x75, 0x00,
    0x20, 0x00, 0x53, 0x00, 0x74, 0x00, 0x61, 0x00, 0x72, 0x00, 0x74, 0x00, 0x00, 0x00, 0x00, 0x00,
    0x00, 0x00, 0x00, 0x00, 0x00, 0x00, 0x00, 0x00, 0x03, 0x00, 0x01, 0x50, 0x0E, 0x00, 0x52, 0x00,
    0xE0, 0x00, 0x14, 0x00, 0x6F, 0x04, 0x00, 0x00, 0xFF, 0xFF, 0x80, 0x00, 0x4D, 0x00, 0x6F, 0x00,
    0x73, 0x00, 0x74, 0x00, 0x72, 0x00, 0x61, 0x00, 0x20, 0x00, 0x67, 0x00, 0x6C, 0x00, 0x69, 0x00,
    0x20, 0x00, 0x65, 0x00, 0x6C, 0x00, 0x65, 0x00, 0x6D, 0x00, 0x65, 0x00, 0x6E, 0x00, 0x74, 0x00,
    0x69, 0x00, 0x20, 0x00, 0x61, 0x00, 0x70, 0x00, 0x65, 0x00, 0x72, 0x00, 0x74, 0x00, 0x69, 0x00,
    0x20, 0x00, 0x64, 0x00, 0x69, 0x00, 0x20, 0x00, 0x72, 0x00, 0x65, 0x00, 0x63, 0x00, 0x65, 0x00,
    0x6E, 0x00, 0x74, 0x00, 0x65, 0x00, 0x20, 0x00, 0x6E, 0x00, 0x65, 0x00, 0x6C, 0x00, 0x20, 0x00,
    0x26, 0x00, 0x6D, 0x00, 0x65, 0x00, 0x6E, 0x00, 0x75, 0x00, 0x20, 0x00, 0x53, 0x00, 0x74, 0x00,
    0x61, 0x00, 0x72, 0x00, 0x74, 0x00, 0x20, 0x00, 0x65, 0x00, 0x20, 0x00, 0x6E, 0x00, 0x65, 0x00,
    0x6C, 0x00, 0x6C, 0x00, 0x61, 0x00, 0x20, 0x00, 0x62, 0x00, 0x61, 0x00, 0x72, 0x00, 0x72, 0x00,
    0x61, 0x00, 0x20, 0x00, 0x64, 0x00, 0x65, 0x00, 0x6C, 0x00, 0x6C, 0x00, 0x65, 0x00, 0x20, 0x00,
    0x61, 0x00, 0x70, 0x00, 0x70, 0x00, 0x6C, 0x00, 0x69, 0x00, 0x63, 0x00, 0x61, 0x00, 0x7A, 0x00,
    0x69, 0x00, 0x6F, 0x00, 0x6E, 0x00, 0x69, 0x00, 0x00, 0x00, 0x00, 0x00, 0x00, 0x00, 0x00, 0x00,
    0x00, 0x00, 0x00, 0x00, 0x07, 0x00, 0x00, 0x50, 0x07, 0x00, 0x37, 0x00, 0xEE, 0x00, 0x32, 0x00,
    0x2C, 0x01, 0x00, 0x00, 0xFF, 0xFF, 0x80, 0x00, 0x50, 0x00, 0x72, 0x00, 0x69, 0x00, 0x76, 0x00,
    0x61, 0x00, 0x63, 0x00, 0x79, 0x00, 0x00, 0x00, 0x00, 0x00, 0x00, 0x00, 0x00, 0x00, 0x00, 0x00,
    0x00, 0x00, 0x00, 0x00, 0x00, 0x00, 0x01, 0x50, 0x07, 0x00, 0xC8, 0x00, 0x00, 0x01, 0x08, 0x00,
    0x5C, 0x04, 0x00, 0x00, 0x53, 0x00, 0x79, 0x00, 0x73, 0x00, 0x4C, 0x00, 0x69, 0x00, 0x6E, 0x00,
    0x6B, 0x00, 0x00, 0x00, 0x43, 0x00, 0x6F, 0x00, 0x6D, 0x00, 0x65, 0x00, 0x20, 0x00, 0x66, 0x00,
    0x61, 0x00, 0x63, 0x00, 0x63, 0x00, 0x69, 0x00, 0x6F, 0x00, 0x20, 0x00, 0x61, 0x00, 0x20, 0x00,
    0x63, 0x00, 0x61, 0x00, 0x6D, 0x00, 0x62, 0x00, 0x69, 0x00, 0x61, 0x00, 0x72, 0x00, 0x65, 0x00,
    0x20, 0x00, 0x6C, 0x00, 0x27, 0x00, 0x61, 0x00, 0x73, 0x00, 0x70, 0x00, 0x65, 0x00, 0x74, 0x00,
    0x74, 0x00, 0x6F, 0x00, 0x20, 0x00, 0x64, 0x00, 0x65, 0x00, 0x6C, 0x00, 0x20, 0x00, 0x6D, 0x00,
    0x65, 0x00, 0x6E, 0x00, 0x75, 0x00, 0x20, 0x00, 0x53, 0x00, 0x74, 0x00, 0x61, 0x00, 0x72, 0x00,
    0x74, 0x00, 0x3F, 0x00, 0x00, 0x00, 0x00, 0x00,
};
static const unsigned char g_res_it_011[] = {
    0xFF, 0xFF, 0xFF, 0xFF, 0x00, 0x00, 0x00, 0x00, 0x00, 0x00, 0x00, 0x00, 0x48, 0x00, 0x00, 0x50,
    0x0C, 0x00, 0x00, 0x00, 0x00, 0x00, 0xFB, 0x00, 0x12, 0x01, 0x00, 0x00, 0x00, 0x00, 0x50, 0x00,
    0x65, 0x00, 0x72, 0x00, 0x73, 0x00, 0x6F, 0x00, 0x6E, 0x00, 0x61, 0x00, 0x6C, 0x00, 0x69, 0x00,
    0x7A, 0x00, 0x7A, 0x00, 0x61, 0x00, 0x7A, 0x00, 0x69, 0x00, 0x6F, 0x00, 0x6E, 0x00, 0x65, 0x00,
    0x20, 0x00, 0x6D, 0x00, 0x65, 0x00, 0x6E, 0x00, 0x75, 0x00, 0x20, 0x00, 0x53, 0x00, 0x74, 0x00,
    0x61, 0x00, 0x72, 0x00, 0x74, 0x00, 0x00, 0x00, 0x08, 0x00, 0x90, 0x01, 0x00, 0x00, 0x4D, 0x00,
    0x53, 0x00, 0x20, 0x00, 0x53, 0x00, 0x68, 0x00, 0x65, 0x00, 0x6C, 0x00, 0x6C, 0x00, 0x20, 0x00,
    0x44, 0x00, 0x6C, 0x00, 0x67, 0x00, 0x00, 0x00, 0x00, 0x00, 0x00, 0x00, 0x00, 0x00, 0x00, 0x00,
    0x00, 0x00, 0x00, 0x50, 0x07, 0x00, 0x07, 0x00, 0xEE, 0x00, 0x10, 0x00, 0xFF, 0xFF, 0xFF, 0xFF,
    0xFF, 0xFF, 0x82, 0x00, 0x53, 0x00, 0x65, 0x00, 0x6C, 0x00, 0x65, 0x00, 0x7A, 0x00, 0x69, 0x00,
    0x6F, 0x00, 0x6E, 0x00, 0x61, 0x00, 0x20, 0x00, 0x6C, 0x00, 0x65, 0x00, 0x20, 0x00, 0x76, 0x00,
    0x6F, 0x00, 0x63, 0x00, 0x69, 0x00, 0x20, 0x00, 0x64, 0x00, 0x61, 0x00, 0x20, 0x00, 0x6D, 0x00,
    0x6F, 0x00, 0x73, 0x00, 0x74, 0x00, 0x72, 0x00, 0x61, 0x00, 0x72, 0x00, 0x65, 0x00, 0x20, 0x00,
    0x6E, 0x00, 0x65, 0x00, 0x6C, 0x00, 0x20, 0x00, 0x6D, 0x00, 0x65, 0x00, 0x6E, 0x00, 0x75, 0x00,
    0x20, 0x00, 0x53, 0x00, 0x74, 0x00, 0x61, 0x00, 0x72, 0x00, 0x74, 0x00, 0x20, 0x00, 0x65, 0x00,
    0x20, 0x00, 0x63, 0x00, 0x6F, 0x00, 0x6D, 0x00, 0x65, 0x00, 0x20, 0x00, 0x64, 0x00, 0x65, 0x00,
    0x76, 0x00, 0x6F, 0x00, 0x6E, 0x00, 0x6F, 0x00, 0x20, 0x00, 0x63, 0x00, 0x6F, 0x00, 0x6D, 0x00,
    0x70, 0x00, 0x6F, 0x00, 0x72, 0x00, 0x74, 0x00, 0x61, 0x00, 0x72, 0x00, 0x73, 0x00, 0x69, 0x00,
    0x2E, 0x00, 0x00, 0x00, 0x00, 0x00, 0x00, 0x00, 0x00, 0x00, 0x00, 0x00, 0x00, 0x00, 0x00, 0x00,
    0x27, 0x00, 0x81, 0x50, 0x07, 0x00, 0x1A, 0x00, 0xEE, 0x00, 0xA9, 0x00, 0x63, 0x04, 0x00, 0x00,
    0x53, 0x00, 0x79, 0x00, 0x73, 0x00, 0x54, 0x00, 0x72, 0x00, 0x65, 0x00, 0x65, 0x00, 0x56, 0x00,
    0x69, 0x00, 0x65, 0x00, 0x77, 0x00, 0x33, 0x00, 0x32, 0x00, 0x00, 0x00, 0x65, 0x00, 0x6C, 0x00,
    0x65, 0x00, 0x6D, 0x00, 0x65, 0x00, 0x6E, 0x00, 0x26, 0x00, 0x74, 0x00, 0x69, 0x00, 0x00, 0x00,
    0x00, 0x00, 0x00, 0x00, 0x00, 0x00, 0x00, 0x00, 0x00, 0x00, 0x00, 0x00, 0x07, 0x00, 0x00, 0x50,
    0x07, 0x00, 0xCA, 0x00, 0xEE, 0x00, 0x2C, 0x00, 0xFF, 0xFF, 0xFF, 0xFF, 0xFF, 0xFF, 0x80, 0x00,
    0x4E, 0x00, 0x75, 0x00, 0x6D, 0x00, 0x65, 0x00, 0x72, 0x00, 0x6F, 0x00, 0x20, 0x00, 0x64, 0x00,
    0x69, 0x00, 0x20, 0x00, 0x76, 0x00, 0x6F, 0x00, 0x63, 0x00, 0x69, 0x00, 0x00, 0x00, 0x00, 0x00,
    0x00, 0x00, 0x00, 0x00, 0x00, 0x00, 0x00, 0x00, 0x00, 0x00, 0x00, 0x50, 0x0E, 0x00, 0xD6, 0x00,
    0xBF, 0x00, 0x08, 0x00, 0xFF, 0xFF, 0xFF, 0xFF, 0xFF, 0xFF, 0x82, 0x00, 0x26, 0x00, 0x4E, 0x00,
    0x75, 0x00, 0x6D, 0x00, 0x65, 0x00, 0x72, 0x00, 0x6F, 0x00, 0x20, 0x00, 0x64, 0x00, 0x69, 0x00,
    0x20, 0x00, 0x65, 0x00, 0x6C, 0x00, 0x65, 0x00, 0x6D, 0x00, 0x65, 0x00, 0x6E, 0x00, 0x74, 0x00,
    0x69, 0x00, 0x20, 0x00, 0x72, 0x00, 0x65, 0x00, 0x63, 0x00, 0x65, 0x00, 0x6E, 0x00, 0x74, 0x00,
    0x69, 0x00, 0x20, 0x00, 0x64, 0x00, 0x61, 0x00, 0x20, 0x00, 0x76, 0x00, 0x69, 0x00, 0x73, 0x00,
    0x75, 0x00, 0x61, 0x00, 0x6C, 0x00, 0x69, 0x00, 0x7A, 0x00, 0x7A, 0x00, 0x61, 0x00, 0x72, 0x00,
    0x65, 0x00, 0x3A, 0x00, 0x00, 0x00, 0x00, 0x00, 0x00, 0x00, 0x00, 0x00, 0x00, 0x00, 0x00, 0x00,
    0x00, 0x20, 0x81, 0x50, 0xD3, 0x00, 0xD4, 0x00, 0x1B, 0x00, 0x0C, 0x00, 0x1B, 0x05, 0x00, 0x00,
    0xFF, 0xFF, 0x81, 0x00, 0x00, 0x00, 0x00, 0x00, 0x00, 0x00, 0x00, 0x00, 0x00, 0x00, 0x00, 0x00,
    0x26, 0x00, 0x00, 0x50, 0xDD, 0x00, 0xD4, 0x00, 0x0B, 0x00, 0x0C, 0x00, 0x19, 0x05, 0x00, 0x00,
    0x6D, 0x00, 0x73, 0x00, 0x63, 0x00, 0x74, 0x00, 0x6C, 0x00, 0x73, 0x00, 0x5F, 0x00, 0x75, 0x00,
    0x70, 0x00, 0x64, 0x00, 0x6F, 0x00, 0x77, 0x00, 0x6E, 0x00, 0x33, 0x00, 0x32, 0x00, 0x00, 0x00,
    0x00, 0x00, 0x00, 0x00, 0x00, 0x00, 0x00, 0x00, 0x00, 0x00, 0x00, 0x00, 0x00, 0x00, 0x00, 0x50,
    0x0E, 0x00, 0xE6, 0x00, 0xBF, 0x00, 0x08, 0x00, 0xFF, 0xFF, 0xFF, 0xFF, 0xFF, 0xFF, 0x82, 0x00,
    0x45, 0x00, 0x6C, 0x00, 0x65, 0x00, 0x6D, 0x00, 0x65, 0x00, 0x6E, 0x00, 0x74, 0x00, 0x69, 0x00,
    0x20, 0x00, 0x72, 0x00, 0x65, 0x00, 0x63, 0x00, 0x65, 0x00, 0x6E, 0x00, 0x74, 0x00, 0x69, 0x00,
    0x20, 0x00, 0x6E, 0x00, 0x65, 0x00, 0x67, 0x00, 0x6C, 0x00, 0x69, 0x00, 0x20, 0x00, 0x65, 0x00,
    0x6C, 0x00, 0x65, 0x00, 0x6E, 0x00, 0x63, 0x00, 0x68, 0x00, 0x69, 0x00, 0x20, 0x00, 0x26, 0x00,
    0x4A, 0x00, 0x75, 0x00, 0x6D, 0x00, 0x70, 0x00, 0x20, 0x00, 0x4C, 0x00, 0x69, 0x00, 0x73, 0x00,
    0x74, 0x00, 0x3A, 0x00, 0x00, 0x00, 0x00, 0x00, 0x00, 0x00, 0x00, 0x00, 0x00, 0x00, 0x00, 0x00,
    0x00, 0x20, 0x81, 0x50, 0xD3, 0x00, 0xE4, 0x00, 0x1B, 0x00, 0x0C, 0x00, 0x1D, 0x05, 0x00, 0x00,
    0xFF, 0xFF, 0x81, 0x00, 0x00, 0x00, 0x00, 0x00, 0x00, 0x00, 0x00, 0x00, 0x00, 0x00, 0x00, 0x00,
    0x26, 0x00, 0x00, 0x50, 0xDD, 0x00, 0xE4, 0x00, 0x0B, 0x00, 0x0C, 0x00, 0x1C, 0x05, 0x00, 0x00,
    0x6D, 0x00, 0x73, 0x00, 0x63, 0x00, 0x74, 0x00, 0x6C, 0x00, 0x73, 0x00, 0x5F, 0x00, 0x75, 0x00,
    0x70, 0x00, 0x64, 0x00, 0x6F, 0x00, 0x77, 0x00, 0x6E, 0x00, 0x33, 0x00, 0x32, 0x00, 0x00, 0x00,
    0x00, 0x00, 0x00, 0x00, 0x00, 0x00, 0x00, 0x00, 0x00, 0x00, 0x00, 0x00, 0x03, 0x00, 0x01, 0x50,
    0x07, 0x00, 0xFD, 0x00, 0x50, 0x00, 0x0E, 0x00, 0x0D, 0x04, 0x00, 0x00, 0xFF, 0xFF, 0x80, 0x00,
    0x26, 0x00, 0x52, 0x00, 0x69, 0x00, 0x70, 0x00, 0x72, 0x00, 0x69, 0x00, 0x73, 0x00, 0x74, 0x00,
    0x69, 0x00, 0x6E, 0x00, 0x61, 0x00, 0x20, 0x00, 0x69, 0x00, 0x6D, 0x00, 0x70, 0x00, 0x6F, 0x00,
    0x73, 0x00, 0x74, 0x00, 0x61, 0x00, 0x7A, 0x00, 0x69, 0x00, 0x6F, 0x00, 0x6E, 0x00, 0x69, 0x00,
    0x20, 0x00, 0x70, 0x00, 0x72, 0x00, 0x65, 0x00, 0x64, 0x00, 0x65, 0x00, 0x66, 0x00, 0x69, 0x00,
    0x6E, 0x00, 0x69, 0x00, 0x74, 0x00, 0x65, 0x00, 0x00, 0x00, 0x00, 0x00, 0x00, 0x00, 0x00, 0x00,
    0x00, 0x00, 0x00, 0x00, 0x01, 0x00, 0x01, 0x50, 0x8C, 0x00, 0xFD, 0x00, 0x32, 0x00, 0x0E, 0x00,
    0x01, 0x00, 0x00, 0x00, 0xFF, 0xFF, 0x80, 0x00, 0x4F, 0x00, 0x4B, 0x00, 0x00, 0x00, 0x00, 0x00,
    0x00, 0x00, 0x00, 0x00, 0x00, 0x00, 0x00, 0x00, 0x00, 0x00, 0x01, 0x50, 0xC2, 0x00, 0xFD, 0x00,
    0x32, 0x00, 0x0E, 0x00, 0x02, 0x00, 0x00, 0x00, 0xFF, 0xFF, 0x80, 0x00, 0x41, 0x00, 0x6E, 0x00,
    0x6E, 0x00, 0x75, 0x00, 0x6C, 0x00, 0x6C, 0x00, 0x61, 0x00, 0x00, 0x00, 0x00, 0x00,
};
static const unsigned char g_res_it_012[] = {
    0x00, 0x00, 0x00, 0x00, 0x00, 0x00, 0x00, 0x00, 0x00, 0x00, 0x00, 0x00, 0x00, 0x00, 0x00, 0x00,
    0x00, 0x00, 0x00, 0x00, 0x00, 0x00, 0x3E, 0x00, 0x41, 0x00, 0x63, 0x00, 0x63, 0x00, 0x65, 0x00,
    0x64, 0x00, 0x69, 0x00, 0x20, 0x00, 0x61, 0x00, 0x20, 0x00, 0x6C, 0x00, 0x65, 0x00, 0x74, 0x00,
    0x74, 0x00, 0x65, 0x00, 0x72, 0x00, 0x65, 0x00, 0x2C, 0x00, 0x20, 0x00, 0x72, 0x00, 0x61, 0x00,
    0x70, 0x00, 0x70, 0x00, 0x6F, 0x00, 0x72, 0x00, 0x74, 0x00, 0x69, 0x00, 0x2C, 0x00, 0x20, 0x00,
    0x61, 0x00, 0x70, 0x00, 0x70, 0x00, 0x75, 0x00, 0x6E, 0x00, 0x74, 0x00, 0x69, 0x00, 0x20, 0x00,
    0x65, 0x00, 0x20, 0x00, 0x61, 0x00, 0x6C, 0x00, 0x74, 0x00, 0x72, 0x00, 0x69, 0x00, 0x20, 0x00,
    0x74, 0x00, 0x69, 0x00, 0x70, 0x00, 0x69, 0x00, 0x20, 0x00, 0x64, 0x00, 0x69, 0x00, 0x20, 0x00,
    0x64, 0x00, 0x6F, 0x00, 0x63, 0x00, 0x75, 0x00, 0x6D, 0x00, 0x65, 0x00, 0x6E, 0x00, 0x74, 0x00,
    0x69, 0x00, 0x2E, 0x00, 0x2E, 0x00, 0x4D, 0x00, 0x6F, 0x00, 0x73, 0x00, 0x74, 0x00, 0x72, 0x00,
    0x61, 0x00, 0x20, 0x00, 0x64, 0x00, 0x6F, 0x00, 0x63, 0x00, 0x75, 0x00, 0x6D, 0x00, 0x65, 0x00,
    0x6E, 0x00, 0x74, 0x00, 0x69, 0x00, 0x20, 0x00, 0x65, 0x00, 0x20, 0x00, 0x63, 0x00, 0x61, 0x00,
    0x72, 0x00, 0x74, 0x00, 0x65, 0x00, 0x6C, 0x00, 0x6C, 0x00, 0x65, 0x00, 0x20, 0x00, 0x61, 0x00,
    0x70, 0x00, 0x65, 0x00, 0x72, 0x00, 0x74, 0x00, 0x69, 0x00, 0x20, 0x00, 0x64, 0x00, 0x69, 0x00,
    0x20, 0x00, 0x72, 0x00, 0x65, 0x00, 0x63, 0x00, 0x65, 0x00, 0x6E, 0x00, 0x74, 0x00, 0x65, 0x00,
    0x2E, 0x00, 0x24, 0x00, 0x52, 0x00, 0x69, 0x00, 0x70, 0x00, 0x72, 0x00, 0x6F, 0x00, 0x64, 0x00,
    0x75, 0x00, 0x63, 0x00, 0x69, 0x00, 0x20, 0x00, 0x6D, 0x00, 0x75, 0x00, 0x73, 0x00, 0x69, 0x00,
    0x63, 0x00, 0x61, 0x00, 0x20, 0x00, 0x65, 0x00, 0x20, 0x00, 0x61, 0x00, 0x6C, 0x00, 0x74, 0x00,
    0x72, 0x00, 0x69, 0x00, 0x20, 0x00, 0x66, 0x00, 0x69, 0x00, 0x6C, 0x00, 0x65, 0x00, 0x20, 0x00,
    0x61, 0x00, 0x75, 0x00, 0x64, 0x00, 0x69, 0x00, 0x6F, 0x00, 0x2E, 0x00, 0x28, 0x00, 0x47, 0x00,
    0x75, 0x00, 0x61, 0x00, 0x72, 0x00, 0x64, 0x00, 0x61, 0x00, 0x20, 0x00, 0x65, 0x00, 0x20, 0x00,
    0x6F, 0x00, 0x72, 0x00, 0x67, 0x00, 0x61, 0x00, 0x6E, 0x00, 0x69, 0x00, 0x7A, 0x00, 0x7A, 0x00,
    0x61, 0x00, 0x20, 0x00, 0x6C, 0x00, 0x65, 0x00, 0x20, 0x00, 0x74, 0x00, 0x75, 0x00, 0x65, 0x00,
    0x20, 0x00, 0x66, 0x00, 0x6F, 0x00, 0x74, 0x00, 0x6F, 0x00, 0x20, 0x00, 0x64, 0x00, 0x69, 0x00,
    0x67, 0x00, 0x69, 0x00, 0x74, 0x00, 0x61, 0x00, 0x6C, 0x00, 0x69, 0x00, 0x2E, 0x00, 0x39, 0x00,
    0x4D, 0x00, 0x6F, 0x00, 0x73, 0x00, 0x74, 0x00, 0x72, 0x00, 0x61, 0x00, 0x20, 0x00, 0x6C, 0x00,
    0x65, 0x00, 0x20, 0x00, 0x75, 0x00, 0x6E, 0x00, 0x69, 0x00, 0x74, 0x00, 0xE0, 0x00, 0x20, 0x00,
    0x64, 0x00, 0x69, 0x00, 0x73, 0x00, 0x63, 0x00, 0x6F, 0x00, 0x20, 0x00, 0x65, 0x00, 0x20, 0x00,
    0x6C, 0x00, 0x27, 0x00, 0x68, 0x00, 0x61, 0x00, 0x72, 0x00, 0x64, 0x00, 0x77, 0x00, 0x61, 0x00,
    0x72, 0x00, 0x65, 0x00, 0x20, 0x00, 0x63, 0x00, 0x6F, 0x00, 0x6C, 0x00, 0x6C, 0x00, 0x65, 0x00,
    0x67, 0x00, 0x61, 0x00, 0x74, 0x00, 0x6F, 0x00, 0x20, 0x00, 0x61, 0x00, 0x6C, 0x00, 0x20, 0x00,
    0x63, 0x00, 0x6F, 0x00, 0x6D, 0x00, 0x70, 0x00, 0x75, 0x00, 0x74, 0x00, 0x65, 0x00, 0x72, 0x00,
    0x2E, 0x00,
};
static const unsigned char g_res_it_013[] = {
    0x40, 0x00, 0x41, 0x00, 0x63, 0x00, 0x63, 0x00, 0x65, 0x00, 0x64, 0x00, 0x69, 0x00, 0x20, 0x00,
    0x61, 0x00, 0x20, 0x00, 0x72, 0x00, 0x61, 0x00, 0x63, 0x00, 0x63, 0x00, 0x6F, 0x00, 0x6C, 0x00,
    0x74, 0x00, 0x65, 0x00, 0x20, 0x00, 0x65, 0x00, 0x20, 0x00, 0x63, 0x00, 0x61, 0x00, 0x72, 0x00,
    0x74, 0x00, 0x65, 0x00, 0x6C, 0x00, 0x6C, 0x00, 0x65, 0x00, 0x20, 0x00, 0x63, 0x00, 0x6F, 0x00,
    0x6E, 0x00, 0x64, 0x00, 0x69, 0x00, 0x76, 0x00, 0x69, 0x00, 0x73, 0x00, 0x65, 0x00, 0x20, 0x00,
    0x64, 0x00, 0x61, 0x00, 0x20, 0x00, 0x61, 0x00, 0x6C, 0x00, 0x74, 0x00, 0x72, 0x00, 0x69, 0x00,
    0x20, 0x00, 0x6E, 0x00, 0x65, 0x00, 0x6C, 0x00, 0x20, 0x00, 0x67, 0x00, 0x72, 0x00, 0x75, 0x00,
    0x70, 0x00, 0x70, 0x00, 0x6F, 0x00, 0x20, 0x00, 0x68, 0x00, 0x6F, 0x00, 0x6D, 0x00, 0x65, 0x00,
    0x2E, 0x00, 0x43, 0x00, 0x4D, 0x00, 0x6F, 0x00, 0x73, 0x00, 0x74, 0x00, 0x72, 0x00, 0x61, 0x00,
    0x20, 0x00, 0x67, 0x00, 0x6C, 0x00, 0x69, 0x00, 0x20, 0x00, 0x65, 0x00, 0x6C, 0x00, 0x65, 0x00,
    0x6D, 0x00, 0x65, 0x00, 0x6E, 0x00, 0x74, 0x00, 0x69, 0x00, 0x20, 0x00, 0x61, 0x00, 0x70, 0x00,
    0x65, 0x00, 0x72, 0x00, 0x74, 0x00, 0x69, 0x00, 0x20, 0x00, 0x64, 0x00, 0x69, 0x00, 0x20, 0x00,
    0x72, 0x00, 0x65, 0x00, 0x63, 0x00, 0x65, 0x00, 0x6E, 0x00, 0x74, 0x00, 0x65, 0x00, 0x20, 0x00,
    0x6E, 0x00, 0x65, 0x00, 0x6C, 0x00, 0x20, 0x00, 0x6D, 0x00, 0x65, 0x00, 0x6E, 0x00, 0x75, 0x00,
    0x20, 0x00, 0x53, 0x00, 0x74, 0x00, 0x61, 0x00, 0x72, 0x00, 0x74, 0x00, 0x20, 0x00, 0x65, 0x00,
    0x20, 0x00, 0x73, 0x00, 0x75, 0x00, 0x6C, 0x00, 0x6C, 0x00, 0x61, 0x00, 0x20, 0x00, 0x62, 0x00,
    0x61, 0x00, 0x72, 0x00, 0x72, 0x00, 0x61, 0x00, 0x2E, 0x00, 0x46, 0x00, 0x4D, 0x00, 0x6F, 0x00,
    0x64, 0x00, 0x69, 0x00, 0x66, 0x00, 0x69, 0x00, 0x63, 0x00, 0x61, 0x00, 0x20, 0x00, 0x6C, 0x00,
    0x65, 0x00, 0x20, 0x00, 0x69, 0x00, 0x6D, 0x00, 0x70, 0x00, 0x6F, 0x00, 0x73, 0x00, 0x74, 0x00,
    0x61, 0x00, 0x7A, 0x00, 0x69, 0x00, 0x6F, 0x00, 0x6E, 0x00, 0x69, 0x00, 0x20, 0x00, 0x65, 0x00,
    0x20, 0x00, 0x70, 0x00, 0x65, 0x00, 0x72, 0x00, 0x73, 0x00, 0x6F, 0x00, 0x6E, 0x00, 0x61, 0x00,
    0x6C, 0x00, 0x69, 0x00, 0x7A, 0x00, 0x7A, 0x00, 0x61, 0x00, 0x20, 0x00, 0x69, 0x00, 0x6C, 0x00,
    0x20, 0x00, 0x66, 0x00, 0x75, 0x00, 0x6E, 0x00, 0x7A, 0x00, 0x69, 0x00, 0x6F, 0x00, 0x6E, 0x00,
    0x61, 0x00, 0x6D, 0x00, 0x65, 0x00, 0x6E, 0x00, 0x74, 0x00, 0x6F, 0x00, 0x20, 0x00, 0x64, 0x00,
    0x65, 0x00, 0x6C, 0x00, 0x20, 0x00, 0x63, 0x00, 0x6F, 0x00, 0x6D, 0x00, 0x70, 0x00, 0x75, 0x00,
    0x74, 0x00, 0x65, 0x00, 0x72, 0x00, 0x2E, 0x00, 0x3D, 0x00, 0x53, 0x00, 0x63, 0x00, 0x65, 0x00,
    0x67, 0x00, 0x6C, 0x00, 0x69, 0x00, 0x20, 0x00, 0x69, 0x00, 0x63, 0x00, 0x6F, 0x00, 0x6E, 0x00,
    0x65, 0x00, 0x20, 0x00, 0x65, 0x00, 0x20, 0x00, 0x6E, 0x00, 0x6F, 0x00, 0x74, 0x00, 0x69, 0x00,
    0x66, 0x00, 0x69, 0x00, 0x63, 0x00, 0x68, 0x00, 0x65, 0x00, 0x20, 0x00, 0x64, 0x00, 0x61, 0x00,
    0x20, 0x00, 0x6D, 0x00, 0x6F, 0x00, 0x73, 0x00, 0x74, 0x00, 0x72, 0x00, 0x61, 0x00, 0x72, 0x00,
    0x65, 0x00, 0x20, 0x00, 0x6E, 0x00, 0x65, 0x00, 0x6C, 0x00, 0x6C, 0x00, 0x27, 0x00, 0x61, 0x00,
    0x6E, 0x00, 0x67, 0x00, 0x6F, 0x00, 0x6C, 0x00, 0x6F, 0x00, 0x20, 0x00, 0x64, 0x00, 0x65, 0x00,
    0x6C, 0x00, 0x6C, 0x00, 0x61, 0x00, 0x20, 0x00, 0x62, 0x00, 0x61, 0x00, 0x72, 0x00, 0x72, 0x00,
    0x61, 0x00, 0x2E, 0x00, 0x00, 0x00, 0x00, 0x00, 0x00, 0x00, 0x2B, 0x00, 0x47, 0x00, 0x69, 0x00,
    0x6F, 0x00, 0x63, 0x00, 0x61, 0x00, 0x20, 0x00, 0x65, 0x00, 0x20, 0x00, 0x67, 0x00, 0x65, 0x00,
    0x73, 0x00, 0x74, 0x00, 0x69, 0x00, 0x73, 0x00, 0x63, 0x00, 0x69, 0x00, 0x20, 0x00, 0x69, 0x00,
    0x20, 0x00, 0x67, 0x00, 0x69, 0x00, 0x6F, 0x00, 0x63, 0x00, 0x68, 0x00, 0x69, 0x00, 0x20, 0x00,
    0x73, 0x00, 0x75, 0x00, 0x6C, 0x00, 0x20, 0x00, 0x74, 0x00, 0x75, 0x00, 0x6F, 0x00, 0x20, 0x00,
    0x63, 0x00, 0x6F, 0x00, 0x6D, 0x00, 0x70, 0x00, 0x75, 0x00, 0x74, 0x00, 0x65, 0x00, 0x72, 0x00,
    0x2E, 0x00, 0x28, 0x00, 0x41, 0x00, 0x70, 0x00, 0x72, 0x00, 0x69, 0x00, 0x20, 0x00, 0x69, 0x00,
    0x20, 0x00, 0x73, 0x00, 0x6F, 0x00, 0x74, 0x00, 0x74, 0x00, 0x6F, 0x00, 0x6D, 0x00, 0x65, 0x00,
    0x6E, 0x00, 0x75, 0x00, 0x20, 0x00, 0x61, 0x00, 0x6C, 0x00, 0x20, 0x00, 0x70, 0x00, 0x61, 0x00,
    0x73, 0x00, 0x73, 0x00, 0x61, 0x00, 0x67, 0x00, 0x67, 0x00, 0x69, 0x00, 0x6F, 0x00, 0x20, 0x00,
    0x64, 0x00, 0x65, 0x00, 0x6C, 0x00, 0x20, 0x00, 0x6D, 0x00, 0x6F, 0x00, 0x75, 0x00, 0x73, 0x00,
    0x65, 0x00, 0x2E, 0x00, 0x00, 0x00, 0x00, 0x00, 0x48, 0x00, 0x53, 0x00, 0x63, 0x00, 0x65, 0x00,
    0x67, 0x00, 0x6C, 0x00, 0x69, 0x00, 0x20, 0x00, 0x69, 0x00, 0x20, 0x00, 0x70, 0x00, 0x72, 0x00,
    0x6F, 0x00, 0x67, 0x00, 0x72, 0x00, 0x61, 0x00, 0x6D, 0x00, 0x6D, 0x00, 0x69, 0x00, 0x20, 0x00,
    0x70, 0x00, 0x72, 0x00, 0x65, 0x00, 0x64, 0x00, 0x65, 0x00, 0x66, 0x00, 0x69, 0x00, 0x6E, 0x00,
    0x69, 0x00, 0x74, 0x00, 0x69, 0x00, 0x20, 0x00, 0x70, 0x00, 0x65, 0x00, 0x72, 0x00, 0x20, 0x00,
    0x77, 0x00, 0x65, 0x00, 0x62, 0x00, 0x2C, 0x00, 0x20, 0x00, 0x65, 0x00, 0x2D, 0x00, 0x6D, 0x00,
    0x61, 0x00, 0x69, 0x00, 0x6C, 0x00, 0x2C, 0x00, 0x20, 0x00, 0x6D, 0x00, 0x75, 0x00, 0x73, 0x00,
    0x69, 0x00, 0x63, 0x00, 0x61, 0x00, 0x20, 0x00, 0x65, 0x00, 0x20, 0x00, 0x61, 0x00, 0x6C, 0x00,
    0x74, 0x00, 0x72, 0x00, 0x65, 0x00, 0x20, 0x00, 0x61, 0x00, 0x74, 0x00, 0x74, 0x00, 0x69, 0x00,
    0x76, 0x00, 0x69, 0x00, 0x74, 0x00, 0xE0, 0x00, 0x2E, 0x00, 0x1F, 0x00, 0x41, 0x00, 0x70, 0x00,
    0x72, 0x00, 0x69, 0x00, 0x20, 0x00, 0x6C, 0x00, 0x61, 0x00, 0x20, 0x00, 0x74, 0x00, 0x75, 0x00,
    0x61, 0x00, 0x20, 0x00, 0x63, 0x00, 0x61, 0x00, 0x72, 0x00, 0x74, 0x00, 0x65, 0x00, 0x6C, 0x00,
    0x6C, 0x00, 0x61, 0x00, 0x20, 0x00, 0x70, 0x00, 0x65, 0x00, 0x72, 0x00, 0x73, 0x00, 0x6F, 0x00,
    0x6E, 0x00, 0x61, 0x00, 0x6C, 0x00, 0x65, 0x00, 0x2E, 0x00, 0x53, 0x00, 0x4D, 0x00, 0x6F, 0x00,
    0x73, 0x00, 0x74, 0x00, 0x72, 0x00, 0x61, 0x00, 0x20, 0x00, 0x6C, 0x00, 0x65, 0x00, 0x20, 0x00,
    0x72, 0x00, 0x65, 0x00, 0x74, 0x00, 0x69, 0x00, 0x20, 0x00, 0x77, 0x00, 0x69, 0x00, 0x72, 0x00,
    0x65, 0x00, 0x6C, 0x00, 0x65, 0x00, 0x73, 0x00, 0x73, 0x00, 0x20, 0x00, 0x64, 0x00, 0x69, 0x00,
    0x73, 0x00, 0x70, 0x00, 0x6F, 0x00, 0x6E, 0x00, 0x69, 0x00, 0x62, 0x00, 0x69, 0x00, 0x6C, 0x00,
    0x69, 0x00, 0x20, 0x00, 0x65, 0x00, 0x20, 0x00, 0x6C, 0x00, 0x65, 0x00, 0x20, 0x00, 0x63, 0x00,
    0x6F, 0x00, 0x6E, 0x00, 0x6E, 0x00, 0x65, 0x00, 0x73, 0x00, 0x73, 0x00, 0x69, 0x00, 0x6F, 0x00,
    0x6E, 0x00, 0x69, 0x00, 0x20, 0x00, 0x72, 0x00, 0x65, 0x00, 0x6D, 0x00, 0x6F, 0x00, 0x74, 0x00,
    0x65, 0x00, 0x20, 0x00, 0x6F, 0x00, 0x20, 0x00, 0x56, 0x00, 0x50, 0x00, 0x4E, 0x00, 0x20, 0x00,
    0x61, 0x00, 0x20, 0x00, 0x63, 0x00, 0x75, 0x00, 0x69, 0x00, 0x20, 0x00, 0x63, 0x00, 0x6F, 0x00,
    0x6C, 0x00, 0x6C, 0x00, 0x65, 0x00, 0x67, 0x00, 0x61, 0x00, 0x72, 0x00, 0x74, 0x00, 0x69, 0x00,
    0x2E, 0x00, 0x35, 0x00, 0x4D, 0x00, 0x6F, 0x00, 0x73, 0x00, 0x74, 0x00, 0x72, 0x00, 0x61, 0x00,
    0x20, 0x00, 0x6C, 0x00, 0x65, 0x00, 0x20, 0x00, 0x73, 0x00, 0x74, 0x00, 0x61, 0x00, 0x6D, 0x00,
    0x70, 0x00, 0x61, 0x00, 0x6E, 0x00, 0x74, 0x00, 0x69, 0x00, 0x20, 0x00, 0x69, 0x00, 0x6E, 0x00,
    0x73, 0x00, 0x74, 0x00, 0x61, 0x00, 0x6C, 0x00, 0x6C, 0x00, 0x61, 0x00, 0x74, 0x00, 0x65, 0x00,
    0x20, 0x00, 0x65, 0x00, 0x20, 0x00, 0x61, 0x00, 0x67, 0x00, 0x67, 0x00, 0x69, 0x00, 0x75, 0x00,
    0x6E, 0x00, 0x67, 0x00, 0x69, 0x00, 0x6E, 0x00, 0x65, 0x00, 0x20, 0x00, 0x64, 0x00, 0x69, 0x00,
    0x20, 0x00, 0x6E, 0x00, 0x75, 0x00, 0x6F, 0x00, 0x76, 0x00, 0x65, 0x00, 0x2E, 0x00, 0x08, 0x00,
    0x41, 0x00, 0x67, 0x00, 0x67, 0x00, 0x69, 0x00, 0x75, 0x00, 0x6E, 0x00, 0x74, 0x00, 0x69, 0x00,
};
static const unsigned char g_res_it_014[] = {
    0x16, 0x00, 0x50, 0x00, 0x72, 0x00, 0x6F, 0x00, 0x67, 0x00, 0x72, 0x00, 0x61, 0x00, 0x6D, 0x00,
    0x6D, 0x00, 0x69, 0x00, 0x20, 0x00, 0x75, 0x00, 0x73, 0x00, 0x61, 0x00, 0x74, 0x00, 0x69, 0x00,
    0x20, 0x00, 0x73, 0x00, 0x70, 0x00, 0x65, 0x00, 0x73, 0x00, 0x73, 0x00, 0x6F, 0x00, 0x5A, 0x00,
    0x55, 0x00, 0x73, 0x00, 0x61, 0x00, 0x20, 0x00, 0x54, 0x00, 0x41, 0x00, 0x42, 0x00, 0x20, 0x00,
    0x70, 0x00, 0x65, 0x00, 0x72, 0x00, 0x20, 0x00, 0x73, 0x00, 0x70, 0x00, 0x6F, 0x00, 0x73, 0x00,
    0x74, 0x00, 0x61, 0x00, 0x72, 0x00, 0x74, 0x00, 0x69, 0x00, 0x20, 0x00, 0x66, 0x00, 0x72, 0x00,
    0x61, 0x00, 0x20, 0x00, 0x6C, 0x00, 0x65, 0x00, 0x20, 0x00, 0x73, 0x00, 0x65, 0x00, 0x7A, 0x00,
    0x69, 0x00, 0x6F, 0x00, 0x6E, 0x00, 0x69, 0x00, 0x2C, 0x00, 0x20, 0x00, 0x63, 0x00, 0x6F, 0x00,
    0x6D, 0x00, 0x70, 0x00, 0x72, 0x00, 0x65, 0x00, 0x73, 0x00, 0x69, 0x00, 0x20, 0x00, 0x69, 0x00,
    0x20, 0x00, 0x64, 0x00, 0x75, 0x00, 0x65, 0x00, 0x20, 0x00, 0x72, 0x00, 0x69, 0x00, 0x71, 0x00,
    0x75, 0x00, 0x61, 0x00, 0x64, 0x00, 0x72, 0x00, 0x69, 0x00, 0x20, 0x00, 0x65, 0x00, 0x20, 0x00,
    0x69, 0x00, 0x20, 0x00, 0x70, 0x00, 0x75, 0x00, 0x6C, 0x00, 0x73, 0x00, 0x61, 0x00, 0x6E, 0x00,
    0x74, 0x00, 0x69, 0x00, 0x20, 0x00, 0x64, 0x00, 0x69, 0x00, 0x20, 0x00, 0x73, 0x00, 0x70, 0x00,
    0x65, 0x00, 0x67, 0x00, 0x6E, 0x00, 0x69, 0x00, 0x6D, 0x00, 0x65, 0x00, 0x6E, 0x00, 0x74, 0x00,
    0x6F, 0x00, 0x2E, 0x00, 0x0B, 0x00, 0x41, 0x00, 0x67, 0x00, 0x67, 0x00, 0x69, 0x00, 0x75, 0x00,
    0x6E, 0x00, 0x67, 0x00, 0x69, 0x00, 0x20, 0x00, 0x25, 0x00, 0x73, 0x00, 0x0A, 0x00, 0x52, 0x00,
    0x69, 0x00, 0x6D, 0x00, 0x75, 0x00, 0x6F, 0x00, 0x76, 0x00, 0x69, 0x00, 0x20, 0x00, 0x25, 0x00,
    0x73, 0x00, 0x61, 0x00, 0x41, 0x00, 0x70, 0x00, 0x72, 0x00, 0x69, 0x00, 0x20, 0x00, 0x4F, 0x00,
    0x70, 0x00, 0x7A, 0x00, 0x69, 0x00, 0x6F, 0x00, 0x6E, 0x00, 0x69, 0x00, 0x20, 0x00, 0x73, 0x00,
    0x69, 0x00, 0x63, 0x00, 0x75, 0x00, 0x72, 0x00, 0x65, 0x00, 0x7A, 0x00, 0x7A, 0x00, 0x61, 0x00,
    0x20, 0x00, 0x57, 0x00, 0x69, 0x00, 0x6E, 0x00, 0x64, 0x00, 0x6F, 0x00, 0x77, 0x00, 0x73, 0x00,
    0x20, 0x00, 0x70, 0x00, 0x65, 0x00, 0x72, 0x00, 0x20, 0x00, 0x63, 0x00, 0x61, 0x00, 0x6D, 0x00,
    0x62, 0x00, 0x69, 0x00, 0x61, 0x00, 0x72, 0x00, 0x65, 0x00, 0x20, 0x00, 0x70, 0x00, 0x61, 0x00,
    0x73, 0x00, 0x73, 0x00, 0x77, 0x00, 0x6F, 0x00, 0x72, 0x00, 0x64, 0x00, 0x2C, 0x00, 0x20, 0x00,
    0x63, 0x00, 0x61, 0x00, 0x6D, 0x00, 0x62, 0x00, 0x69, 0x00, 0x61, 0x00, 0x72, 0x00, 0x65, 0x00,
    0x20, 0x00, 0x75, 0x00, 0x74, 0x00, 0x65, 0x00, 0x6E, 0x00, 0x74, 0x00, 0x65, 0x00, 0x20, 0x00,
    0x6F, 0x00, 0x20, 0x00, 0x61, 0x00, 0x70, 0x00, 0x72, 0x00, 0x69, 0x00, 0x72, 0x00, 0x65, 0x00,
    0x20, 0x00, 0x47, 0x00, 0x65, 0x00, 0x73, 0x00, 0x74, 0x00, 0x69, 0x00, 0x6F, 0x00, 0x6E, 0x00,
    0x65, 0x00, 0x20, 0x00, 0x61, 0x00, 0x74, 0x00, 0x74, 0x00, 0x69, 0x00, 0x76, 0x00, 0x69, 0x00,
    0x74, 0x00, 0xE0, 0x00, 0x2E, 0x00, 0x08, 0x00, 0x41, 0x00, 0x67, 0x00, 0x67, 0x00, 0x69, 0x00,
    0x75, 0x00, 0x6E, 0x00, 0x74, 0x00, 0x69, 0x00, 0x07, 0x00, 0x52, 0x00, 0x65, 0x00, 0x63, 0x00,
    0x65, 0x00, 0x6E, 0x00, 0x74, 0x00, 0x69, 0x00, 0x09, 0x00, 0x46, 0x00, 0x72, 0x00, 0x65, 0x00,
    0x71, 0x00, 0x75, 0x00, 0x65, 0x00, 0x6E, 0x00, 0x74, 0x00, 0x69, 0x00, 0x08, 0x00, 0x41, 0x00,
    0x74, 0x00, 0x74, 0x00, 0x69, 0x00, 0x76, 0x00, 0x69, 0x00, 0x74, 0x00, 0xE0, 0x00, 0x19, 0x00,
    0x26, 0x00, 0x52, 0x00, 0x69, 0x00, 0x6D, 0x00, 0x75, 0x00, 0x6F, 0x00, 0x76, 0x00, 0x69, 0x00,
    0x20, 0x00, 0x64, 0x00, 0x61, 0x00, 0x20, 0x00, 0x71, 0x00, 0x75, 0x00, 0x65, 0x00, 0x73, 0x00,
    0x74, 0x00, 0x6F, 0x00, 0x20, 0x00, 0x65, 0x00, 0x6C, 0x00, 0x65, 0x00, 0x6E, 0x00, 0x63, 0x00,
    0x6F, 0x00, 0x19, 0x00, 0x41, 0x00, 0x26, 0x00, 0x67, 0x00, 0x67, 0x00, 0x69, 0x00, 0x75, 0x00,
    0x6E, 0x00, 0x67, 0x00, 0x69, 0x00, 0x20, 0x00, 0x61, 0x00, 0x20, 0x00, 0x71, 0x00, 0x75, 0x00,
    0x65, 0x00, 0x73, 0x00, 0x74, 0x00, 0x6F, 0x00, 0x20, 0x00, 0x65, 0x00, 0x6C, 0x00, 0x65, 0x00,
    0x6E, 0x00, 0x63, 0x00, 0x6F, 0x00, 0x16, 0x00, 0x52, 0x00, 0x69, 0x00, 0x6D, 0x00, 0x75, 0x00,
    0x6F, 0x00, 0x76, 0x00, 0x69, 0x00, 0x20, 0x00, 0x64, 0x00, 0x61, 0x00, 0x6C, 0x00, 0x20, 0x00,
    0x6D, 0x00, 0x65, 0x00, 0x6E, 0x00, 0x75, 0x00, 0x20, 0x00, 0x53, 0x00, 0x74, 0x00, 0x61, 0x00,
    0x72, 0x00, 0x74, 0x00, 0x16, 0x00, 0x41, 0x00, 0x67, 0x00, 0x67, 0x00, 0x69, 0x00, 0x75, 0x00,
    0x6E, 0x00, 0x67, 0x00, 0x69, 0x00, 0x20, 0x00, 0x61, 0x00, 0x6C, 0x00, 0x20, 0x00, 0x6D, 0x00,
    0x65, 0x00, 0x6E, 0x00, 0x75, 0x00, 0x20, 0x00, 0x53, 0x00, 0x74, 0x00, 0x61, 0x00, 0x72, 0x00,
    0x74, 0x00, 0x29, 0x00, 0x4D, 0x00, 0x6F, 0x00, 0x73, 0x00, 0x74, 0x00, 0x72, 0x00, 0x61, 0x00,
    0x20, 0x00, 0x65, 0x00, 0x6C, 0x00, 0x65, 0x00, 0x6D, 0x00, 0x65, 0x00, 0x6E, 0x00, 0x74, 0x00,
    0x69, 0x00, 0x20, 0x00, 0x72, 0x00, 0x65, 0x00, 0x63, 0x00, 0x65, 0x00, 0x6E, 0x00, 0x74, 0x00,
    0x69, 0x00, 0x20, 0x00, 0x6F, 0x00, 0x20, 0x00, 0x63, 0x00, 0x6F, 0x00, 0x72, 0x00, 0x72, 0x00,
    0x65, 0x00, 0x6C, 0x00, 0x61, 0x00, 0x74, 0x00, 0x69, 0x00, 0x20, 0x00, 0x64, 0x00, 0x69, 0x00,
    0x20, 0x00, 0x25, 0x00, 0x73, 0x00, 0x24, 0x00, 0x4D, 0x00, 0x6F, 0x00, 0x73, 0x00, 0x74, 0x00,
    0x72, 0x00, 0x61, 0x00, 0x20, 0x00, 0x65, 0x00, 0x6C, 0x00, 0x65, 0x00, 0x6D, 0x00, 0x65, 0x00,
    0x6E, 0x00, 0x74, 0x00, 0x69, 0x00, 0x20, 0x00, 0x72, 0x00, 0x65, 0x00, 0x63, 0x00, 0x65, 0x00,
    0x6E, 0x00, 0x74, 0x00, 0x69, 0x00, 0x20, 0x00, 0x6F, 0x00, 0x20, 0x00, 0x63, 0x00, 0x6F, 0x00,
    0x72, 0x00, 0x72, 0x00, 0x65, 0x00, 0x6C, 0x00, 0x61, 0x00, 0x74, 0x00, 0x69, 0x00, 0x2E, 0x00,
    0x2B, 0x00, 0x4E, 0x00, 0x61, 0x00, 0x73, 0x00, 0x63, 0x00, 0x6F, 0x00, 0x6E, 0x00, 0x64, 0x00,
    0x69, 0x00, 0x20, 0x00, 0x65, 0x00, 0x6C, 0x00, 0x65, 0x00, 0x6D, 0x00, 0x65, 0x00, 0x6E, 0x00,
    0x74, 0x00, 0x69, 0x00, 0x20, 0x00, 0x72, 0x00, 0x65, 0x00, 0x63, 0x00, 0x65, 0x00, 0x6E, 0x00,
    0x74, 0x00, 0x69, 0x00, 0x20, 0x00, 0x6F, 0x00, 0x20, 0x00, 0x63, 0x00, 0x6F, 0x00, 0x72, 0x00,
    0x72, 0x00, 0x65, 0x00, 0x6C, 0x00, 0x61, 0x00, 0x74, 0x00, 0x69, 0x00, 0x20, 0x00, 0x64, 0x00,
    0x69, 0x00, 0x20, 0x00, 0x25, 0x00, 0x73, 0x00,
};
static const unsigned char g_res_it_015[] = {
    0x26, 0x00, 0x4E, 0x00, 0x61, 0x00, 0x73, 0x00, 0x63, 0x00, 0x6F, 0x00, 0x6E, 0x00, 0x64, 0x00,
    0x69, 0x00, 0x20, 0x00, 0x65, 0x00, 0x6C, 0x00, 0x65, 0x00, 0x6D, 0x00, 0x65, 0x00, 0x6E, 0x00,
    0x74, 0x00, 0x69, 0x00, 0x20, 0x00, 0x72, 0x00, 0x65, 0x00, 0x63, 0x00, 0x65, 0x00, 0x6E, 0x00,
    0x74, 0x00, 0x69, 0x00, 0x20, 0x00, 0x6F, 0x00, 0x20, 0x00, 0x63, 0x00, 0x6F, 0x00, 0x72, 0x00,
    0x72, 0x00, 0x65, 0x00, 0x6C, 0x00, 0x61, 0x00, 0x74, 0x00, 0x69, 0x00, 0x2E, 0x00, 0x24, 0x00,
    0x41, 0x00, 0x67, 0x00, 0x67, 0x00, 0x69, 0x00, 0x75, 0x00, 0x6E, 0x00, 0x67, 0x00, 0x69, 0x00,
    0x20, 0x00, 0x71, 0x00, 0x75, 0x00, 0x65, 0x00, 0x73, 0x00, 0x74, 0x00, 0x6F, 0x00, 0x20, 0x00,
    0x70, 0x00, 0x72, 0x00, 0x6F, 0x00, 0x67, 0x00, 0x72, 0x00, 0x61, 0x00, 0x6D, 0x00, 0x6D, 0x00,
    0x61, 0x00, 0x20, 0x00, 0x61, 0x00, 0x6C, 0x00, 0x6C, 0x00, 0x61, 0x00, 0x20, 0x00, 0x62, 0x00,
    0x61, 0x00, 0x72, 0x00, 0x72, 0x00, 0x61, 0x00, 0x24, 0x00, 0x52, 0x00, 0x69, 0x00, 0x6D, 0x00,
    0x75, 0x00, 0x6F, 0x00, 0x76, 0x00, 0x69, 0x00, 0x20, 0x00, 0x71, 0x00, 0x75, 0x00, 0x65, 0x00,
    0x73, 0x00, 0x74, 0x00, 0x6F, 0x00, 0x20, 0x00, 0x70, 0x00, 0x72, 0x00, 0x6F, 0x00, 0x67, 0x00,
    0x72, 0x00, 0x61, 0x00, 0x6D, 0x00, 0x6D, 0x00, 0x61, 0x00, 0x20, 0x00, 0x64, 0x00, 0x61, 0x00,
    0x6C, 0x00, 0x6C, 0x00, 0x61, 0x00, 0x20, 0x00, 0x62, 0x00, 0x61, 0x00, 0x72, 0x00, 0x72, 0x00,
    0x61, 0x00, 0x11, 0x00, 0x50, 0x00, 0x65, 0x00, 0x72, 0x00, 0x63, 0x00, 0x6F, 0x00, 0x72, 0x00,
    0x73, 0x00, 0x6F, 0x00, 0x3A, 0x00, 0x20, 0x00, 0x25, 0x00, 0x73, 0x00, 0x20, 0x00, 0x28, 0x00,
    0x25, 0x00, 0x73, 0x00, 0x29, 0x00, 0x04, 0x00, 0x41, 0x00, 0x70, 0x00, 0x72, 0x00, 0x69, 0x00,
    0x9B, 0x00, 0x55, 0x00, 0x73, 0x00, 0x61, 0x00, 0x20, 0x00, 0x54, 0x00, 0x41, 0x00, 0x42, 0x00,
    0x20, 0x00, 0x70, 0x00, 0x65, 0x00, 0x72, 0x00, 0x20, 0x00, 0x73, 0x00, 0x70, 0x00, 0x6F, 0x00,
    0x73, 0x00, 0x74, 0x00, 0x61, 0x00, 0x72, 0x00, 0x74, 0x00, 0x69, 0x00, 0x20, 0x00, 0x66, 0x00,
    0x72, 0x00, 0x61, 0x00, 0x20, 0x00, 0x6C, 0x00, 0x65, 0x00, 0x20, 0x00, 0x73, 0x00, 0x65, 0x00,
    0x7A, 0x00, 0x69, 0x00, 0x6F, 0x00, 0x6E, 0x00, 0x69, 0x00, 0x2C, 0x00, 0x20, 0x00, 0x63, 0x00,
    0x6F, 0x00, 0x6D, 0x00, 0x70, 0x00, 0x72, 0x00, 0x65, 0x00, 0x73, 0x00, 0x69, 0x00, 0x20, 0x00,
    0x69, 0x00, 0x20, 0x00, 0x64, 0x00, 0x75, 0x00, 0x65, 0x00, 0x20, 0x00, 0x72, 0x00, 0x69, 0x00,
    0x71, 0x00, 0x75, 0x00, 0x61, 0x00, 0x64, 0x00, 0x72, 0x00, 0x69, 0x00, 0x20, 0x00, 0x65, 0x00,
    0x20, 0x00, 0x69, 0x00, 0x20, 0x00, 0x70, 0x00, 0x75, 0x00, 0x6C, 0x00, 0x73, 0x00, 0x61, 0x00,
    0x6E, 0x00, 0x74, 0x00, 0x69, 0x00, 0x20, 0x00, 0x64, 0x00, 0x69, 0x00, 0x20, 0x00, 0x73, 0x00,
    0x70, 0x00, 0x65, 0x00, 0x67, 0x00, 0x6E, 0x00, 0x69, 0x00, 0x6D, 0x00, 0x65, 0x00, 0x6E, 0x00,
    0x74, 0x00, 0x6F, 0x00, 0x2E, 0x00, 0x20, 0x00, 0x55, 0x00, 0x73, 0x00, 0x61, 0x00, 0x20, 0x00,
    0x6C, 0x00, 0x65, 0x00, 0x20, 0x00, 0x66, 0x00, 0x72, 0x00, 0x65, 0x00, 0x63, 0x00, 0x63, 0x00,
    0x65, 0x00, 0x20, 0x00, 0x73, 0x00, 0x75, 0x00, 0x2F, 0x00, 0x67, 0x00, 0x69, 0x00, 0xF9, 0x00,
    0x20, 0x00, 0x70, 0x00, 0x65, 0x00, 0x72, 0x00, 0x20, 0x00, 0x73, 0x00, 0x70, 0x00, 0x6F, 0x00,
    0x73, 0x00, 0x74, 0x00, 0x61, 0x00, 0x72, 0x00, 0x74, 0x00, 0x69, 0x00, 0x20, 0x00, 0x66, 0x00,
    0x72, 0x00, 0x61, 0x00, 0x20, 0x00, 0x67, 0x00, 0x6C, 0x00, 0x69, 0x00, 0x20, 0x00, 0x65, 0x00,
    0x6C, 0x00, 0x65, 0x00, 0x6D, 0x00, 0x65, 0x00, 0x6E, 0x00, 0x74, 0x00, 0x69, 0x00, 0x20, 0x00,
    0x64, 0x00, 0x65, 0x00, 0x6C, 0x00, 0x6C, 0x00, 0x27, 0x00, 0x65, 0x00, 0x6C, 0x00, 0x65, 0x00,
    0x6E, 0x00, 0x63, 0x00, 0x6F, 0x00, 0x2E, 0x00, 0x14, 0x00, 0x50, 0x00, 0x6F, 0x00, 0x73, 0x00,
    0x69, 0x00, 0x7A, 0x00, 0x69, 0x00, 0x6F, 0x00, 0x6E, 0x00, 0x69, 0x00, 0x20, 0x00, 0x64, 0x00,
    0x69, 0x00, 0x20, 0x00, 0x57, 0x00, 0x69, 0x00, 0x6E, 0x00, 0x64, 0x00, 0x6F, 0x00, 0x77, 0x00,
    0x73, 0x00, 0x0F, 0x00, 0x4A, 0x00, 0x75, 0x00, 0x6D, 0x00, 0x70, 0x00, 0x20, 0x00, 0x4C, 0x00,
    0x69, 0x00, 0x73, 0x00, 0x74, 0x00, 0x20, 0x00, 0x64, 0x00, 0x69, 0x00, 0x20, 0x00, 0x25, 0x00,
    0x73, 0x00, 0x07, 0x00, 0x41, 0x00, 0x70, 0x00, 0x72, 0x00, 0x69, 0x00, 0x20, 0x00, 0x25, 0x00,
    0x73, 0x00, 0x00, 0x00, 0x00, 0x00, 0x00, 0x00, 0x40, 0x00, 0x54, 0x00, 0x72, 0x00, 0x6F, 0x00,
    0x76, 0x00, 0x61, 0x00, 0x20, 0x00, 0x69, 0x00, 0x20, 0x00, 0x64, 0x00, 0x6F, 0x00, 0x77, 0x00,
    0x6E, 0x00, 0x6C, 0x00, 0x6F, 0x00, 0x61, 0x00, 0x64, 0x00, 0x20, 0x00, 0x64, 0x00, 0x61, 0x00,
    0x20, 0x00, 0x49, 0x00, 0x6E, 0x00, 0x74, 0x00, 0x65, 0x00, 0x72, 0x00, 0x6E, 0x00, 0x65, 0x00,
    0x74, 0x00, 0x20, 0x00, 0x65, 0x00, 0x20, 0x00, 0x69, 0x00, 0x20, 0x00, 0x63, 0x00, 0x6F, 0x00,
    0x6C, 0x00, 0x6C, 0x00, 0x65, 0x00, 0x67, 0x00, 0x61, 0x00, 0x6D, 0x00, 0x65, 0x00, 0x6E, 0x00,
    0x74, 0x00, 0x69, 0x00, 0x20, 0x00, 0x61, 0x00, 0x69, 0x00, 0x20, 0x00, 0x73, 0x00, 0x69, 0x00,
    0x74, 0x00, 0x69, 0x00, 0x20, 0x00, 0x70, 0x00, 0x72, 0x00, 0x65, 0x00, 0x66, 0x00, 0x65, 0x00,
    0x72, 0x00, 0x69, 0x00, 0x74, 0x00, 0x69, 0x00, 0x2E, 0x00, 0x2E, 0x00, 0x47, 0x00, 0x75, 0x00,
    0x61, 0x00, 0x72, 0x00, 0x64, 0x00, 0x61, 0x00, 0x20, 0x00, 0x69, 0x00, 0x20, 0x00, 0x70, 0x00,
    0x72, 0x00, 0x6F, 0x00, 0x67, 0x00, 0x72, 0x00, 0x61, 0x00, 0x6D, 0x00, 0x6D, 0x00, 0x69, 0x00,
    0x20, 0x00, 0x54, 0x00, 0x56, 0x00, 0x20, 0x00, 0x72, 0x00, 0x65, 0x00, 0x67, 0x00, 0x69, 0x00,
    0x73, 0x00, 0x74, 0x00, 0x72, 0x00, 0x61, 0x00, 0x74, 0x00, 0x69, 0x00, 0x20, 0x00, 0x73, 0x00,
    0x75, 0x00, 0x6C, 0x00, 0x20, 0x00, 0x63, 0x00, 0x6F, 0x00, 0x6D, 0x00, 0x70, 0x00, 0x75, 0x00,
    0x74, 0x00, 0x65, 0x00, 0x72, 0x00, 0x2E, 0x00, 0x30, 0x00, 0x47, 0x00, 0x75, 0x00, 0x61, 0x00,
    0x72, 0x00, 0x64, 0x00, 0x61, 0x00, 0x20, 0x00, 0x66, 0x00, 0x69, 0x00, 0x6C, 0x00, 0x6D, 0x00,
    0x61, 0x00, 0x74, 0x00, 0x69, 0x00, 0x20, 0x00, 0x70, 0x00, 0x65, 0x00, 0x72, 0x00, 0x73, 0x00,
    0x6F, 0x00, 0x6E, 0x00, 0x61, 0x00, 0x6C, 0x00, 0x69, 0x00, 0x20, 0x00, 0x65, 0x00, 0x20, 0x00,
    0x61, 0x00, 0x6C, 0x00, 0x74, 0x00, 0x72, 0x00, 0x69, 0x00, 0x20, 0x00, 0x76, 0x00, 0x69, 0x00,
    0x64, 0x00, 0x65, 0x00, 0x6F, 0x00, 0x20, 0x00, 0x64, 0x00, 0x69, 0x00, 0x67, 0x00, 0x69, 0x00,
    0x74, 0x00, 0x61, 0x00, 0x6C, 0x00, 0x69, 0x00, 0x2E, 0x00, 0x0F, 0x00, 0x43, 0x00, 0x68, 0x00,
    0x69, 0x00, 0x75, 0x00, 0x64, 0x00, 0x69, 0x00, 0x20, 0x00, 0x66, 0x00, 0x69, 0x00, 0x6E, 0x00,
    0x65, 0x00, 0x73, 0x00, 0x74, 0x00, 0x72, 0x00, 0x61, 0x00,
};
static const unsigned char g_res_it_016[] = {
    0x18, 0x00, 0x43, 0x00, 0x68, 0x00, 0x69, 0x00, 0x75, 0x00, 0x64, 0x00, 0x69, 0x00, 0x20, 0x00,
    0x74, 0x00, 0x75, 0x00, 0x74, 0x00, 0x74, 0x00, 0x65, 0x00, 0x20, 0x00, 0x6C, 0x00, 0x65, 0x00,
    0x20, 0x00, 0x66, 0x00, 0x69, 0x00, 0x6E, 0x00, 0x65, 0x00, 0x73, 0x00, 0x74, 0x00, 0x72, 0x00,
    0x65, 0x00, 0x0E, 0x00, 0x52, 0x00, 0x69, 0x00, 0x61, 0x00, 0x76, 0x00, 0x76, 0x00, 0x69, 0x00,
    0x61, 0x00, 0x20, 0x00, 0x61, 0x00, 0x64, 0x00, 0x65, 0x00, 0x73, 0x00, 0x73, 0x00, 0x6F, 0x00,
    0x00, 0x00, 0x00, 0x00, 0x00, 0x00, 0x00, 0x00, 0x00, 0x00, 0x00, 0x00, 0x00, 0x00, 0x00, 0x00,
    0x00, 0x00, 0x00, 0x00, 0x00, 0x00, 0x00, 0x00, 0x00, 0x00, 0x00, 0x00,
};
static const unsigned char g_res_it_017[] = {
    0x00, 0x00, 0x00, 0x00, 0x00, 0x00, 0x00, 0x00, 0x00, 0x00, 0x00, 0x00, 0x00, 0x00, 0x00, 0x00,
    0x00, 0x00, 0x00, 0x00, 0x00, 0x00, 0x00, 0x00, 0x00, 0x00, 0x0A, 0x00, 0x4D, 0x00, 0x65, 0x00,
    0x6E, 0x00, 0x75, 0x00, 0x20, 0x00, 0x53, 0x00, 0x74, 0x00, 0x61, 0x00, 0x72, 0x00, 0x74, 0x00,
    0x0D, 0x00, 0x41, 0x00, 0x67, 0x00, 0x67, 0x00, 0x69, 0x00, 0x75, 0x00, 0x6E, 0x00, 0x67, 0x00,
    0x69, 0x00, 0x20, 0x00, 0x61, 0x00, 0x20, 0x00, 0x25, 0x00, 0x31, 0x00, 0x09, 0x00, 0x4A, 0x00,
    0x75, 0x00, 0x6D, 0x00, 0x70, 0x00, 0x20, 0x00, 0x4C, 0x00, 0x69, 0x00, 0x73, 0x00, 0x74, 0x00,
};
static const unsigned char g_res_it_018[] = {
    0x0D, 0x00, 0x43, 0x00, 0x6F, 0x00, 0x6D, 0x00, 0x70, 0x00, 0x6F, 0x00, 0x72, 0x00, 0x74, 0x00,
    0x61, 0x00, 0x6D, 0x00, 0x65, 0x00, 0x6E, 0x00, 0x74, 0x00, 0x69, 0x00, 0x00, 0x00, 0x00, 0x00,
    0x00, 0x00, 0x00, 0x00, 0x0E, 0x00, 0x42, 0x00, 0x61, 0x00, 0x72, 0x00, 0x72, 0x00, 0x61, 0x00,
    0x20, 0x00, 0x61, 0x00, 0x74, 0x00, 0x74, 0x00, 0x69, 0x00, 0x76, 0x00, 0x69, 0x00, 0x74, 0x00,
    0xE0, 0x00, 0x06, 0x00, 0x41, 0x00, 0x7A, 0x00, 0x69, 0x00, 0x6F, 0x00, 0x6E, 0x00, 0x69, 0x00,
    0x00, 0x00, 0x00, 0x00, 0x00, 0x00, 0x00, 0x00, 0x00, 0x00, 0x00, 0x00, 0x00, 0x00, 0x00, 0x00,
    0x00, 0x00,
};
static const unsigned char g_res_it_019[] = {
    0x00, 0x00, 0x44, 0x00, 0x49, 0x00, 0x6D, 0x00, 0x70, 0x00, 0x6F, 0x00, 0x73, 0x00, 0x73, 0x00,
    0x69, 0x00, 0x62, 0x00, 0x69, 0x00, 0x6C, 0x00, 0x65, 0x00, 0x20, 0x00, 0x65, 0x00, 0x73, 0x00,
    0x65, 0x00, 0x67, 0x00, 0x75, 0x00, 0x69, 0x00, 0x72, 0x00, 0x65, 0x00, 0x20, 0x00, 0x69, 0x00,
    0x6C, 0x00, 0x20, 0x00, 0x63, 0x00, 0x6F, 0x00, 0x6D, 0x00, 0x61, 0x00, 0x6E, 0x00, 0x64, 0x00,
    0x6F, 0x00, 0x2E, 0x00, 0x0A, 0x00, 0x4C, 0x00, 0x61, 0x00, 0x20, 0x00, 0x63, 0x00, 0x61, 0x00,
    0x72, 0x00, 0x74, 0x00, 0x65, 0x00, 0x6C, 0x00, 0x6C, 0x00, 0x61, 0x00, 0x20, 0x00, 0x27, 0x00,
    0x25, 0x00, 0x31, 0x00, 0x27, 0x00, 0x20, 0x00, 0xE8, 0x00, 0x20, 0x00, 0x73, 0x00, 0x74, 0x00,
    0x61, 0x00, 0x74, 0x00, 0x61, 0x00, 0x20, 0x00, 0x65, 0x00, 0x6C, 0x00, 0x69, 0x00, 0x6D, 0x00,
    0x69, 0x00, 0x6E, 0x00, 0x61, 0x00, 0x74, 0x00, 0x61, 0x00, 0x2E, 0x00, 0x20, 0x00, 0x43, 0x00,
    0x69, 0x00, 0x20, 0x00, 0x73, 0x00, 0x6F, 0x00, 0x6E, 0x00, 0x6F, 0x00, 0x20, 0x00, 0x25, 0x00,
    0x31, 0x00, 0x20, 0x00, 0x61, 0x00, 0x67, 0x00, 0x67, 0x00, 0x69, 0x00, 0x6F, 0x00, 0x72, 0x00,
    0x6E, 0x00, 0x61, 0x00, 0x6D, 0x00, 0x65, 0x00, 0x6E, 0x00, 0x74, 0x00, 0x69, 0x00, 0x20, 0x00,
    0x70, 0x00, 0x72, 0x00, 0x6F, 0x00, 0x6E, 0x00, 0x74, 0x00, 0x69, 0x00, 0x2E, 0x00, 0x00, 0x00,
    0x05, 0x00, 0x53, 0x00, 0x74, 0x00, 0x61, 0x00, 0x72, 0x00, 0x74, 0x00, 0x0B, 0x00, 0x26, 0x00,
    0x41, 0x00, 0x6E, 0x00, 0x6E, 0x00, 0x75, 0x00, 0x6C, 0x00, 0x6C, 0x00, 0x61, 0x00, 0x20, 0x00,
    0x25, 0x00, 0x73, 0x00, 0x09, 0x00, 0x41, 0x00, 0x20, 0x00, 0x63, 0x00, 0x61, 0x00, 0x73, 0x00,
    0x63, 0x00, 0x61, 0x00, 0x74, 0x00, 0x61, 0x00, 0x11, 0x00, 0x4D, 0x00, 0x6F, 0x00, 0x73, 0x00,
    0x74, 0x00, 0x72, 0x00, 0x61, 0x00, 0x20, 0x00, 0x61, 0x00, 0x66, 0x00, 0x66, 0x00, 0x69, 0x00,
    0x61, 0x00, 0x6E, 0x00, 0x63, 0x00, 0x61, 0x00, 0x74, 0x00, 0x65, 0x00, 0x14, 0x00, 0x52, 0x00,
    0x69, 0x00, 0x64, 0x00, 0x75, 0x00, 0x63, 0x00, 0x69, 0x00, 0x20, 0x00, 0x74, 0x00, 0x75, 0x00,
    0x74, 0x00, 0x74, 0x00, 0x65, 0x00, 0x20, 0x00, 0x61, 0x00, 0x20, 0x00, 0x69, 0x00, 0x63, 0x00,
    0x6F, 0x00, 0x6E, 0x00, 0x61, 0x00, 0x0E, 0x00, 0x4D, 0x00, 0x6F, 0x00, 0x73, 0x00, 0x74, 0x00,
    0x72, 0x00, 0x61, 0x00, 0x20, 0x00, 0x69, 0x00, 0x6E, 0x00, 0x20, 0x00, 0x70, 0x00, 0x69, 0x00,
    0x6C, 0x00, 0x61, 0x00, 0x10, 0x00, 0x41, 0x00, 0x70, 0x00, 0x72, 0x00, 0x69, 0x00, 0x20, 0x00,
    0x6C, 0x00, 0x61, 0x00, 0x20, 0x00, 0x63, 0x00, 0x61, 0x00, 0x72, 0x00, 0x74, 0x00, 0x65, 0x00,
    0x6C, 0x00, 0x6C, 0x00, 0x61, 0x00, 0x00, 0x00, 0x00, 0x00, 0x08, 0x00, 0x4E, 0x00, 0x61, 0x00,
    0x73, 0x00, 0x63, 0x00, 0x6F, 0x00, 0x6E, 0x00, 0x64, 0x00, 0x69, 0x00, 0x15, 0x00, 0x4D, 0x00,
    0x6F, 0x00, 0x73, 0x00, 0x74, 0x00, 0x72, 0x00, 0x61, 0x00, 0x20, 0x00, 0x69, 0x00, 0x63, 0x00,
    0x6F, 0x00, 0x6E, 0x00, 0x65, 0x00, 0x20, 0x00, 0x6E, 0x00, 0x61, 0x00, 0x73, 0x00, 0x63, 0x00,
    0x6F, 0x00, 0x73, 0x00, 0x74, 0x00, 0x65, 0x00, 0x18, 0x00, 0x41, 0x00, 0x74, 0x00, 0x74, 0x00,
    0x69, 0x00, 0x76, 0x00, 0x61, 0x00, 0x20, 0x00, 0x6F, 0x00, 0x20, 0x00, 0x64, 0x00, 0x69, 0x00,
    0x73, 0x00, 0x61, 0x00, 0x74, 0x00, 0x74, 0x00, 0x69, 0x00, 0x76, 0x00, 0x61, 0x00, 0x20, 0x00,
    0x69, 0x00, 0x63, 0x00, 0x6F, 0x00, 0x6E, 0x00, 0x65, 0x00,
};
static const unsigned char g_res_it_020[] = {
    0x00, 0x00, 0x00, 0x00, 0x00, 0x00, 0x0B, 0x00, 0x52, 0x00, 0x65, 0x00, 0x73, 0x00, 0x74, 0x00,
    0x72, 0x00, 0x69, 0x00, 0x7A, 0x00, 0x69, 0x00, 0x6F, 0x00, 0x6E, 0x00, 0x69, 0x00, 0x67, 0x00,
    0x4F, 0x00, 0x70, 0x00, 0x65, 0x00, 0x72, 0x00, 0x61, 0x00, 0x7A, 0x00, 0x69, 0x00, 0x6F, 0x00,
    0x6E, 0x00, 0x65, 0x00, 0x20, 0x00, 0x61, 0x00, 0x6E, 0x00, 0x6E, 0x00, 0x75, 0x00, 0x6C, 0x00,
    0x6C, 0x00, 0x61, 0x00, 0x74, 0x00, 0x61, 0x00, 0x3A, 0x00, 0x20, 0x00, 0x73, 0x00, 0x75, 0x00,
    0x6C, 0x00, 0x20, 0x00, 0x63, 0x00, 0x6F, 0x00, 0x6D, 0x00, 0x70, 0x00, 0x75, 0x00, 0x74, 0x00,
    0x65, 0x00, 0x72, 0x00, 0x20, 0x00, 0x73, 0x00, 0x6F, 0x00, 0x6E, 0x00, 0x6F, 0x00, 0x20, 0x00,
    0x61, 0x00, 0x74, 0x00, 0x74, 0x00, 0x69, 0x00, 0x76, 0x00, 0x65, 0x00, 0x20, 0x00, 0x64, 0x00,
    0x65, 0x00, 0x6C, 0x00, 0x6C, 0x00, 0x65, 0x00, 0x20, 0x00, 0x72, 0x00, 0x65, 0x00, 0x73, 0x00,
    0x74, 0x00, 0x72, 0x00, 0x69, 0x00, 0x7A, 0x00, 0x69, 0x00, 0x6F, 0x00, 0x6E, 0x00, 0x69, 0x00,
    0x2E, 0x00, 0x20, 0x00, 0x43, 0x00, 0x6F, 0x00, 0x6E, 0x00, 0x74, 0x00, 0x61, 0x00, 0x74, 0x00,
    0x74, 0x00, 0x61, 0x00, 0x20, 0x00, 0x6C, 0x00, 0x27, 0x00, 0x61, 0x00, 0x6D, 0x00, 0x6D, 0x00,
    0x69, 0x00, 0x6E, 0x00, 0x69, 0x00, 0x73, 0x00, 0x74, 0x00, 0x72, 0x00, 0x61, 0x00, 0x74, 0x00,
    0x6F, 0x00, 0x72, 0x00, 0x65, 0x00, 0x20, 0x00, 0x64, 0x00, 0x69, 0x00, 0x20, 0x00, 0x73, 0x00,
    0x69, 0x00, 0x73, 0x00, 0x74, 0x00, 0x65, 0x00, 0x6D, 0x00, 0x61, 0x00, 0x2E, 0x00, 0x5F, 0x00,
    0x53, 0x00, 0x63, 0x00, 0x65, 0x00, 0x67, 0x00, 0x6C, 0x00, 0x69, 0x00, 0x20, 0x00, 0x71, 0x00,
    0x75, 0x00, 0x61, 0x00, 0x6C, 0x00, 0x69, 0x00, 0x20, 0x00, 0x69, 0x00, 0x63, 0x00, 0x6F, 0x00,
    0x6E, 0x00, 0x65, 0x00, 0x20, 0x00, 0x73, 0x00, 0x6F, 0x00, 0x6E, 0x00, 0x6F, 0x00, 0x20, 0x00,
    0x73, 0x00, 0x65, 0x00, 0x6D, 0x00, 0x70, 0x00, 0x72, 0x00, 0x65, 0x00, 0x20, 0x00, 0x76, 0x00,
    0x69, 0x00, 0x73, 0x00, 0x69, 0x00, 0x62, 0x00, 0x69, 0x00, 0x6C, 0x00, 0x69, 0x00, 0x2C, 0x00,
    0x20, 0x00, 0x71, 0x00, 0x75, 0x00, 0x61, 0x00, 0x6C, 0x00, 0x69, 0x00, 0x20, 0x00, 0x69, 0x00,
    0x6E, 0x00, 0x76, 0x00, 0x69, 0x00, 0x61, 0x00, 0x6E, 0x00, 0x6F, 0x00, 0x20, 0x00, 0x73, 0x00,
    0x6F, 0x00, 0x6C, 0x00, 0x6F, 0x00, 0x20, 0x00, 0x6E, 0x00, 0x6F, 0x00, 0x74, 0x00, 0x69, 0x00,
    0x66, 0x00, 0x69, 0x00, 0x63, 0x00, 0x68, 0x00, 0x65, 0x00, 0x20, 0x00, 0x65, 0x00, 0x20, 0x00,
    0x71, 0x00, 0x75, 0x00, 0x61, 0x00, 0x6C, 0x00, 0x69, 0x00, 0x20, 0x00, 0x72, 0x00, 0x65, 0x00,
    0x73, 0x00, 0x74, 0x00, 0x61, 0x00, 0x6E, 0x00, 0x6F, 0x00, 0x20, 0x00, 0x6E, 0x00, 0x61, 0x00,
    0x73, 0x00, 0x63, 0x00, 0x6F, 0x00, 0x73, 0x00, 0x74, 0x00, 0x65, 0x00, 0x2E, 0x00, 0x00, 0x00,
    0x00, 0x00, 0x00, 0x00, 0x00, 0x00, 0x00, 0x00, 0x00, 0x00, 0x00, 0x00, 0x24, 0x00, 0x41, 0x00,
    0x72, 0x00, 0x65, 0x00, 0x61, 0x00, 0x20, 0x00, 0x64, 0x00, 0x69, 0x00, 0x20, 0x00, 0x6E, 0x00,
    0x6F, 0x00, 0x74, 0x00, 0x69, 0x00, 0x66, 0x00, 0x69, 0x00, 0x63, 0x00, 0x61, 0x00, 0x20, 0x00,
    0x67, 0x00, 0x65, 0x00, 0x73, 0x00, 0x74, 0x00, 0x69, 0x00, 0x74, 0x00, 0x61, 0x00, 0x20, 0x00,
    0x64, 0x00, 0x61, 0x00, 0x6C, 0x00, 0x20, 0x00, 0x73, 0x00, 0x69, 0x00, 0x73, 0x00, 0x74, 0x00,
    0x65, 0x00, 0x6D, 0x00, 0x61, 0x00, 0x1C, 0x00, 0x41, 0x00, 0x72, 0x00, 0x65, 0x00, 0x61, 0x00,
    0x20, 0x00, 0x64, 0x00, 0x69, 0x00, 0x20, 0x00, 0x6E, 0x00, 0x6F, 0x00, 0x74, 0x00, 0x69, 0x00,
    0x66, 0x00, 0x69, 0x00, 0x63, 0x00, 0x61, 0x00, 0x20, 0x00, 0x69, 0x00, 0x6E, 0x00, 0x20, 0x00,
    0x6F, 0x00, 0x76, 0x00, 0x65, 0x00, 0x72, 0x00, 0x66, 0x00, 0x6C, 0x00, 0x6F, 0x00, 0x77, 0x00,
    0x19, 0x00, 0x4D, 0x00, 0x6F, 0x00, 0x73, 0x00, 0x74, 0x00, 0x72, 0x00, 0x61, 0x00, 0x20, 0x00,
    0x73, 0x00, 0x6F, 0x00, 0x6C, 0x00, 0x6F, 0x00, 0x20, 0x00, 0x6C, 0x00, 0x65, 0x00, 0x20, 0x00,
    0x6E, 0x00, 0x6F, 0x00, 0x74, 0x00, 0x69, 0x00, 0x66, 0x00, 0x69, 0x00, 0x63, 0x00, 0x68, 0x00,
    0x65, 0x00, 0x2E, 0x00,
};
static const unsigned char g_res_it_021[] = {
    0x24, 0x00, 0x41, 0x00, 0x72, 0x00, 0x65, 0x00, 0x61, 0x00, 0x20, 0x00, 0x64, 0x00, 0x69, 0x00,
    0x20, 0x00, 0x6E, 0x00, 0x6F, 0x00, 0x74, 0x00, 0x69, 0x00, 0x66, 0x00, 0x69, 0x00, 0x63, 0x00,
    0x61, 0x00, 0x20, 0x00, 0x67, 0x00, 0x65, 0x00, 0x73, 0x00, 0x74, 0x00, 0x69, 0x00, 0x74, 0x00,
    0x61, 0x00, 0x20, 0x00, 0x64, 0x00, 0x61, 0x00, 0x6C, 0x00, 0x6C, 0x00, 0x27, 0x00, 0x75, 0x00,
    0x74, 0x00, 0x65, 0x00, 0x6E, 0x00, 0x74, 0x00, 0x65, 0x00, 0x1A, 0x00, 0x41, 0x00, 0x70, 0x00,
    0x70, 0x00, 0x6C, 0x00, 0x69, 0x00, 0x63, 0x00, 0x61, 0x00, 0x7A, 0x00, 0x69, 0x00, 0x6F, 0x00,
    0x6E, 0x00, 0x69, 0x00, 0x20, 0x00, 0x69, 0x00, 0x6E, 0x00, 0x20, 0x00, 0x65, 0x00, 0x73, 0x00,
    0x65, 0x00, 0x63, 0x00, 0x75, 0x00, 0x7A, 0x00, 0x69, 0x00, 0x6F, 0x00, 0x6E, 0x00, 0x65, 0x00,
    0x05, 0x00, 0x53, 0x00, 0x74, 0x00, 0x61, 0x00, 0x72, 0x00, 0x74, 0x00, 0x34, 0x00, 0x41, 0x00,
    0x6C, 0x00, 0x63, 0x00, 0x75, 0x00, 0x6E, 0x00, 0x65, 0x00, 0x20, 0x00, 0x69, 0x00, 0x63, 0x00,
    0x6F, 0x00, 0x6E, 0x00, 0x65, 0x00, 0x20, 0x00, 0x64, 0x00, 0x69, 0x00, 0x20, 0x00, 0x6E, 0x00,
    0x6F, 0x00, 0x74, 0x00, 0x69, 0x00, 0x66, 0x00, 0x69, 0x00, 0x63, 0x00, 0x61, 0x00, 0x20, 0x00,
    0x6E, 0x00, 0x6F, 0x00, 0x6E, 0x00, 0x20, 0x00, 0x70, 0x00, 0x6F, 0x00, 0x73, 0x00, 0x73, 0x00,
    0x6F, 0x00, 0x6E, 0x00, 0x6F, 0x00, 0x20, 0x00, 0x65, 0x00, 0x73, 0x00, 0x73, 0x00, 0x65, 0x00,
    0x72, 0x00, 0x65, 0x00, 0x20, 0x00, 0x6D, 0x00, 0x6F, 0x00, 0x73, 0x00, 0x74, 0x00, 0x72, 0x00,
    0x61, 0x00, 0x74, 0x00, 0x65, 0x00, 0x90, 0x00, 0x4E, 0x00, 0x6F, 0x00, 0x6E, 0x00, 0x20, 0x00,
    0x63, 0x00, 0x27, 0x00, 0xE8, 0x00, 0x20, 0x00, 0x73, 0x00, 0x70, 0x00, 0x61, 0x00, 0x7A, 0x00,
    0x69, 0x00, 0x6F, 0x00, 0x20, 0x00, 0x73, 0x00, 0x75, 0x00, 0x66, 0x00, 0x66, 0x00, 0x69, 0x00,
    0x63, 0x00, 0x69, 0x00, 0x65, 0x00, 0x6E, 0x00, 0x74, 0x00, 0x65, 0x00, 0x20, 0x00, 0x70, 0x00,
    0x65, 0x00, 0x72, 0x00, 0x20, 0x00, 0x6D, 0x00, 0x6F, 0x00, 0x73, 0x00, 0x74, 0x00, 0x72, 0x00,
    0x61, 0x00, 0x72, 0x00, 0x65, 0x00, 0x20, 0x00, 0x74, 0x00, 0x75, 0x00, 0x74, 0x00, 0x74, 0x00,
    0x65, 0x00, 0x20, 0x00, 0x6C, 0x00, 0x65, 0x00, 0x20, 0x00, 0x69, 0x00, 0x63, 0x00, 0x6F, 0x00,
    0x6E, 0x00, 0x65, 0x00, 0x20, 0x00, 0x64, 0x00, 0x65, 0x00, 0x6C, 0x00, 0x6C, 0x00, 0x27, 0x00,
    0x61, 0x00, 0x72, 0x00, 0x65, 0x00, 0x61, 0x00, 0x20, 0x00, 0x64, 0x00, 0x69, 0x00, 0x20, 0x00,
    0x6E, 0x00, 0x6F, 0x00, 0x74, 0x00, 0x69, 0x00, 0x66, 0x00, 0x69, 0x00, 0x63, 0x00, 0x61, 0x00,
    0x2E, 0x00, 0x20, 0x00, 0x44, 0x00, 0x69, 0x00, 0x73, 0x00, 0x69, 0x00, 0x6E, 0x00, 0x73, 0x00,
    0x74, 0x00, 0x61, 0x00, 0x6C, 0x00, 0x6C, 0x00, 0x61, 0x00, 0x20, 0x00, 0x71, 0x00, 0x75, 0x00,
    0x61, 0x00, 0x6C, 0x00, 0x63, 0x00, 0x68, 0x00, 0x65, 0x00, 0x20, 0x00, 0x70, 0x00, 0x72, 0x00,
    0x6F, 0x00, 0x67, 0x00, 0x72, 0x00, 0x61, 0x00, 0x6D, 0x00, 0x6D, 0x00, 0x61, 0x00, 0x20, 0x00,
    0x6F, 0x00, 0x20, 0x00, 0x61, 0x00, 0x6C, 0x00, 0x7A, 0x00, 0x61, 0x00, 0x20, 0x00, 0x6C, 0x00,
    0x61, 0x00, 0x20, 0x00, 0x72, 0x00, 0x69, 0x00, 0x73, 0x00, 0x6F, 0x00, 0x6C, 0x00, 0x75, 0x00,
    0x7A, 0x00, 0x69, 0x00, 0x6F, 0x00, 0x6E, 0x00, 0x65, 0x00, 0x20, 0x00, 0x64, 0x00, 0x65, 0x00,
    0x6C, 0x00, 0x6C, 0x00, 0x6F, 0x00, 0x20, 0x00, 0x73, 0x00, 0x63, 0x00, 0x68, 0x00, 0x65, 0x00,
    0x72, 0x00, 0x6D, 0x00, 0x6F, 0x00, 0x2E, 0x00, 0x3C, 0x00, 0x46, 0x00, 0x61, 0x00, 0x69, 0x00,
    0x20, 0x00, 0x63, 0x00, 0x6C, 0x00, 0x69, 0x00, 0x63, 0x00, 0x20, 0x00, 0x71, 0x00, 0x75, 0x00,
    0x69, 0x00, 0x20, 0x00, 0x70, 0x00, 0x65, 0x00, 0x72, 0x00, 0x20, 0x00, 0x73, 0x00, 0x63, 0x00,
    0x65, 0x00, 0x67, 0x00, 0x6C, 0x00, 0x69, 0x00, 0x65, 0x00, 0x72, 0x00, 0x65, 0x00, 0x20, 0x00,
    0x71, 0x00, 0x75, 0x00, 0x61, 0x00, 0x6C, 0x00, 0x69, 0x00, 0x20, 0x00, 0x69, 0x00, 0x63, 0x00,
    0x6F, 0x00, 0x6E, 0x00, 0x65, 0x00, 0x20, 0x00, 0x61, 0x00, 0x70, 0x00, 0x70, 0x00, 0x61, 0x00,
    0x69, 0x00, 0x6F, 0x00, 0x6E, 0x00, 0x6F, 0x00, 0x20, 0x00, 0x73, 0x00, 0x75, 0x00, 0x6C, 0x00,
    0x6C, 0x00, 0x61, 0x00, 0x20, 0x00, 0x62, 0x00, 0x61, 0x00, 0x72, 0x00, 0x72, 0x00, 0x61, 0x00,
    0x2E, 0x00, 0x30, 0x00, 0x52, 0x00, 0x69, 0x00, 0x70, 0x00, 0x6F, 0x00, 0x72, 0x00, 0x74, 0x00,
    0x61, 0x00, 0x20, 0x00, 0x6C, 0x00, 0x27, 0x00, 0x61, 0x00, 0x72, 0x00, 0x65, 0x00, 0x61, 0x00,
    0x20, 0x00, 0x64, 0x00, 0x69, 0x00, 0x20, 0x00, 0x6E, 0x00, 0x6F, 0x00, 0x74, 0x00, 0x69, 0x00,
    0x66, 0x00, 0x69, 0x00, 0x63, 0x00, 0x61, 0x00, 0x20, 0x00, 0x61, 0x00, 0x6C, 0x00, 0x6C, 0x00,
    0x6F, 0x00, 0x20, 0x00, 0x73, 0x00, 0x74, 0x00, 0x61, 0x00, 0x74, 0x00, 0x6F, 0x00, 0x20, 0x00,
    0x6F, 0x00, 0x72, 0x00, 0x69, 0x00, 0x67, 0x00, 0x69, 0x00, 0x6E, 0x00, 0x61, 0x00, 0x6C, 0x00,
    0x65, 0x00, 0x2E, 0x00, 0x00, 0x00, 0x00, 0x00, 0x00, 0x00, 0x00, 0x00, 0x00, 0x00, 0x00, 0x00,
    0x00, 0x00, 0x00, 0x00, 0x00, 0x00,
};
static const unsigned char g_res_it_022[] = {
    0x00, 0x00, 0x2B, 0x00, 0x56, 0x00, 0x75, 0x00, 0x6F, 0x00, 0x69, 0x00, 0x20, 0x00, 0x61, 0x00,
    0x67, 0x00, 0x67, 0x00, 0x69, 0x00, 0x75, 0x00, 0x6E, 0x00, 0x67, 0x00, 0x65, 0x00, 0x72, 0x00,
    0x65, 0x00, 0x20, 0x00, 0x61, 0x00, 0x6C, 0x00, 0x6C, 0x00, 0x61, 0x00, 0x20, 0x00, 0x62, 0x00,
    0x61, 0x00, 0x72, 0x00, 0x72, 0x00, 0x61, 0x00, 0x20, 0x00, 0x6C, 0x00, 0x6F, 0x00, 0x20, 0x00,
    0x73, 0x00, 0x74, 0x00, 0x72, 0x00, 0x75, 0x00, 0x6D, 0x00, 0x65, 0x00, 0x6E, 0x00, 0x74, 0x00,
    0x6F, 0x00, 0x20, 0x00, 0x25, 0x00, 0x73, 0x00, 0x3F, 0x00, 0x6A, 0x00, 0x50, 0x00, 0x75, 0x00,
    0x6F, 0x00, 0x69, 0x00, 0x20, 0x00, 0x6D, 0x00, 0x6F, 0x00, 0x73, 0x00, 0x74, 0x00, 0x72, 0x00,
    0x61, 0x00, 0x72, 0x00, 0x65, 0x00, 0x20, 0x00, 0x6F, 0x00, 0x20, 0x00, 0x6E, 0x00, 0x61, 0x00,
    0x73, 0x00, 0x63, 0x00, 0x6F, 0x00, 0x6E, 0x00, 0x64, 0x00, 0x65, 0x00, 0x72, 0x00, 0x65, 0x00,
    0x20, 0x00, 0x6C, 0x00, 0x65, 0x00, 0x20, 0x00, 0x62, 0x00, 0x61, 0x00, 0x72, 0x00, 0x72, 0x00,
    0x65, 0x00, 0x20, 0x00, 0x64, 0x00, 0x61, 0x00, 0x67, 0x00, 0x6C, 0x00, 0x69, 0x00, 0x20, 0x00,
    0x73, 0x00, 0x74, 0x00, 0x72, 0x00, 0x75, 0x00, 0x6D, 0x00, 0x65, 0x00, 0x6E, 0x00, 0x74, 0x00,
    0x69, 0x00, 0x20, 0x00, 0x6D, 0x00, 0x6F, 0x00, 0x64, 0x00, 0x69, 0x00, 0x66, 0x00, 0x69, 0x00,
    0x63, 0x00, 0x61, 0x00, 0x6E, 0x00, 0x64, 0x00, 0x6F, 0x00, 0x20, 0x00, 0x6C, 0x00, 0x65, 0x00,
    0x20, 0x00, 0x70, 0x00, 0x72, 0x00, 0x6F, 0x00, 0x70, 0x00, 0x72, 0x00, 0x69, 0x00, 0x65, 0x00,
    0x74, 0x00, 0xE0, 0x00, 0x20, 0x00, 0x64, 0x00, 0x65, 0x00, 0x6C, 0x00, 0x20, 0x00, 0x6D, 0x00,
    0x65, 0x00, 0x6E, 0x00, 0x75, 0x00, 0x20, 0x00, 0x53, 0x00, 0x74, 0x00, 0x61, 0x00, 0x72, 0x00,
    0x74, 0x00, 0x20, 0x00, 0x65, 0x00, 0x20, 0x00, 0x64, 0x00, 0x65, 0x00, 0x6C, 0x00, 0x6C, 0x00,
    0x61, 0x00, 0x20, 0x00, 0x62, 0x00, 0x61, 0x00, 0x72, 0x00, 0x72, 0x00, 0x61, 0x00, 0x2E, 0x00,
    0x42, 0x00, 0x41, 0x00, 0x6C, 0x00, 0x63, 0x00, 0x75, 0x00, 0x6E, 0x00, 0x69, 0x00, 0x20, 0x00,
    0x70, 0x00, 0x72, 0x00, 0x6F, 0x00, 0x67, 0x00, 0x72, 0x00, 0x61, 0x00, 0x6D, 0x00, 0x6D, 0x00,
    0x69, 0x00, 0x20, 0x00, 0x76, 0x00, 0x6F, 0x00, 0x67, 0x00, 0x6C, 0x00, 0x69, 0x00, 0x6F, 0x00,
    0x6E, 0x00, 0x6F, 0x00, 0x20, 0x00, 0x6D, 0x00, 0x6F, 0x00, 0x73, 0x00, 0x74, 0x00, 0x72, 0x00,
    0x61, 0x00, 0x72, 0x00, 0x65, 0x00, 0x20, 0x00, 0x6D, 0x00, 0x65, 0x00, 0x73, 0x00, 0x73, 0x00,
    0x61, 0x00, 0x67, 0x00, 0x67, 0x00, 0x69, 0x00, 0x20, 0x00, 0x6E, 0x00, 0x65, 0x00, 0x6C, 0x00,
    0x6C, 0x00, 0x27, 0x00, 0x61, 0x00, 0x72, 0x00, 0x65, 0x00, 0x61, 0x00, 0x20, 0x00, 0x64, 0x00,
    0x69, 0x00, 0x20, 0x00, 0x6E, 0x00, 0x6F, 0x00, 0x74, 0x00, 0x69, 0x00, 0x66, 0x00, 0x69, 0x00,
    0x63, 0x00, 0x61, 0x00, 0x2E, 0x00, 0x00, 0x00, 0x00, 0x00, 0x00, 0x00, 0x00, 0x00, 0x00, 0x00,
    0x00, 0x00, 0x00, 0x00, 0x00, 0x00, 0x00, 0x00, 0x00, 0x00, 0x00, 0x00, 0x00, 0x00,
};
static const unsigned char g_res_it_023[] = {
    0x68, 0x00, 0x53, 0x00, 0x75, 0x00, 0x20, 0x00, 0x71, 0x00, 0x75, 0x00, 0x65, 0x00, 0x73, 0x00,
    0x74, 0x00, 0x6F, 0x00, 0x20, 0x00, 0x6C, 0x00, 0x61, 0x00, 0x74, 0x00, 0x6F, 0x00, 0x20, 0x00,
    0x64, 0x00, 0x65, 0x00, 0x6C, 0x00, 0x6C, 0x00, 0x6F, 0x00, 0x20, 0x00, 0x73, 0x00, 0x63, 0x00,
    0x68, 0x00, 0x65, 0x00, 0x72, 0x00, 0x6D, 0x00, 0x6F, 0x00, 0x20, 0x00, 0x63, 0x00, 0x27, 0x00,
    0xE8, 0x00, 0x20, 0x00, 0x67, 0x00, 0x69, 0x00, 0xE0, 0x00, 0x20, 0x00, 0x75, 0x00, 0x6E, 0x00,
    0x61, 0x00, 0x20, 0x00, 0x62, 0x00, 0x61, 0x00, 0x72, 0x00, 0x72, 0x00, 0x61, 0x00, 0x20, 0x00,
    0x6E, 0x00, 0x61, 0x00, 0x73, 0x00, 0x63, 0x00, 0x6F, 0x00, 0x73, 0x00, 0x74, 0x00, 0x61, 0x00,
    0x2E, 0x00, 0x0A, 0x00, 0x50, 0x00, 0x75, 0x00, 0x6F, 0x00, 0x69, 0x00, 0x20, 0x00, 0x61, 0x00,
    0x76, 0x00, 0x65, 0x00, 0x72, 0x00, 0x65, 0x00, 0x20, 0x00, 0x75, 0x00, 0x6E, 0x00, 0x61, 0x00,
    0x20, 0x00, 0x73, 0x00, 0x6F, 0x00, 0x6C, 0x00, 0x61, 0x00, 0x20, 0x00, 0x62, 0x00, 0x61, 0x00,
    0x72, 0x00, 0x72, 0x00, 0x61, 0x00, 0x20, 0x00, 0x61, 0x00, 0x20, 0x00, 0x73, 0x00, 0x63, 0x00,
    0x6F, 0x00, 0x6D, 0x00, 0x70, 0x00, 0x61, 0x00, 0x72, 0x00, 0x73, 0x00, 0x61, 0x00, 0x20, 0x00,
    0x70, 0x00, 0x65, 0x00, 0x72, 0x00, 0x20, 0x00, 0x6C, 0x00, 0x61, 0x00, 0x74, 0x00, 0x6F, 0x00,
    0x2E, 0x00, 0x7D, 0x00, 0x50, 0x00, 0x65, 0x00, 0x72, 0x00, 0x20, 0x00, 0x64, 0x00, 0x65, 0x00,
    0x63, 0x00, 0x69, 0x00, 0x64, 0x00, 0x65, 0x00, 0x72, 0x00, 0x65, 0x00, 0x20, 0x00, 0x71, 0x00,
    0x75, 0x00, 0x61, 0x00, 0x6C, 0x00, 0x69, 0x00, 0x20, 0x00, 0x69, 0x00, 0x63, 0x00, 0x6F, 0x00,
    0x6E, 0x00, 0x65, 0x00, 0x20, 0x00, 0x65, 0x00, 0x20, 0x00, 0x6D, 0x00, 0x65, 0x00, 0x73, 0x00,
    0x73, 0x00, 0x61, 0x00, 0x67, 0x00, 0x67, 0x00, 0x69, 0x00, 0x20, 0x00, 0x61, 0x00, 0x70, 0x00,
    0x70, 0x00, 0x61, 0x00, 0x69, 0x00, 0x6F, 0x00, 0x6E, 0x00, 0x6F, 0x00, 0x20, 0x00, 0x6E, 0x00,
    0x65, 0x00, 0x6C, 0x00, 0x6C, 0x00, 0x27, 0x00, 0x61, 0x00, 0x72, 0x00, 0x65, 0x00, 0x61, 0x00,
    0x20, 0x00, 0x64, 0x00, 0x69, 0x00, 0x20, 0x00, 0x6E, 0x00, 0x6F, 0x00, 0x74, 0x00, 0x69, 0x00,
    0x66, 0x00, 0x69, 0x00, 0x63, 0x00, 0x61, 0x00, 0x2C, 0x00, 0x20, 0x00, 0x75, 0x00, 0x73, 0x00,
    0x61, 0x00, 0x20, 0x00, 0x6C, 0x00, 0x27, 0x00, 0x65, 0x00, 0x6C, 0x00, 0x65, 0x00, 0x6E, 0x00,
    0x63, 0x00, 0x6F, 0x00, 0x20, 0x00, 0x71, 0x00, 0x75, 0x00, 0x69, 0x00, 0x20, 0x00, 0x73, 0x00,
    0x6F, 0x00, 0x74, 0x00, 0x74, 0x00, 0x6F, 0x00, 0x20, 0x00, 0x6F, 0x00, 0x20, 0x00, 0x72, 0x00,
    0x69, 0x00, 0x70, 0x00, 0x72, 0x00, 0x69, 0x00, 0x73, 0x00, 0x74, 0x00, 0x69, 0x00, 0x6E, 0x00,
    0x61, 0x00, 0x20, 0x00, 0x69, 0x00, 0x20, 0x00, 0x76, 0x00, 0x61, 0x00, 0x6C, 0x00, 0x6F, 0x00,
    0x72, 0x00, 0x69, 0x00, 0x20, 0x00, 0x70, 0x00, 0x72, 0x00, 0x65, 0x00, 0x64, 0x00, 0x65, 0x00,
    0x66, 0x00, 0x69, 0x00, 0x6E, 0x00, 0x69, 0x00, 0x74, 0x00, 0x69, 0x00, 0x2E, 0x00, 0x00, 0x00,
    0x00, 0x00, 0x00, 0x00, 0x00, 0x00, 0xBB, 0x00, 0x4E, 0x00, 0x6F, 0x00, 0x6E, 0x00, 0x20, 0x00,
    0x70, 0x00, 0x75, 0x00, 0x6F, 0x00, 0x69, 0x00, 0x20, 0x00, 0x72, 0x00, 0x69, 0x00, 0x6C, 0x00,
    0x61, 0x00, 0x73, 0x00, 0x63, 0x00, 0x69, 0x00, 0x61, 0x00, 0x72, 0x00, 0x65, 0x00, 0x20, 0x00,
    0x75, 0x00, 0x6E, 0x00, 0x20, 0x00, 0x65, 0x00, 0x6C, 0x00, 0x65, 0x00, 0x6D, 0x00, 0x65, 0x00,
    0x6E, 0x00, 0x74, 0x00, 0x6F, 0x00, 0x20, 0x00, 0x73, 0x00, 0x75, 0x00, 0x20, 0x00, 0x75, 0x00,
    0x6E, 0x00, 0x20, 0x00, 0x70, 0x00, 0x75, 0x00, 0x6C, 0x00, 0x73, 0x00, 0x61, 0x00, 0x6E, 0x00,
    0x74, 0x00, 0x65, 0x00, 0x20, 0x00, 0x64, 0x00, 0x65, 0x00, 0x6C, 0x00, 0x6C, 0x00, 0x61, 0x00,
    0x20, 0x00, 0x62, 0x00, 0x61, 0x00, 0x72, 0x00, 0x72, 0x00, 0x61, 0x00, 0x2E, 0x00, 0x0A, 0x00,
    0x0A, 0x00, 0x53, 0x00, 0x65, 0x00, 0x20, 0x00, 0x70, 0x00, 0x65, 0x00, 0x72, 0x00, 0xF2, 0x00,
    0x20, 0x00, 0x6C, 0x00, 0x6F, 0x00, 0x20, 0x00, 0x74, 0x00, 0x72, 0x00, 0x61, 0x00, 0x73, 0x00,
    0x63, 0x00, 0x69, 0x00, 0x6E, 0x00, 0x69, 0x00, 0x20, 0x00, 0x73, 0x00, 0x6F, 0x00, 0x70, 0x00,
    0x72, 0x00, 0x61, 0x00, 0x20, 0x00, 0x69, 0x00, 0x6C, 0x00, 0x20, 0x00, 0x70, 0x00, 0x75, 0x00,
    0x6C, 0x00, 0x73, 0x00, 0x61, 0x00, 0x6E, 0x00, 0x74, 0x00, 0x65, 0x00, 0x20, 0x00, 0x73, 0x00,
    0x65, 0x00, 0x6E, 0x00, 0x7A, 0x00, 0x61, 0x00, 0x20, 0x00, 0x72, 0x00, 0x69, 0x00, 0x6C, 0x00,
    0x61, 0x00, 0x73, 0x00, 0x63, 0x00, 0x69, 0x00, 0x61, 0x00, 0x72, 0x00, 0x6C, 0x00, 0x6F, 0x00,
    0x2C, 0x00, 0x20, 0x00, 0x64, 0x00, 0x6F, 0x00, 0x70, 0x00, 0x6F, 0x00, 0x20, 0x00, 0x75, 0x00,
    0x6E, 0x00, 0x20, 0x00, 0x61, 0x00, 0x74, 0x00, 0x74, 0x00, 0x69, 0x00, 0x6D, 0x00, 0x6F, 0x00,
    0x20, 0x00, 0x6C, 0x00, 0x61, 0x00, 0x20, 0x00, 0x66, 0x00, 0x69, 0x00, 0x6E, 0x00, 0x65, 0x00,
    0x73, 0x00, 0x74, 0x00, 0x72, 0x00, 0x61, 0x00, 0x20, 0x00, 0x73, 0x00, 0x69, 0x00, 0x20, 0x00,
    0x61, 0x00, 0x70, 0x00, 0x72, 0x00, 0x65, 0x00, 0x20, 0x00, 0x65, 0x00, 0x20, 0x00, 0x70, 0x00,
    0x6F, 0x00, 0x74, 0x00, 0x72, 0x00, 0x61, 0x00, 0x69, 0x00, 0x20, 0x00, 0x6C, 0x00, 0x61, 0x00,
    0x73, 0x00, 0x63, 0x00, 0x69, 0x00, 0x61, 0x00, 0x72, 0x00, 0x6C, 0x00, 0x6F, 0x00, 0x20, 0x00,
    0x61, 0x00, 0x6C, 0x00, 0x20, 0x00, 0x73, 0x00, 0x75, 0x00, 0x6F, 0x00, 0x20, 0x00, 0x69, 0x00,
    0x6E, 0x00, 0x74, 0x00, 0x65, 0x00, 0x72, 0x00, 0x6E, 0x00, 0x6F, 0x00, 0x2E, 0x00, 0xB0, 0x00,
    0x51, 0x00, 0x75, 0x00, 0x65, 0x00, 0x73, 0x00, 0x74, 0x00, 0x65, 0x00, 0x20, 0x00, 0x6F, 0x00,
    0x70, 0x00, 0x7A, 0x00, 0x69, 0x00, 0x6F, 0x00, 0x6E, 0x00, 0x69, 0x00, 0x20, 0x00, 0x73, 0x00,
    0x63, 0x00, 0x65, 0x00, 0x6C, 0x00, 0x67, 0x00, 0x6F, 0x00, 0x6E, 0x00, 0x6F, 0x00, 0x20, 0x00,
    0x6C, 0x00, 0x27, 0x00, 0x61, 0x00, 0x7A, 0x00, 0x69, 0x00, 0x6F, 0x00, 0x6E, 0x00, 0x65, 0x00,
    0x20, 0x00, 0x64, 0x00, 0x65, 0x00, 0x6C, 0x00, 0x20, 0x00, 0x70, 0x00, 0x75, 0x00, 0x6C, 0x00,
    0x73, 0x00, 0x61, 0x00, 0x6E, 0x00, 0x74, 0x00, 0x65, 0x00, 0x20, 0x00, 0x64, 0x00, 0x69, 0x00,
    0x20, 0x00, 0x61, 0x00, 0x72, 0x00, 0x72, 0x00, 0x65, 0x00, 0x73, 0x00, 0x74, 0x00, 0x6F, 0x00,
    0x20, 0x00, 0x64, 0x00, 0x65, 0x00, 0x6C, 0x00, 0x20, 0x00, 0x6D, 0x00, 0x65, 0x00, 0x6E, 0x00,
    0x75, 0x00, 0x20, 0x00, 0x53, 0x00, 0x74, 0x00, 0x61, 0x00, 0x72, 0x00, 0x74, 0x00, 0x3A, 0x00,
    0x20, 0x00, 0x70, 0x00, 0x75, 0x00, 0xF2, 0x00, 0x20, 0x00, 0x73, 0x00, 0x70, 0x00, 0x65, 0x00,
    0x67, 0x00, 0x6E, 0x00, 0x65, 0x00, 0x72, 0x00, 0x65, 0x00, 0x2C, 0x00, 0x20, 0x00, 0x72, 0x00,
    0x69, 0x00, 0x61, 0x00, 0x76, 0x00, 0x76, 0x00, 0x69, 0x00, 0x61, 0x00, 0x72, 0x00, 0x65, 0x00,
    0x2C, 0x00, 0x20, 0x00, 0x73, 0x00, 0x6F, 0x00, 0x73, 0x00, 0x70, 0x00, 0x65, 0x00, 0x6E, 0x00,
    0x64, 0x00, 0x65, 0x00, 0x72, 0x00, 0x65, 0x00, 0x2C, 0x00, 0x20, 0x00, 0x63, 0x00, 0x61, 0x00,
    0x6D, 0x00, 0x62, 0x00, 0x69, 0x00, 0x61, 0x00, 0x72, 0x00, 0x65, 0x00, 0x20, 0x00, 0x75, 0x00,
    0x74, 0x00, 0x65, 0x00, 0x6E, 0x00, 0x74, 0x00, 0x65, 0x00, 0x2C, 0x00, 0x20, 0x00, 0x64, 0x00,
    0x69, 0x00, 0x73, 0x00, 0x63, 0x00, 0x6F, 0x00, 0x6E, 0x00, 0x6E, 0x00, 0x65, 0x00, 0x74, 0x00,
    0x74, 0x00, 0x65, 0x00, 0x72, 0x00, 0x65, 0x00, 0x20, 0x00, 0x6F, 0x00, 0x20, 0x00, 0x62, 0x00,
    0x6C, 0x00, 0x6F, 0x00, 0x63, 0x00, 0x63, 0x00, 0x61, 0x00, 0x72, 0x00, 0x65, 0x00, 0x2C, 0x00,
    0x20, 0x00, 0x61, 0x00, 0x20, 0x00, 0x73, 0x00, 0x65, 0x00, 0x63, 0x00, 0x6F, 0x00, 0x6E, 0x00,
    0x64, 0x00, 0x61, 0x00, 0x20, 0x00, 0x64, 0x00, 0x65, 0x00, 0x6C, 0x00, 0x6C, 0x00, 0x61, 0x00,
    0x20, 0x00, 0x73, 0x00, 0x63, 0x00, 0x65, 0x00, 0x6C, 0x00, 0x74, 0x00, 0x61, 0x00, 0x2E, 0x00,
    0x00, 0x00, 0x00, 0x00, 0x00, 0x00, 0x00, 0x00, 0x00, 0x00, 0x16, 0x00, 0x41, 0x00, 0x26, 0x00,
    0x70, 0x00, 0x72, 0x00, 0x69, 0x00, 0x20, 0x00, 0x74, 0x00, 0x75, 0x00, 0x74, 0x00, 0x74, 0x00,
    0x69, 0x00, 0x20, 0x00, 0x67, 0x00, 0x6C, 0x00, 0x69, 0x00, 0x20, 0x00, 0x75, 0x00, 0x74, 0x00,
    0x65, 0x00, 0x6E, 0x00, 0x74, 0x00, 0x69, 0x00, 0x12, 0x00, 0x41, 0x00, 0x26, 0x00, 0x70, 0x00,
    0x72, 0x00, 0x69, 0x00, 0x20, 0x00, 0x45, 0x00, 0x73, 0x00, 0x70, 0x00, 0x6C, 0x00, 0x6F, 0x00,
    0x72, 0x00, 0x61, 0x00, 0x20, 0x00, 0x66, 0x00, 0x69, 0x00, 0x6C, 0x00, 0x65, 0x00, 0x0A, 0x00,
    0x50, 0x00, 0x26, 0x00, 0x72, 0x00, 0x6F, 0x00, 0x70, 0x00, 0x72, 0x00, 0x69, 0x00, 0x65, 0x00,
    0x74, 0x00, 0xE0, 0x00,
};
static const unsigned char g_res_it_024[] = {
    0x08, 0x00, 0x26, 0x00, 0x52, 0x00, 0x69, 0x00, 0x6D, 0x00, 0x75, 0x00, 0x6F, 0x00, 0x76, 0x00,
    0x69, 0x00, 0x06, 0x00, 0x45, 0x00, 0x73, 0x00, 0x65, 0x00, 0x67, 0x00, 0x75, 0x00, 0x69, 0x00,
    0x05, 0x00, 0x46, 0x00, 0x69, 0x00, 0x73, 0x00, 0x73, 0x00, 0x61, 0x00, 0x00, 0x00, 0x00, 0x00,
    0x00, 0x00, 0x00, 0x00, 0x00, 0x00, 0x00, 0x00, 0x00, 0x00, 0x2B, 0x00, 0x52, 0x00, 0x69, 0x00,
    0x70, 0x00, 0x72, 0x00, 0x6F, 0x00, 0x64, 0x00, 0x75, 0x00, 0x7A, 0x00, 0x69, 0x00, 0x6F, 0x00,
    0x6E, 0x00, 0x65, 0x00, 0x20, 0x00, 0x64, 0x00, 0x65, 0x00, 0x6C, 0x00, 0x20, 0x00, 0x73, 0x00,
    0x75, 0x00, 0x6F, 0x00, 0x6E, 0x00, 0x6F, 0x00, 0x20, 0x00, 0x64, 0x00, 0x69, 0x00, 0x20, 0x00,
    0x64, 0x00, 0x69, 0x00, 0x73, 0x00, 0x63, 0x00, 0x6F, 0x00, 0x6E, 0x00, 0x6E, 0x00, 0x65, 0x00,
    0x73, 0x00, 0x73, 0x00, 0x69, 0x00, 0x6F, 0x00, 0x6E, 0x00, 0x65, 0x00, 0x2E, 0x00, 0x2E, 0x00,
    0x2E, 0x00, 0x16, 0x00, 0x4E, 0x00, 0x65, 0x00, 0x73, 0x00, 0x73, 0x00, 0x75, 0x00, 0x6E, 0x00,
    0x61, 0x00, 0x20, 0x00, 0x6E, 0x00, 0x75, 0x00, 0x6F, 0x00, 0x76, 0x00, 0x61, 0x00, 0x20, 0x00,
    0x6E, 0x00, 0x6F, 0x00, 0x74, 0x00, 0x69, 0x00, 0x66, 0x00, 0x69, 0x00, 0x63, 0x00, 0x61, 0x00,
    0x0F, 0x00, 0x3C, 0x00, 0x6E, 0x00, 0x65, 0x00, 0x73, 0x00, 0x73, 0x00, 0x75, 0x00, 0x6E, 0x00,
    0x20, 0x00, 0x74, 0x00, 0x69, 0x00, 0x74, 0x00, 0x6F, 0x00, 0x6C, 0x00, 0x6F, 0x00, 0x3E, 0x00,
    0x0D, 0x00, 0x56, 0x00, 0x6F, 0x00, 0x63, 0x00, 0x69, 0x00, 0x20, 0x00, 0x6E, 0x00, 0x61, 0x00,
    0x73, 0x00, 0x63, 0x00, 0x6F, 0x00, 0x73, 0x00, 0x74, 0x00, 0x65, 0x00, 0x00, 0x00, 0x00, 0x00,
};
static const unsigned char g_res_it_025[] = {
    0x00, 0x00, 0x00, 0x00, 0x00, 0x00, 0x00, 0x00, 0x00, 0x00, 0x00, 0x00, 0x00, 0x00, 0x00, 0x00,
    0x00, 0x00, 0x32, 0x00, 0x50, 0x00, 0x72, 0x00, 0x6F, 0x00, 0x70, 0x00, 0x72, 0x00, 0x69, 0x00,
    0x65, 0x00, 0x74, 0x00, 0xE0, 0x00, 0x20, 0x00, 0x64, 0x00, 0x69, 0x00, 0x20, 0x00, 0x62, 0x00,
    0x61, 0x00, 0x72, 0x00, 0x72, 0x00, 0x61, 0x00, 0x20, 0x00, 0x64, 0x00, 0x65, 0x00, 0x6C, 0x00,
    0x6C, 0x00, 0x65, 0x00, 0x20, 0x00, 0x61, 0x00, 0x70, 0x00, 0x70, 0x00, 0x6C, 0x00, 0x69, 0x00,
    0x63, 0x00, 0x61, 0x00, 0x7A, 0x00, 0x69, 0x00, 0x6F, 0x00, 0x6E, 0x00, 0x69, 0x00, 0x20, 0x00,
    0x65, 0x00, 0x20, 0x00, 0x6D, 0x00, 0x65, 0x00, 0x6E, 0x00, 0x75, 0x00, 0x20, 0x00, 0x53, 0x00,
    0x74, 0x00, 0x61, 0x00, 0x72, 0x00, 0x74, 0x00, 0x27, 0x00, 0x4F, 0x00, 0x70, 0x00, 0x65, 0x00,
    0x72, 0x00, 0x61, 0x00, 0x7A, 0x00, 0x69, 0x00, 0x6F, 0x00, 0x6E, 0x00, 0x65, 0x00, 0x20, 0x00,
    0x6E, 0x00, 0x6F, 0x00, 0x6E, 0x00, 0x20, 0x00, 0x61, 0x00, 0x6E, 0x00, 0x6E, 0x00, 0x75, 0x00,
    0x6C, 0x00, 0x6C, 0x00, 0x61, 0x00, 0x62, 0x00, 0x69, 0x00, 0x6C, 0x00, 0x65, 0x00, 0x2E, 0x00,
    0x20, 0x00, 0x43, 0x00, 0x6F, 0x00, 0x6E, 0x00, 0x74, 0x00, 0x69, 0x00, 0x6E, 0x00, 0x75, 0x00,
    0x61, 0x00, 0x72, 0x00, 0x65, 0x00, 0x3F, 0x00, 0x00, 0x00, 0x00, 0x00, 0x00, 0x00, 0x00, 0x00,
    0x00, 0x00,
};
static const unsigned char g_res_it_026[] = {
    0x00, 0x00, 0x17, 0x00, 0x26, 0x00, 0x4D, 0x00, 0x6F, 0x00, 0x73, 0x00, 0x74, 0x00, 0x72, 0x00,
    0x61, 0x00, 0x20, 0x00, 0x66, 0x00, 0x69, 0x00, 0x6E, 0x00, 0x65, 0x00, 0x73, 0x00, 0x74, 0x00,
    0x72, 0x00, 0x65, 0x00, 0x20, 0x00, 0x61, 0x00, 0x70, 0x00, 0x65, 0x00, 0x72, 0x00, 0x74, 0x00,
    0x65, 0x00, 0x05, 0x00, 0x7C, 0x00, 0x47, 0x00, 0x6F, 0x00, 0x7C, 0x00, 0x7C, 0x00, 0x08, 0x00,
    0x4F, 0x00, 0x72, 0x00, 0x6F, 0x00, 0x6C, 0x00, 0x6F, 0x00, 0x67, 0x00, 0x69, 0x00, 0x6F, 0x00,
    0x04, 0x00, 0x41, 0x00, 0x70, 0x00, 0x72, 0x00, 0x69, 0x00, 0x13, 0x00, 0x4E, 0x00, 0x6F, 0x00,
    0x74, 0x00, 0x69, 0x00, 0x66, 0x00, 0x69, 0x00, 0x63, 0x00, 0x61, 0x00, 0x74, 0x00, 0x69, 0x00,
    0x6F, 0x00, 0x6E, 0x00, 0x43, 0x00, 0x68, 0x00, 0x65, 0x00, 0x76, 0x00, 0x72, 0x00, 0x6F, 0x00,
    0x6E, 0x00, 0x14, 0x00, 0x4E, 0x00, 0x6F, 0x00, 0x74, 0x00, 0x69, 0x00, 0x66, 0x00, 0x69, 0x00,
    0x63, 0x00, 0x61, 0x00, 0x74, 0x00, 0x69, 0x00, 0x6F, 0x00, 0x6E, 0x00, 0x4F, 0x00, 0x76, 0x00,
    0x65, 0x00, 0x72, 0x00, 0x66, 0x00, 0x6C, 0x00, 0x6F, 0x00, 0x77, 0x00, 0x0F, 0x00, 0x50, 0x00,
    0x65, 0x00, 0x72, 0x00, 0x73, 0x00, 0x6F, 0x00, 0x6E, 0x00, 0x61, 0x00, 0x6C, 0x00, 0x69, 0x00,
    0x7A, 0x00, 0x7A, 0x00, 0x61, 0x00, 0x2E, 0x00, 0x2E, 0x00, 0x2E, 0x00, 0x11, 0x00, 0x4D, 0x00,
    0x6F, 0x00, 0x73, 0x00, 0x74, 0x00, 0x72, 0x00, 0x61, 0x00, 0x20, 0x00, 0x69, 0x00, 0x6C, 0x00,
    0x20, 0x00, 0x64, 0x00, 0x65, 0x00, 0x73, 0x00, 0x6B, 0x00, 0x74, 0x00, 0x6F, 0x00, 0x70, 0x00,
    0x11, 0x00, 0x4D, 0x00, 0x6F, 0x00, 0x73, 0x00, 0x74, 0x00, 0x72, 0x00, 0x61, 0x00, 0x20, 0x00,
    0x69, 0x00, 0x6C, 0x00, 0x20, 0x00, 0x64, 0x00, 0x65, 0x00, 0x73, 0x00, 0x6B, 0x00, 0x74, 0x00,
    0x6F, 0x00, 0x70, 0x00, 0x0B, 0x00, 0x53, 0x00, 0x74, 0x00, 0x6F, 0x00, 0x20, 0x00, 0x66, 0x00,
    0x69, 0x00, 0x6E, 0x00, 0x65, 0x00, 0x6E, 0x00, 0x64, 0x00, 0x6F, 0x00, 0x00, 0x00, 0x00, 0x00,
    0x00, 0x00, 0x00, 0x00, 0x00, 0x00,
};
static const unsigned char g_res_it_027[] = {
    0x00, 0x00, 0x00, 0x00, 0x00, 0x00, 0x00, 0x00, 0x00, 0x00, 0x00, 0x00, 0x00, 0x00, 0x05, 0x00,
    0x49, 0x00, 0x63, 0x00, 0x6F, 0x00, 0x6E, 0x00, 0x61, 0x00, 0x0D, 0x00, 0x43, 0x00, 0x6F, 0x00,
    0x6D, 0x00, 0x70, 0x00, 0x6F, 0x00, 0x72, 0x00, 0x74, 0x00, 0x61, 0x00, 0x6D, 0x00, 0x65, 0x00,
    0x6E, 0x00, 0x74, 0x00, 0x6F, 0x00, 0x0E, 0x00, 0x53, 0x00, 0x6F, 0x00, 0x6C, 0x00, 0x6F, 0x00,
    0x20, 0x00, 0x6E, 0x00, 0x6F, 0x00, 0x74, 0x00, 0x69, 0x00, 0x66, 0x00, 0x69, 0x00, 0x63, 0x00,
    0x68, 0x00, 0x65, 0x00, 0x08, 0x00, 0x4E, 0x00, 0x61, 0x00, 0x73, 0x00, 0x63, 0x00, 0x6F, 0x00,
    0x6E, 0x00, 0x64, 0x00, 0x69, 0x00, 0x06, 0x00, 0x4D, 0x00, 0x6F, 0x00, 0x73, 0x00, 0x74, 0x00,
    0x72, 0x00, 0x61, 0x00, 0x02, 0x00, 0x4E, 0x00, 0x6F, 0x00, 0x00, 0x00, 0x00, 0x00, 0x00, 0x00,
};
static const unsigned char g_res_it_028[] = {
    0x00, 0x00, 0x00, 0x00, 0x00, 0x00, 0x00, 0x00, 0x00, 0x00, 0x00, 0x00, 0x00, 0x00, 0x00, 0x00,
    0x00, 0x00, 0x00, 0x00, 0x10, 0x00, 0x45, 0x00, 0x6C, 0x00, 0x65, 0x00, 0x6D, 0x00, 0x65, 0x00,
    0x6E, 0x00, 0x74, 0x00, 0x69, 0x00, 0x20, 0x00, 0x61, 0x00, 0x74, 0x00, 0x74, 0x00, 0x75, 0x00,
    0x61, 0x00, 0x6C, 0x00, 0x69, 0x00, 0x13, 0x00, 0x45, 0x00, 0x6C, 0x00, 0x65, 0x00, 0x6D, 0x00,
    0x65, 0x00, 0x6E, 0x00, 0x74, 0x00, 0x69, 0x00, 0x20, 0x00, 0x70, 0x00, 0x72, 0x00, 0x65, 0x00,
    0x63, 0x00, 0x65, 0x00, 0x64, 0x00, 0x65, 0x00, 0x6E, 0x00, 0x74, 0x00, 0x69, 0x00, 0x09, 0x00,
    0x50, 0x00, 0x72, 0x00, 0x65, 0x00, 0x66, 0x00, 0x65, 0x00, 0x72, 0x00, 0x69, 0x00, 0x74, 0x00,
    0x69, 0x00, 0x00, 0x00, 0x00, 0x00, 0x00, 0x00,
};
static const unsigned char g_res_it_029[] = {
    0x00, 0x00, 0x22, 0x00, 0x43, 0x00, 0x6F, 0x00, 0x6D, 0x00, 0x62, 0x00, 0x69, 0x00, 0x6E, 0x00,
    0x61, 0x00, 0x20, 0x00, 0x73, 0x00, 0x65, 0x00, 0x6D, 0x00, 0x70, 0x00, 0x72, 0x00, 0x65, 0x00,
    0x2C, 0x00, 0x20, 0x00, 0x6E, 0x00, 0x61, 0x00, 0x73, 0x00, 0x63, 0x00, 0x6F, 0x00, 0x6E, 0x00,
    0x64, 0x00, 0x69, 0x00, 0x20, 0x00, 0x65, 0x00, 0x74, 0x00, 0x69, 0x00, 0x63, 0x00, 0x68, 0x00,
    0x65, 0x00, 0x74, 0x00, 0x74, 0x00, 0x65, 0x00, 0x1F, 0x00, 0x43, 0x00, 0x6F, 0x00, 0x6D, 0x00,
    0x62, 0x00, 0x69, 0x00, 0x6E, 0x00, 0x61, 0x00, 0x20, 0x00, 0x71, 0x00, 0x75, 0x00, 0x61, 0x00,
    0x6E, 0x00, 0x64, 0x00, 0x6F, 0x00, 0x20, 0x00, 0x6C, 0x00, 0x61, 0x00, 0x20, 0x00, 0x62, 0x00,
    0x61, 0x00, 0x72, 0x00, 0x72, 0x00, 0x61, 0x00, 0x20, 0x00, 0xE8, 0x00, 0x20, 0x00, 0x70, 0x00,
    0x69, 0x00, 0x65, 0x00, 0x6E, 0x00, 0x61, 0x00, 0x11, 0x00, 0x4E, 0x00, 0x6F, 0x00, 0x6E, 0x00,
    0x20, 0x00, 0x63, 0x00, 0x6F, 0x00, 0x6D, 0x00, 0x62, 0x00, 0x69, 0x00, 0x6E, 0x00, 0x61, 0x00,
    0x72, 0x00, 0x65, 0x00, 0x20, 0x00, 0x6D, 0x00, 0x61, 0x00, 0x69, 0x00, 0x0D, 0x00, 0x56, 0x00,
    0x6F, 0x00, 0x63, 0x00, 0x69, 0x00, 0x20, 0x00, 0x64, 0x00, 0x69, 0x00, 0x20, 0x00, 0x73, 0x00,
    0x61, 0x00, 0x6C, 0x00, 0x74, 0x00, 0x6F, 0x00, 0x00, 0x00, 0x00, 0x00, 0x00, 0x00, 0x00, 0x00,
    0x00, 0x00, 0x00, 0x00, 0x08, 0x00, 0x49, 0x00, 0x6E, 0x00, 0x20, 0x00, 0x62, 0x00, 0x61, 0x00,
    0x73, 0x00, 0x73, 0x00, 0x6F, 0x00, 0x0A, 0x00, 0x41, 0x00, 0x20, 0x00, 0x73, 0x00, 0x69, 0x00,
    0x6E, 0x00, 0x69, 0x00, 0x73, 0x00, 0x74, 0x00, 0x72, 0x00, 0x61, 0x00, 0x08, 0x00, 0x41, 0x00,
    0x20, 0x00, 0x64, 0x00, 0x65, 0x00, 0x73, 0x00, 0x74, 0x00, 0x72, 0x00, 0x61, 0x00, 0x07, 0x00,
    0x49, 0x00, 0x6E, 0x00, 0x20, 0x00, 0x61, 0x00, 0x6C, 0x00, 0x74, 0x00, 0x6F, 0x00, 0x08, 0x00,
    0x50, 0x00, 0x65, 0x00, 0x72, 0x00, 0x63, 0x00, 0x6F, 0x00, 0x72, 0x00, 0x73, 0x00, 0x6F, 0x00,
};
static const unsigned char g_res_it_030[] = {
    0x00, 0x00, 0x00, 0x00, 0x00, 0x00, 0x00, 0x00, 0x00, 0x00, 0x00, 0x00, 0x00, 0x00, 0x00, 0x00,
    0x00, 0x00, 0x1D, 0x00, 0x50, 0x00, 0x72, 0x00, 0x6F, 0x00, 0x74, 0x00, 0x6F, 0x00, 0x63, 0x00,
    0x6F, 0x00, 0x6C, 0x00, 0x6C, 0x00, 0x6F, 0x00, 0x20, 0x00, 0x52, 0x00, 0x69, 0x00, 0x63, 0x00,
    0x65, 0x00, 0x72, 0x00, 0x63, 0x00, 0x61, 0x00, 0x20, 0x00, 0x64, 0x00, 0x69, 0x00, 0x20, 0x00,
    0x57, 0x00, 0x69, 0x00, 0x6E, 0x00, 0x64, 0x00, 0x6F, 0x00, 0x77, 0x00, 0x73, 0x00, 0x25, 0x00,
    0x45, 0x00, 0x73, 0x00, 0x70, 0x00, 0x6C, 0x00, 0x6F, 0x00, 0x72, 0x00, 0x61, 0x00, 0x7A, 0x00,
    0x69, 0x00, 0x6F, 0x00, 0x6E, 0x00, 0x65, 0x00, 0x20, 0x00, 0x64, 0x00, 0x65, 0x00, 0x6C, 0x00,
    0x6C, 0x00, 0x61, 0x00, 0x20, 0x00, 0x52, 0x00, 0x69, 0x00, 0x63, 0x00, 0x65, 0x00, 0x72, 0x00,
    0x63, 0x00, 0x61, 0x00, 0x20, 0x00, 0x64, 0x00, 0x69, 0x00, 0x20, 0x00, 0x57, 0x00, 0x69, 0x00,
    0x6E, 0x00, 0x64, 0x00, 0x6F, 0x00, 0x77, 0x00, 0x73, 0x00, 0x70, 0x00, 0x4C, 0x00, 0x27, 0x00,
    0x45, 0x00, 0x73, 0x00, 0x70, 0x00, 0x6C, 0x00, 0x6F, 0x00, 0x72, 0x00, 0x61, 0x00, 0x7A, 0x00,
    0x69, 0x00, 0x6F, 0x00, 0x6E, 0x00, 0x65, 0x00, 0x20, 0x00, 0x64, 0x00, 0x65, 0x00, 0x6C, 0x00,
    0x6C, 0x00, 0x61, 0x00, 0x20, 0x00, 0x52, 0x00, 0x69, 0x00, 0x63, 0x00, 0x65, 0x00, 0x72, 0x00,
    0x63, 0x00, 0x61, 0x00, 0x20, 0x00, 0x64, 0x00, 0x69, 0x00, 0x20, 0x00, 0x57, 0x00, 0x69, 0x00,
    0x6E, 0x00, 0x64, 0x00, 0x6F, 0x00, 0x77, 0x00, 0x73, 0x00, 0x20, 0x00, 0x74, 0x00, 0x69, 0x00,
    0x20, 0x00, 0x63, 0x00, 0x6F, 0x00, 0x6E, 0x00, 0x73, 0x00, 0x65, 0x00, 0x6E, 0x00, 0x74, 0x00,
    0x65, 0x00, 0x20, 0x00, 0x64, 0x00, 0x69, 0x00, 0x20, 0x00, 0x63, 0x00, 0x65, 0x00, 0x72, 0x00,
    0x63, 0x00, 0x61, 0x00, 0x72, 0x00, 0x65, 0x00, 0x20, 0x00, 0x72, 0x00, 0x61, 0x00, 0x70, 0x00,
    0x69, 0x00, 0x64, 0x00, 0x61, 0x00, 0x6D, 0x00, 0x65, 0x00, 0x6E, 0x00, 0x74, 0x00, 0x65, 0x00,
    0x20, 0x00, 0x66, 0x00, 0x69, 0x00, 0x6C, 0x00, 0x65, 0x00, 0x20, 0x00, 0x65, 0x00, 0x20, 0x00,
    0x63, 0x00, 0x61, 0x00, 0x72, 0x00, 0x74, 0x00, 0x65, 0x00, 0x6C, 0x00, 0x6C, 0x00, 0x65, 0x00,
    0x20, 0x00, 0x69, 0x00, 0x6E, 0x00, 0x20, 0x00, 0x74, 0x00, 0x75, 0x00, 0x74, 0x00, 0x74, 0x00,
    0x6F, 0x00, 0x20, 0x00, 0x69, 0x00, 0x6C, 0x00, 0x20, 0x00, 0x63, 0x00, 0x6F, 0x00, 0x6D, 0x00,
    0x70, 0x00, 0x75, 0x00, 0x74, 0x00, 0x65, 0x00, 0x72, 0x00, 0x2E, 0x00, 0x52, 0x00, 0x4C, 0x00,
    0x27, 0x00, 0x69, 0x00, 0x63, 0x00, 0x6F, 0x00, 0x6E, 0x00, 0x61, 0x00, 0x20, 0x00, 0x74, 0x00,
    0x6F, 0x00, 0x72, 0x00, 0x6E, 0x00, 0x65, 0x00, 0x72, 0x00, 0xE0, 0x00, 0x20, 0x00, 0x76, 0x00,
    0x69, 0x00, 0x73, 0x00, 0x69, 0x00, 0x62, 0x00, 0x69, 0x00, 0x6C, 0x00, 0x65, 0x00, 0x20, 0x00,
    0x64, 0x00, 0x61, 0x00, 0x20, 0x00, 0x73, 0x00, 0x6F, 0x00, 0x6C, 0x00, 0x61, 0x00, 0x20, 0x00,
    0x6C, 0x00, 0x61, 0x00, 0x20, 0x00, 0x70, 0x00, 0x72, 0x00, 0x6F, 0x00, 0x73, 0x00, 0x73, 0x00,
    0x69, 0x00, 0x6D, 0x00, 0x61, 0x00, 0x20, 0x00, 0x76, 0x00, 0x6F, 0x00, 0x6C, 0x00, 0x74, 0x00,
    0x61, 0x00, 0x20, 0x00, 0x63, 0x00, 0x68, 0x00, 0x65, 0x00, 0x20, 0x00, 0x61, 0x00, 0x76, 0x00,
    0x72, 0x00, 0xE0, 0x00, 0x20, 0x00, 0x71, 0x00, 0x75, 0x00, 0x61, 0x00, 0x6C, 0x00, 0x63, 0x00,
    0x6F, 0x00, 0x73, 0x00, 0x61, 0x00, 0x20, 0x00, 0x64, 0x00, 0x61, 0x00, 0x20, 0x00, 0x73, 0x00,
    0x65, 0x00, 0x67, 0x00, 0x6E, 0x00, 0x61, 0x00, 0x6C, 0x00, 0x61, 0x00, 0x72, 0x00, 0x65, 0x00,
    0x2E, 0x00, 0x00, 0x00, 0x00, 0x00, 0x00, 0x00,
};
static const unsigned char g_res_it_031[] = {
    0x00, 0x00, 0x00, 0x00, 0x00, 0x00, 0x2E, 0x00, 0x57, 0x00, 0x69, 0x00, 0x6E, 0x00, 0x64, 0x00,
    0x6F, 0x00, 0x77, 0x00, 0x73, 0x00, 0x20, 0x00, 0x68, 0x00, 0x61, 0x00, 0x20, 0x00, 0x62, 0x00,
    0x6C, 0x00, 0x6F, 0x00, 0x63, 0x00, 0x63, 0x00, 0x61, 0x00, 0x74, 0x00, 0x6F, 0x00, 0x20, 0x00,
    0x61, 0x00, 0x6C, 0x00, 0x63, 0x00, 0x75, 0x00, 0x6E, 0x00, 0x69, 0x00, 0x20, 0x00, 0x70, 0x00,
    0x72, 0x00, 0x6F, 0x00, 0x67, 0x00, 0x72, 0x00, 0x61, 0x00, 0x6D, 0x00, 0x6D, 0x00, 0x69, 0x00,
    0x20, 0x00, 0x61, 0x00, 0x6C, 0x00, 0x6C, 0x00, 0x27, 0x00, 0x61, 0x00, 0x76, 0x00, 0x76, 0x00,
    0x69, 0x00, 0x6F, 0x00, 0x7B, 0x00, 0x57, 0x00, 0x69, 0x00, 0x6E, 0x00, 0x64, 0x00, 0x6F, 0x00,
    0x77, 0x00, 0x73, 0x00, 0x20, 0x00, 0x62, 0x00, 0x6C, 0x00, 0x6F, 0x00, 0x63, 0x00, 0x63, 0x00,
    0x61, 0x00, 0x20, 0x00, 0x69, 0x00, 0x20, 0x00, 0x70, 0x00, 0x72, 0x00, 0x6F, 0x00, 0x67, 0x00,
    0x72, 0x00, 0x61, 0x00, 0x6D, 0x00, 0x6D, 0x00, 0x69, 0x00, 0x20, 0x00, 0x63, 0x00, 0x68, 0x00,
    0x65, 0x00, 0x20, 0x00, 0x72, 0x00, 0x69, 0x00, 0x63, 0x00, 0x68, 0x00, 0x69, 0x00, 0x65, 0x00,
    0x64, 0x00, 0x6F, 0x00, 0x6E, 0x00, 0x6F, 0x00, 0x20, 0x00, 0x61, 0x00, 0x75, 0x00, 0x74, 0x00,
    0x6F, 0x00, 0x72, 0x00, 0x69, 0x00, 0x7A, 0x00, 0x7A, 0x00, 0x61, 0x00, 0x7A, 0x00, 0x69, 0x00,
    0x6F, 0x00, 0x6E, 0x00, 0x69, 0x00, 0x20, 0x00, 0x70, 0x00, 0x65, 0x00, 0x72, 0x00, 0x20, 0x00,
    0x70, 0x00, 0x61, 0x00, 0x72, 0x00, 0x74, 0x00, 0x69, 0x00, 0x72, 0x00, 0x65, 0x00, 0x20, 0x00,
    0x63, 0x00, 0x6F, 0x00, 0x6E, 0x00, 0x20, 0x00, 0x57, 0x00, 0x69, 0x00, 0x6E, 0x00, 0x64, 0x00,
    0x6F, 0x00, 0x77, 0x00, 0x73, 0x00, 0x2E, 0x00, 0x20, 0x00, 0x46, 0x00, 0x61, 0x00, 0x69, 0x00,
    0x20, 0x00, 0x63, 0x00, 0x6C, 0x00, 0x69, 0x00, 0x63, 0x00, 0x20, 0x00, 0x70, 0x00, 0x65, 0x00,
    0x72, 0x00, 0x20, 0x00, 0x76, 0x00, 0x65, 0x00, 0x64, 0x00, 0x65, 0x00, 0x72, 0x00, 0x65, 0x00,
    0x20, 0x00, 0x69, 0x00, 0x20, 0x00, 0x70, 0x00, 0x72, 0x00, 0x6F, 0x00, 0x67, 0x00, 0x72, 0x00,
    0x61, 0x00, 0x6D, 0x00, 0x6D, 0x00, 0x69, 0x00, 0x20, 0x00, 0x62, 0x00, 0x6C, 0x00, 0x6F, 0x00,
    0x63, 0x00, 0x63, 0x00, 0x61, 0x00, 0x74, 0x00, 0x69, 0x00, 0x2E, 0x00, 0x1B, 0x00, 0x50, 0x00,
    0x72, 0x00, 0x6F, 0x00, 0x67, 0x00, 0x72, 0x00, 0x61, 0x00, 0x6D, 0x00, 0x6D, 0x00, 0x69, 0x00,
    0x20, 0x00, 0x64, 0x00, 0x69, 0x00, 0x20, 0x00, 0x61, 0x00, 0x76, 0x00, 0x76, 0x00, 0x69, 0x00,
    0x6F, 0x00, 0x20, 0x00, 0x62, 0x00, 0x6C, 0x00, 0x6F, 0x00, 0x63, 0x00, 0x63, 0x00, 0x61, 0x00,
    0x74, 0x00, 0x69, 0x00, 0x14, 0x00, 0x4F, 0x00, 0x76, 0x00, 0x65, 0x00, 0x72, 0x00, 0x66, 0x00,
    0x6C, 0x00, 0x6F, 0x00, 0x77, 0x00, 0x20, 0x00, 0x64, 0x00, 0x69, 0x00, 0x20, 0x00, 0x6E, 0x00,
    0x6F, 0x00, 0x74, 0x00, 0x69, 0x00, 0x66, 0x00, 0x69, 0x00, 0x63, 0x00, 0x61, 0x00, 0x00, 0x00,
    0x00, 0x00, 0x00, 0x00, 0x00, 0x00, 0x00, 0x00, 0x00, 0x00, 0x00, 0x00, 0x00, 0x00, 0x00, 0x00,
};
static const unsigned char g_res_it_032[] = {
    0x00, 0x00, 0x00, 0x00, 0x00, 0x00, 0x00, 0x00, 0x00, 0x00, 0x00, 0x00, 0x00, 0x00, 0x32, 0x00,
    0x43, 0x00, 0x65, 0x00, 0x72, 0x00, 0x63, 0x00, 0x61, 0x00, 0x20, 0x00, 0x64, 0x00, 0x6F, 0x00,
    0x63, 0x00, 0x75, 0x00, 0x6D, 0x00, 0x65, 0x00, 0x6E, 0x00, 0x74, 0x00, 0x69, 0x00, 0x2C, 0x00,
    0x20, 0x00, 0x6D, 0x00, 0x75, 0x00, 0x73, 0x00, 0x69, 0x00, 0x63, 0x00, 0x61, 0x00, 0x2C, 0x00,
    0x20, 0x00, 0x69, 0x00, 0x6D, 0x00, 0x6D, 0x00, 0x61, 0x00, 0x67, 0x00, 0x69, 0x00, 0x6E, 0x00,
    0x69, 0x00, 0x2C, 0x00, 0x20, 0x00, 0x65, 0x00, 0x2D, 0x00, 0x6D, 0x00, 0x61, 0x00, 0x69, 0x00,
    0x6C, 0x00, 0x20, 0x00, 0x65, 0x00, 0x20, 0x00, 0x61, 0x00, 0x6C, 0x00, 0x74, 0x00, 0x72, 0x00,
    0x6F, 0x00, 0x2E, 0x00, 0x5D, 0x00, 0x54, 0x00, 0x72, 0x00, 0x6F, 0x00, 0x76, 0x00, 0x61, 0x00,
    0x20, 0x00, 0x61, 0x00, 0x72, 0x00, 0x67, 0x00, 0x6F, 0x00, 0x6D, 0x00, 0x65, 0x00, 0x6E, 0x00,
    0x74, 0x00, 0x69, 0x00, 0x20, 0x00, 0x64, 0x00, 0x65, 0x00, 0x6C, 0x00, 0x6C, 0x00, 0x61, 0x00,
    0x20, 0x00, 0x47, 0x00, 0x75, 0x00, 0x69, 0x00, 0x64, 0x00, 0x61, 0x00, 0x2C, 0x00, 0x20, 0x00,
    0x65, 0x00, 0x73, 0x00, 0x65, 0x00, 0x72, 0x00, 0x63, 0x00, 0x69, 0x00, 0x74, 0x00, 0x61, 0x00,
    0x7A, 0x00, 0x69, 0x00, 0x6F, 0x00, 0x6E, 0x00, 0x69, 0x00, 0x2C, 0x00, 0x20, 0x00, 0x72, 0x00,
    0x69, 0x00, 0x73, 0x00, 0x6F, 0x00, 0x6C, 0x00, 0x75, 0x00, 0x7A, 0x00, 0x69, 0x00, 0x6F, 0x00,
    0x6E, 0x00, 0x65, 0x00, 0x20, 0x00, 0x70, 0x00, 0x72, 0x00, 0x6F, 0x00, 0x62, 0x00, 0x6C, 0x00,
    0x65, 0x00, 0x6D, 0x00, 0x69, 0x00, 0x20, 0x00, 0x65, 0x00, 0x20, 0x00, 0x61, 0x00, 0x6C, 0x00,
    0x74, 0x00, 0x72, 0x00, 0x69, 0x00, 0x20, 0x00, 0x73, 0x00, 0x65, 0x00, 0x72, 0x00, 0x76, 0x00,
    0x69, 0x00, 0x7A, 0x00, 0x69, 0x00, 0x20, 0x00, 0x64, 0x00, 0x69, 0x00, 0x20, 0x00, 0x73, 0x00,
    0x75, 0x00, 0x70, 0x00, 0x70, 0x00, 0x6F, 0x00, 0x72, 0x00, 0x74, 0x00, 0x6F, 0x00, 0x2E, 0x00,
    0x37, 0x00, 0x4C, 0x00, 0x65, 0x00, 0x20, 0x00, 0x6D, 0x00, 0x6F, 0x00, 0x64, 0x00, 0x69, 0x00,
    0x66, 0x00, 0x69, 0x00, 0x63, 0x00, 0x68, 0x00, 0x65, 0x00, 0x20, 0x00, 0x76, 0x00, 0x61, 0x00,
    0x6C, 0x00, 0x67, 0x00, 0x6F, 0x00, 0x6E, 0x00, 0x6F, 0x00, 0x20, 0x00, 0x70, 0x00, 0x65, 0x00,
    0x72, 0x00, 0x20, 0x00, 0x74, 0x00, 0x75, 0x00, 0x74, 0x00, 0x74, 0x00, 0x69, 0x00, 0x20, 0x00,
    0x67, 0x00, 0x6C, 0x00, 0x69, 0x00, 0x20, 0x00, 0x75, 0x00, 0x74, 0x00, 0x65, 0x00, 0x6E, 0x00,
    0x74, 0x00, 0x69, 0x00, 0x20, 0x00, 0x64, 0x00, 0x65, 0x00, 0x6C, 0x00, 0x20, 0x00, 0x63, 0x00,
    0x6F, 0x00, 0x6D, 0x00, 0x70, 0x00, 0x75, 0x00, 0x74, 0x00, 0x65, 0x00, 0x72, 0x00, 0x2E, 0x00,
    0x3C, 0x00, 0x41, 0x00, 0x70, 0x00, 0x72, 0x00, 0x65, 0x00, 0x20, 0x00, 0x75, 0x00, 0x6E, 0x00,
    0x20, 0x00, 0x70, 0x00, 0x72, 0x00, 0x6F, 0x00, 0x67, 0x00, 0x72, 0x00, 0x61, 0x00, 0x6D, 0x00,
    0x6D, 0x00, 0x61, 0x00, 0x2C, 0x00, 0x20, 0x00, 0x75, 0x00, 0x6E, 0x00, 0x61, 0x00, 0x20, 0x00,
    0x63, 0x00, 0x61, 0x00, 0x72, 0x00, 0x74, 0x00, 0x65, 0x00, 0x6C, 0x00, 0x6C, 0x00, 0x61, 0x00,
    0x2C, 0x00, 0x20, 0x00, 0x75, 0x00, 0x6E, 0x00, 0x20, 0x00, 0x64, 0x00, 0x6F, 0x00, 0x63, 0x00,
    0x75, 0x00, 0x6D, 0x00, 0x65, 0x00, 0x6E, 0x00, 0x74, 0x00, 0x6F, 0x00, 0x20, 0x00, 0x6F, 0x00,
    0x20, 0x00, 0x75, 0x00, 0x6E, 0x00, 0x20, 0x00, 0x73, 0x00, 0x69, 0x00, 0x74, 0x00, 0x6F, 0x00,
    0x20, 0x00, 0x77, 0x00, 0x65, 0x00, 0x62, 0x00, 0x2E, 0x00, 0x2A, 0x00, 0x43, 0x00, 0x65, 0x00,
    0x72, 0x00, 0x63, 0x00, 0x61, 0x00, 0x20, 0x00, 0x69, 0x00, 0x6E, 0x00, 0x66, 0x00, 0x6F, 0x00,
    0x72, 0x00, 0x6D, 0x00, 0x61, 0x00, 0x7A, 0x00, 0x69, 0x00, 0x6F, 0x00, 0x6E, 0x00, 0x69, 0x00,
    0x20, 0x00, 0x65, 0x00, 0x20, 0x00, 0x73, 0x00, 0x69, 0x00, 0x74, 0x00, 0x69, 0x00, 0x20, 0x00,
    0x77, 0x00, 0x65, 0x00, 0x62, 0x00, 0x20, 0x00, 0x73, 0x00, 0x75, 0x00, 0x20, 0x00, 0x49, 0x00,
    0x6E, 0x00, 0x74, 0x00, 0x65, 0x00, 0x72, 0x00, 0x6E, 0x00, 0x65, 0x00, 0x74, 0x00, 0x2E, 0x00,
    0x1F, 0x00, 0x49, 0x00, 0x6E, 0x00, 0x76, 0x00, 0x69, 0x00, 0x61, 0x00, 0x20, 0x00, 0x6F, 0x00,
    0x20, 0x00, 0x72, 0x00, 0x69, 0x00, 0x63, 0x00, 0x65, 0x00, 0x76, 0x00, 0x69, 0x00, 0x20, 0x00,
    0x6D, 0x00, 0x65, 0x00, 0x73, 0x00, 0x73, 0x00, 0x61, 0x00, 0x67, 0x00, 0x67, 0x00, 0x69, 0x00,
    0x20, 0x00, 0x65, 0x00, 0x2D, 0x00, 0x6D, 0x00, 0x61, 0x00, 0x69, 0x00, 0x6C, 0x00, 0x2E, 0x00,
    0x1B, 0x00, 0x4D, 0x00, 0x6F, 0x00, 0x73, 0x00, 0x74, 0x00, 0x72, 0x00, 0x61, 0x00, 0x20, 0x00,
    0x66, 0x00, 0x69, 0x00, 0x6E, 0x00, 0x65, 0x00, 0x73, 0x00, 0x74, 0x00, 0x72, 0x00, 0x65, 0x00,
    0x20, 0x00, 0x73, 0x00, 0x6F, 0x00, 0x76, 0x00, 0x72, 0x00, 0x61, 0x00, 0x70, 0x00, 0x70, 0x00,
    0x6F, 0x00, 0x73, 0x00, 0x74, 0x00, 0x65, 0x00, 0x00, 0x00, 0x00, 0x00,
};
static const unsigned char g_res_it_033[] = {
    0x00, 0x00, 0x00, 0x00, 0x00, 0x00, 0x00, 0x00, 0x00, 0x00, 0x00, 0x00, 0x00, 0x00, 0x00, 0x00,
    0x00, 0x00, 0x00, 0x00, 0x00, 0x00, 0x05, 0x00, 0x43, 0x00, 0x65, 0x00, 0x72, 0x00, 0x63, 0x00,
    0x61, 0x00, 0x10, 0x00, 0x47, 0x00, 0x75, 0x00, 0x69, 0x00, 0x64, 0x00, 0x61, 0x00, 0x20, 0x00,
    0x65, 0x00, 0x20, 0x00, 0x73, 0x00, 0x75, 0x00, 0x70, 0x00, 0x70, 0x00, 0x6F, 0x00, 0x72, 0x00,
    0x74, 0x00, 0x6F, 0x00, 0x11, 0x00, 0x53, 0x00, 0x69, 0x00, 0x63, 0x00, 0x75, 0x00, 0x72, 0x00,
    0x65, 0x00, 0x7A, 0x00, 0x7A, 0x00, 0x61, 0x00, 0x20, 0x00, 0x57, 0x00, 0x69, 0x00, 0x6E, 0x00,
    0x64, 0x00, 0x6F, 0x00, 0x77, 0x00, 0x73, 0x00, 0x09, 0x00, 0x45, 0x00, 0x73, 0x00, 0x65, 0x00,
    0x67, 0x00, 0x75, 0x00, 0x69, 0x00, 0x2E, 0x00, 0x2E, 0x00, 0x2E, 0x00, 0x08, 0x00, 0x49, 0x00,
    0x6E, 0x00, 0x74, 0x00, 0x65, 0x00, 0x72, 0x00, 0x6E, 0x00, 0x65, 0x00, 0x74, 0x00,
};
static const unsigned char g_res_it_034[] = {
    0x06, 0x00, 0x45, 0x00, 0x2D, 0x00, 0x6D, 0x00, 0x61, 0x00, 0x69, 0x00, 0x6C, 0x00, 0x06, 0x00,
    0x43, 0x00, 0x68, 0x00, 0x69, 0x00, 0x75, 0x00, 0x64, 0x00, 0x69, 0x00, 0x00, 0x00, 0x29, 0x00,
    0x4E, 0x00, 0x65, 0x00, 0x73, 0x00, 0x73, 0x00, 0x75, 0x00, 0x6E, 0x00, 0x20, 0x00, 0x65, 0x00,
    0x6C, 0x00, 0x65, 0x00, 0x6D, 0x00, 0x65, 0x00, 0x6E, 0x00, 0x74, 0x00, 0x6F, 0x00, 0x20, 0x00,
    0x63, 0x00, 0x6F, 0x00, 0x72, 0x00, 0x72, 0x00, 0x69, 0x00, 0x73, 0x00, 0x70, 0x00, 0x6F, 0x00,
    0x6E, 0x00, 0x64, 0x00, 0x65, 0x00, 0x20, 0x00, 0x61, 0x00, 0x6C, 0x00, 0x6C, 0x00, 0x61, 0x00,
    0x20, 0x00, 0x72, 0x00, 0x69, 0x00, 0x63, 0x00, 0x65, 0x00, 0x72, 0x00, 0x63, 0x00, 0x61, 0x00,
    0x2E, 0x00, 0x23, 0x00, 0x43, 0x00, 0x68, 0x00, 0x69, 0x00, 0x75, 0x00, 0x64, 0x00, 0x69, 0x00,
    0x20, 0x00, 0x74, 0x00, 0x75, 0x00, 0x74, 0x00, 0x74, 0x00, 0x65, 0x00, 0x20, 0x00, 0x6C, 0x00,
    0x65, 0x00, 0x20, 0x00, 0x66, 0x00, 0x69, 0x00, 0x6E, 0x00, 0x65, 0x00, 0x73, 0x00, 0x74, 0x00,
    0x72, 0x00, 0x65, 0x00, 0x20, 0x00, 0x64, 0x00, 0x65, 0x00, 0x6C, 0x00, 0x20, 0x00, 0x67, 0x00,
    0x72, 0x00, 0x75, 0x00, 0x70, 0x00, 0x70, 0x00, 0x6F, 0x00, 0x00, 0x00, 0x00, 0x00, 0x00, 0x00,
    0x00, 0x00, 0x00, 0x00, 0x00, 0x00, 0x00, 0x00, 0x00, 0x00, 0x00, 0x00, 0x00, 0x00, 0x00, 0x00,
};
static const unsigned char g_res_it_035[] = {
    0x00, 0x00, 0x00, 0x00, 0x00, 0x00, 0x00, 0x00, 0x00, 0x00, 0x00, 0x00, 0x00, 0x00, 0x00, 0x00,
    0x00, 0x00, 0x2C, 0x00, 0x49, 0x00, 0x6E, 0x00, 0x69, 0x00, 0x7A, 0x00, 0x69, 0x00, 0x61, 0x00,
    0x6C, 0x00, 0x69, 0x00, 0x7A, 0x00, 0x7A, 0x00, 0x61, 0x00, 0x7A, 0x00, 0x69, 0x00, 0x6F, 0x00,
    0x6E, 0x00, 0x65, 0x00, 0x20, 0x00, 0x64, 0x00, 0x65, 0x00, 0x6C, 0x00, 0x6C, 0x00, 0x61, 0x00,
    0x20, 0x00, 0x72, 0x00, 0x69, 0x00, 0x63, 0x00, 0x65, 0x00, 0x72, 0x00, 0x63, 0x00, 0x61, 0x00,
    0x20, 0x00, 0x6E, 0x00, 0x6F, 0x00, 0x6E, 0x00, 0x20, 0x00, 0x72, 0x00, 0x69, 0x00, 0x75, 0x00,
    0x73, 0x00, 0x63, 0x00, 0x69, 0x00, 0x74, 0x00, 0x61, 0x00, 0x2E, 0x00, 0x27, 0x00, 0x52, 0x00,
    0x69, 0x00, 0x70, 0x00, 0x72, 0x00, 0x69, 0x00, 0x73, 0x00, 0x74, 0x00, 0x69, 0x00, 0x6E, 0x00,
    0x61, 0x00, 0x20, 0x00, 0x74, 0x00, 0x75, 0x00, 0x74, 0x00, 0x74, 0x00, 0x65, 0x00, 0x20, 0x00,
    0x6C, 0x00, 0x65, 0x00, 0x20, 0x00, 0x66, 0x00, 0x69, 0x00, 0x6E, 0x00, 0x65, 0x00, 0x73, 0x00,
    0x74, 0x00, 0x72, 0x00, 0x65, 0x00, 0x20, 0x00, 0x64, 0x00, 0x65, 0x00, 0x6C, 0x00, 0x20, 0x00,
    0x67, 0x00, 0x72, 0x00, 0x75, 0x00, 0x70, 0x00, 0x70, 0x00, 0x6F, 0x00, 0x00, 0x00, 0x00, 0x00,
    0x00, 0x00, 0x00, 0x00, 0x00, 0x00,
};
static const unsigned char g_res_it_036[] = {
    0x00, 0x00, 0x00, 0x00, 0x00, 0x00, 0x00, 0x00, 0x00, 0x00, 0x00, 0x00, 0x00, 0x00, 0x00, 0x00,
    0x00, 0x00, 0x00, 0x00, 0x00, 0x00, 0x00, 0x00, 0x00, 0x00, 0x00, 0x00, 0x00, 0x00, 0x7B, 0x00,
    0x4C, 0x00, 0x27, 0x00, 0x65, 0x00, 0x6C, 0x00, 0x65, 0x00, 0x6D, 0x00, 0x65, 0x00, 0x6E, 0x00,
    0x74, 0x00, 0x6F, 0x00, 0x20, 0x00, 0x73, 0x00, 0x65, 0x00, 0x6C, 0x00, 0x65, 0x00, 0x7A, 0x00,
    0x69, 0x00, 0x6F, 0x00, 0x6E, 0x00, 0x61, 0x00, 0x74, 0x00, 0x6F, 0x00, 0x20, 0x00, 0x6E, 0x00,
    0x6F, 0x00, 0x6E, 0x00, 0x20, 0x00, 0xE8, 0x00, 0x20, 0x00, 0x64, 0x00, 0x69, 0x00, 0x73, 0x00,
    0x70, 0x00, 0x6F, 0x00, 0x6E, 0x00, 0x69, 0x00, 0x62, 0x00, 0x69, 0x00, 0x6C, 0x00, 0x65, 0x00,
    0x2E, 0x00, 0x20, 0x00, 0x50, 0x00, 0x6F, 0x00, 0x74, 0x00, 0x72, 0x00, 0x65, 0x00, 0x62, 0x00,
    0x62, 0x00, 0x65, 0x00, 0x20, 0x00, 0x65, 0x00, 0x73, 0x00, 0x73, 0x00, 0x65, 0x00, 0x72, 0x00,
    0x65, 0x00, 0x20, 0x00, 0x73, 0x00, 0x74, 0x00, 0x61, 0x00, 0x74, 0x00, 0x6F, 0x00, 0x20, 0x00,
    0x73, 0x00, 0x70, 0x00, 0x6F, 0x00, 0x73, 0x00, 0x74, 0x00, 0x61, 0x00, 0x74, 0x00, 0x6F, 0x00,
    0x2C, 0x00, 0x20, 0x00, 0x72, 0x00, 0x69, 0x00, 0x6E, 0x00, 0x6F, 0x00, 0x6D, 0x00, 0x69, 0x00,
    0x6E, 0x00, 0x61, 0x00, 0x74, 0x00, 0x6F, 0x00, 0x20, 0x00, 0x6F, 0x00, 0x20, 0x00, 0x72, 0x00,
    0x69, 0x00, 0x6D, 0x00, 0x6F, 0x00, 0x73, 0x00, 0x73, 0x00, 0x6F, 0x00, 0x2E, 0x00, 0x20, 0x00,
    0x56, 0x00, 0x75, 0x00, 0x6F, 0x00, 0x69, 0x00, 0x20, 0x00, 0x74, 0x00, 0x6F, 0x00, 0x67, 0x00,
    0x6C, 0x00, 0x69, 0x00, 0x65, 0x00, 0x72, 0x00, 0x6C, 0x00, 0x6F, 0x00, 0x20, 0x00, 0x64, 0x00,
    0x61, 0x00, 0x6C, 0x00, 0x6C, 0x00, 0x27, 0x00, 0x65, 0x00, 0x6C, 0x00, 0x65, 0x00, 0x6E, 0x00,
    0x63, 0x00, 0x6F, 0x00, 0x3F, 0x00,
};
static const unsigned char g_res_it_037[] = {
    0x14, 0x00, 0x52, 0x00, 0x69, 0x00, 0x6D, 0x00, 0x75, 0x00, 0x6F, 0x00, 0x76, 0x00, 0x69, 0x00,
    0x20, 0x00, 0x26, 0x00, 0x64, 0x00, 0x61, 0x00, 0x6C, 0x00, 0x6C, 0x00, 0x27, 0x00, 0x65, 0x00,
    0x6C, 0x00, 0x65, 0x00, 0x6E, 0x00, 0x63, 0x00, 0x6F, 0x00, 0x11, 0x00, 0x54, 0x00, 0x75, 0x00,
    0x74, 0x00, 0x74, 0x00, 0x69, 0x00, 0x20, 0x00, 0x69, 0x00, 0x20, 0x00, 0x70, 0x00, 0x72, 0x00,
    0x6F, 0x00, 0x67, 0x00, 0x72, 0x00, 0x61, 0x00, 0x6D, 0x00, 0x6D, 0x00, 0x69, 0x00, 0x21, 0x00,
    0x41, 0x00, 0x70, 0x00, 0x72, 0x00, 0x65, 0x00, 0x20, 0x00, 0x6C, 0x00, 0x27, 0x00, 0x65, 0x00,
    0x6C, 0x00, 0x65, 0x00, 0x6E, 0x00, 0x63, 0x00, 0x6F, 0x00, 0x20, 0x00, 0x64, 0x00, 0x65, 0x00,
    0x69, 0x00, 0x20, 0x00, 0x74, 0x00, 0x75, 0x00, 0x6F, 0x00, 0x69, 0x00, 0x20, 0x00, 0x70, 0x00,
    0x72, 0x00, 0x6F, 0x00, 0x67, 0x00, 0x72, 0x00, 0x61, 0x00, 0x6D, 0x00, 0x6D, 0x00, 0x69, 0x00,
    0x2E, 0x00, 0x1D, 0x00, 0x4E, 0x00, 0x65, 0x00, 0x73, 0x00, 0x73, 0x00, 0x75, 0x00, 0x6E, 0x00,
    0x61, 0x00, 0x20, 0x00, 0x61, 0x00, 0x6E, 0x00, 0x61, 0x00, 0x6C, 0x00, 0x69, 0x00, 0x73, 0x00,
    0x69, 0x00, 0x20, 0x00, 0x69, 0x00, 0x6E, 0x00, 0x20, 0x00, 0x65, 0x00, 0x73, 0x00, 0x65, 0x00,
    0x63, 0x00, 0x75, 0x00, 0x7A, 0x00, 0x69, 0x00, 0x6F, 0x00, 0x6E, 0x00, 0x65, 0x00, 0x00, 0x00,
    0x9B, 0x00, 0x50, 0x00, 0x65, 0x00, 0x72, 0x00, 0x20, 0x00, 0x72, 0x00, 0x69, 0x00, 0x6D, 0x00,
    0x65, 0x00, 0x74, 0x00, 0x74, 0x00, 0x65, 0x00, 0x72, 0x00, 0x65, 0x00, 0x20, 0x00, 0x6C, 0x00,
    0x65, 0x00, 0x20, 0x00, 0x69, 0x00, 0x63, 0x00, 0x6F, 0x00, 0x6E, 0x00, 0x65, 0x00, 0x20, 0x00,
    0x49, 0x00, 0x6E, 0x00, 0x74, 0x00, 0x65, 0x00, 0x72, 0x00, 0x6E, 0x00, 0x65, 0x00, 0x74, 0x00,
    0x20, 0x00, 0x6F, 0x00, 0x20, 0x00, 0x45, 0x00, 0x2D, 0x00, 0x6D, 0x00, 0x61, 0x00, 0x69, 0x00,
    0x6C, 0x00, 0x20, 0x00, 0x6E, 0x00, 0x65, 0x00, 0x6C, 0x00, 0x20, 0x00, 0x6D, 0x00, 0x65, 0x00,
    0x6E, 0x00, 0x75, 0x00, 0x20, 0x00, 0x53, 0x00, 0x74, 0x00, 0x61, 0x00, 0x72, 0x00, 0x74, 0x00,
    0x2C, 0x00, 0x20, 0x00, 0x66, 0x00, 0x61, 0x00, 0x69, 0x00, 0x20, 0x00, 0x63, 0x00, 0x6C, 0x00,
    0x69, 0x00, 0x63, 0x00, 0x20, 0x00, 0x64, 0x00, 0x65, 0x00, 0x73, 0x00, 0x74, 0x00, 0x72, 0x00,
    0x6F, 0x00, 0x20, 0x00, 0x73, 0x00, 0x75, 0x00, 0x6C, 0x00, 0x20, 0x00, 0x70, 0x00, 0x75, 0x00,
    0x6C, 0x00, 0x73, 0x00, 0x61, 0x00, 0x6E, 0x00, 0x74, 0x00, 0x65, 0x00, 0x20, 0x00, 0x53, 0x00,
    0x74, 0x00, 0x61, 0x00, 0x72, 0x00, 0x74, 0x00, 0x2C, 0x00, 0x20, 0x00, 0x73, 0x00, 0x63, 0x00,
    0x65, 0x00, 0x67, 0x00, 0x6C, 0x00, 0x69, 0x00, 0x20, 0x00, 0x50, 0x00, 0x72, 0x00, 0x6F, 0x00,
    0x70, 0x00, 0x72, 0x00, 0x69, 0x00, 0x65, 0x00, 0x74, 0x00, 0xE0, 0x00, 0x2C, 0x00, 0x20, 0x00,
    0x70, 0x00, 0x6F, 0x00, 0x69, 0x00, 0x20, 0x00, 0x50, 0x00, 0x65, 0x00, 0x72, 0x00, 0x73, 0x00,
    0x6F, 0x00, 0x6E, 0x00, 0x61, 0x00, 0x6C, 0x00, 0x69, 0x00, 0x7A, 0x00, 0x7A, 0x00, 0x61, 0x00,
    0x20, 0x00, 0x65, 0x00, 0x20, 0x00, 0x73, 0x00, 0x70, 0x00, 0x75, 0x00, 0x6E, 0x00, 0x74, 0x00,
    0x61, 0x00, 0x20, 0x00, 0x6C, 0x00, 0x61, 0x00, 0x20, 0x00, 0x63, 0x00, 0x61, 0x00, 0x73, 0x00,
    0x65, 0x00, 0x6C, 0x00, 0x6C, 0x00, 0x61, 0x00, 0x20, 0x00, 0x67, 0x00, 0x69, 0x00, 0x75, 0x00,
    0x73, 0x00, 0x74, 0x00, 0x61, 0x00, 0x2E, 0x00, 0x87, 0x00, 0x55, 0x00, 0x6E, 0x00, 0x20, 0x00,
    0x65, 0x00, 0x6C, 0x00, 0x65, 0x00, 0x6E, 0x00, 0x63, 0x00, 0x6F, 0x00, 0x20, 0x00, 0x63, 0x00,
    0x6F, 0x00, 0x72, 0x00, 0x74, 0x00, 0x6F, 0x00, 0x20, 0x00, 0x61, 0x00, 0x69, 0x00, 0x75, 0x00,
    0x74, 0x00, 0x61, 0x00, 0x20, 0x00, 0x61, 0x00, 0x20, 0x00, 0x72, 0x00, 0x61, 0x00, 0x67, 0x00,
    0x67, 0x00, 0x69, 0x00, 0x75, 0x00, 0x6E, 0x00, 0x67, 0x00, 0x65, 0x00, 0x72, 0x00, 0x65, 0x00,
    0x20, 0x00, 0x69, 0x00, 0x20, 0x00, 0x70, 0x00, 0x72, 0x00, 0x6F, 0x00, 0x67, 0x00, 0x72, 0x00,
    0x61, 0x00, 0x6D, 0x00, 0x6D, 0x00, 0x69, 0x00, 0x20, 0x00, 0x70, 0x00, 0x69, 0x00, 0xF9, 0x00,
    0x20, 0x00, 0x69, 0x00, 0x6E, 0x00, 0x20, 0x00, 0x66, 0x00, 0x72, 0x00, 0x65, 0x00, 0x74, 0x00,
    0x74, 0x00, 0x61, 0x00, 0x3B, 0x00, 0x20, 0x00, 0x75, 0x00, 0x6E, 0x00, 0x20, 0x00, 0x65, 0x00,
    0x6C, 0x00, 0x65, 0x00, 0x6E, 0x00, 0x63, 0x00, 0x6F, 0x00, 0x20, 0x00, 0x6C, 0x00, 0x75, 0x00,
    0x6E, 0x00, 0x67, 0x00, 0x6F, 0x00, 0x20, 0x00, 0x70, 0x00, 0x65, 0x00, 0x72, 0x00, 0x6D, 0x00,
    0x65, 0x00, 0x74, 0x00, 0x74, 0x00, 0x65, 0x00, 0x20, 0x00, 0x64, 0x00, 0x69, 0x00, 0x20, 0x00,
    0x72, 0x00, 0x69, 0x00, 0x61, 0x00, 0x70, 0x00, 0x72, 0x00, 0x69, 0x00, 0x72, 0x00, 0x65, 0x00,
    0x20, 0x00, 0x69, 0x00, 0x20, 0x00, 0x64, 0x00, 0x6F, 0x00, 0x63, 0x00, 0x75, 0x00, 0x6D, 0x00,
    0x65, 0x00, 0x6E, 0x00, 0x74, 0x00, 0x69, 0x00, 0x20, 0x00, 0x72, 0x00, 0x65, 0x00, 0x63, 0x00,
    0x65, 0x00, 0x6E, 0x00, 0x74, 0x00, 0x69, 0x00, 0x20, 0x00, 0x73, 0x00, 0x65, 0x00, 0x6E, 0x00,
    0x7A, 0x00, 0x61, 0x00, 0x20, 0x00, 0x63, 0x00, 0x65, 0x00, 0x72, 0x00, 0x63, 0x00, 0x61, 0x00,
    0x72, 0x00, 0x6C, 0x00, 0x69, 0x00, 0x2E, 0x00, 0x00, 0x00, 0x04, 0x00, 0x52, 0x00, 0x65, 0x00,
    0x74, 0x00, 0x65, 0x00, 0x15, 0x00, 0x50, 0x00, 0x61, 0x00, 0x6E, 0x00, 0x6E, 0x00, 0x65, 0x00,
    0x6C, 0x00, 0x6C, 0x00, 0x6F, 0x00, 0x20, 0x00, 0x64, 0x00, 0x69, 0x00, 0x20, 0x00, 0x63, 0x00,
    0x6F, 0x00, 0x6E, 0x00, 0x74, 0x00, 0x72, 0x00, 0x6F, 0x00, 0x6C, 0x00, 0x6C, 0x00, 0x6F, 0x00,
    0x09, 0x00, 0x50, 0x00, 0x72, 0x00, 0x65, 0x00, 0x66, 0x00, 0x65, 0x00, 0x72, 0x00, 0x69, 0x00,
    0x74, 0x00, 0x69, 0x00, 0x10, 0x00, 0x45, 0x00, 0x6C, 0x00, 0x65, 0x00, 0x6D, 0x00, 0x65, 0x00,
    0x6E, 0x00, 0x74, 0x00, 0x69, 0x00, 0x20, 0x00, 0x72, 0x00, 0x65, 0x00, 0x63, 0x00, 0x65, 0x00,
    0x6E, 0x00, 0x74, 0x00, 0x69, 0x00, 0x06, 0x00, 0x49, 0x00, 0x62, 0x00, 0x65, 0x00, 0x72, 0x00,
    0x6E, 0x00, 0x61, 0x00, 0x00, 0x00, 0x00, 0x00, 0x00, 0x00,
};
static const unsigned char g_res_it_038[] = {
    0x08, 0x00, 0x49, 0x00, 0x6E, 0x00, 0x64, 0x00, 0x69, 0x00, 0x65, 0x00, 0x74, 0x00, 0x72, 0x00,
    0x6F, 0x00, 0x14, 0x00, 0x56, 0x00, 0x65, 0x00, 0x64, 0x00, 0x69, 0x00, 0x20, 0x00, 0x61, 0x00,
    0x6C, 0x00, 0x74, 0x00, 0x72, 0x00, 0x69, 0x00, 0x20, 0x00, 0x72, 0x00, 0x69, 0x00, 0x73, 0x00,
    0x75, 0x00, 0x6C, 0x00, 0x74, 0x00, 0x61, 0x00, 0x74, 0x00, 0x69, 0x00, 0x0D, 0x00, 0x43, 0x00,
    0x65, 0x00, 0x72, 0x00, 0x63, 0x00, 0x61, 0x00, 0x20, 0x00, 0x6F, 0x00, 0x76, 0x00, 0x75, 0x00,
    0x6E, 0x00, 0x71, 0x00, 0x75, 0x00, 0x65, 0x00, 0x0D, 0x00, 0x43, 0x00, 0x65, 0x00, 0x72, 0x00,
    0x63, 0x00, 0x61, 0x00, 0x20, 0x00, 0x73, 0x00, 0x75, 0x00, 0x6C, 0x00, 0x20, 0x00, 0x57, 0x00,
    0x65, 0x00, 0x62, 0x00, 0x1C, 0x00, 0x54, 0x00, 0x6F, 0x00, 0x72, 0x00, 0x6E, 0x00, 0x61, 0x00,
    0x20, 0x00, 0x61, 0x00, 0x6C, 0x00, 0x6C, 0x00, 0x61, 0x00, 0x20, 0x00, 0x76, 0x00, 0x69, 0x00,
    0x73, 0x00, 0x74, 0x00, 0x61, 0x00, 0x20, 0x00, 0x70, 0x00, 0x72, 0x00, 0x65, 0x00, 0x63, 0x00,
    0x65, 0x00, 0x64, 0x00, 0x65, 0x00, 0x6E, 0x00, 0x74, 0x00, 0x65, 0x00, 0x2E, 0x00, 0x17, 0x00,
    0x20, 0x00, 0x43, 0x00, 0x65, 0x00, 0x72, 0x00, 0x63, 0x00, 0x61, 0x00, 0x20, 0x00, 0x70, 0x00,
    0x72, 0x00, 0x6F, 0x00, 0x67, 0x00, 0x72, 0x00, 0x61, 0x00, 0x6D, 0x00, 0x6D, 0x00, 0x69, 0x00,
    0x20, 0x00, 0x65, 0x00, 0x20, 0x00, 0x66, 0x00, 0x69, 0x00, 0x6C, 0x00, 0x65, 0x00, 0x17, 0x00,
    0x20, 0x00, 0x43, 0x00, 0x65, 0x00, 0x72, 0x00, 0x63, 0x00, 0x61, 0x00, 0x20, 0x00, 0x70, 0x00,
    0x72, 0x00, 0x6F, 0x00, 0x67, 0x00, 0x72, 0x00, 0x61, 0x00, 0x6D, 0x00, 0x6D, 0x00, 0x69, 0x00,
    0x20, 0x00, 0x65, 0x00, 0x20, 0x00, 0x66, 0x00, 0x69, 0x00, 0x6C, 0x00, 0x65, 0x00, 0x00, 0x00,
    0x00, 0x00, 0x00, 0x00, 0x00, 0x00, 0x00, 0x00, 0x00, 0x00, 0x00, 0x00, 0x00, 0x00, 0x00, 0x00,
};
static const unsigned char g_res_it_039[] = {
    0x00, 0x00, 0x02, 0x00, 0x37, 0x00, 0x35, 0x00, 0x02, 0x00, 0x34, 0x00, 0x30, 0x00, 0x02, 0x00,
    0x34, 0x00, 0x30, 0x00, 0x02, 0x00, 0x36, 0x00, 0x34, 0x00, 0x03, 0x00, 0x34, 0x00, 0x30, 0x00,
    0x35, 0x00, 0x03, 0x00, 0x34, 0x00, 0x30, 0x00, 0x35, 0x00, 0x03, 0x00, 0x34, 0x00, 0x30, 0x00,
    0x35, 0x00, 0x03, 0x00, 0x34, 0x00, 0x38, 0x00, 0x30, 0x00, 0x03, 0x00, 0x32, 0x00, 0x33, 0x00,
    0x30, 0x00, 0x02, 0x00, 0x32, 0x00, 0x36, 0x00, 0x02, 0x00, 0x31, 0x00, 0x36, 0x00, 0x01, 0x00,
    0x35, 0x00, 0x02, 0x00, 0x31, 0x00, 0x30, 0x00, 0x01, 0x00, 0x32, 0x00, 0x13, 0x00, 0x26, 0x00,
    0x4D, 0x00, 0x6F, 0x00, 0x73, 0x00, 0x74, 0x00, 0x72, 0x00, 0x61, 0x00, 0x20, 0x00, 0x73, 0x00,
    0x75, 0x00, 0x6C, 0x00, 0x20, 0x00, 0x64, 0x00, 0x65, 0x00, 0x73, 0x00, 0x6B, 0x00, 0x74, 0x00,
    0x6F, 0x00, 0x70, 0x00,
};
static const unsigned char g_res_it_040[] = {
    0x10, 0x00, 0x49, 0x00, 0x6D, 0x00, 0x70, 0x00, 0x6F, 0x00, 0x26, 0x00, 0x73, 0x00, 0x74, 0x00,
    0x61, 0x00, 0x7A, 0x00, 0x69, 0x00, 0x6F, 0x00, 0x6E, 0x00, 0x69, 0x00, 0x2E, 0x00, 0x2E, 0x00,
    0x2E, 0x00, 0x00, 0x00, 0x00, 0x00, 0x00, 0x00, 0x00, 0x00, 0x00, 0x00, 0x00, 0x00, 0x00, 0x00,
    0x00, 0x00, 0x00, 0x00, 0x00, 0x00, 0x00, 0x00, 0x00, 0x00, 0x00, 0x00, 0x00, 0x00, 0x00, 0x00,
};
static const unsigned char g_res_it_041[] = {
    0x00, 0x00, 0x00, 0x00, 0x00, 0x00, 0x00, 0x00, 0x00, 0x00, 0x00, 0x00, 0x00, 0x00, 0x00, 0x00,
    0x00, 0x00, 0x00, 0x00, 0x00, 0x00, 0x0F, 0x00, 0x43, 0x00, 0x61, 0x00, 0x6D, 0x00, 0x62, 0x00,
    0x69, 0x00, 0x6F, 0x00, 0x20, 0x00, 0x61, 0x00, 0x74, 0x00, 0x74, 0x00, 0x69, 0x00, 0x76, 0x00,
    0x69, 0x00, 0x74, 0x00, 0xE0, 0x00, 0x06, 0x00, 0x43, 0x00, 0x61, 0x00, 0x6D, 0x00, 0x62, 0x00,
    0x69, 0x00, 0x61, 0x00, 0x05, 0x00, 0x50, 0x00, 0x72, 0x00, 0x65, 0x00, 0x6D, 0x00, 0x69, 0x00,
    0x04, 0x00, 0x41, 0x00, 0x70, 0x00, 0x72, 0x00, 0x69, 0x00, 0x07, 0x00, 0x57, 0x00, 0x69, 0x00,
    0x6E, 0x00, 0x64, 0x00, 0x6F, 0x00, 0x77, 0x00, 0x73, 0x00,
};
static const unsigned char g_res_it_042[] = {
    0x22, 0x00, 0x49, 0x00, 0x6D, 0x00, 0x70, 0x00, 0x6F, 0x00, 0x73, 0x00, 0x73, 0x00, 0x69, 0x00,
    0x62, 0x00, 0x69, 0x00, 0x6C, 0x00, 0x65, 0x00, 0x20, 0x00, 0x61, 0x00, 0x70, 0x00, 0x72, 0x00,
    0x69, 0x00, 0x72, 0x00, 0x65, 0x00, 0x20, 0x00, 0x71, 0x00, 0x75, 0x00, 0x65, 0x00, 0x73, 0x00,
    0x74, 0x00, 0x6F, 0x00, 0x20, 0x00, 0x65, 0x00, 0x6C, 0x00, 0x65, 0x00, 0x6D, 0x00, 0x65, 0x00,
    0x6E, 0x00, 0x74, 0x00, 0x6F, 0x00, 0x57, 0x00, 0x50, 0x00, 0x6F, 0x00, 0x74, 0x00, 0x72, 0x00,
    0x65, 0x00, 0x62, 0x00, 0x62, 0x00, 0x65, 0x00, 0x20, 0x00, 0x65, 0x00, 0x73, 0x00, 0x73, 0x00,
    0x65, 0x00, 0x72, 0x00, 0x65, 0x00, 0x20, 0x00, 0x73, 0x00, 0x74, 0x00, 0x61, 0x00, 0x74, 0x00,
    0x6F, 0x00, 0x20, 0x00, 0x73, 0x00, 0x70, 0x00, 0x6F, 0x00, 0x73, 0x00, 0x74, 0x00, 0x61, 0x00,
    0x74, 0x00, 0x6F, 0x00, 0x2C, 0x00, 0x20, 0x00, 0x72, 0x00, 0x69, 0x00, 0x6E, 0x00, 0x6F, 0x00,
    0x6D, 0x00, 0x69, 0x00, 0x6E, 0x00, 0x61, 0x00, 0x74, 0x00, 0x6F, 0x00, 0x20, 0x00, 0x6F, 0x00,
    0x20, 0x00, 0x65, 0x00, 0x6C, 0x00, 0x69, 0x00, 0x6D, 0x00, 0x69, 0x00, 0x6E, 0x00, 0x61, 0x00,
    0x74, 0x00, 0x6F, 0x00, 0x2E, 0x00, 0x20, 0x00, 0x56, 0x00, 0x75, 0x00, 0x6F, 0x00, 0x69, 0x00,
    0x20, 0x00, 0x72, 0x00, 0x69, 0x00, 0x6D, 0x00, 0x75, 0x00, 0x6F, 0x00, 0x76, 0x00, 0x65, 0x00,
    0x72, 0x00, 0x65, 0x00, 0x20, 0x00, 0x71, 0x00, 0x75, 0x00, 0x65, 0x00, 0x73, 0x00, 0x74, 0x00,
    0x6F, 0x00, 0x20, 0x00, 0x65, 0x00, 0x6C, 0x00, 0x65, 0x00, 0x6D, 0x00, 0x65, 0x00, 0x6E, 0x00,
    0x74, 0x00, 0x6F, 0x00, 0x3F, 0x00, 0x06, 0x00, 0x43, 0x00, 0x68, 0x00, 0x69, 0x00, 0x75, 0x00,
    0x64, 0x00, 0x69, 0x00, 0x0F, 0x00, 0x42, 0x00, 0x61, 0x00, 0x72, 0x00, 0x72, 0x00, 0x61, 0x00,
    0x20, 0x00, 0x61, 0x00, 0x6E, 0x00, 0x74, 0x00, 0x65, 0x00, 0x70, 0x00, 0x72, 0x00, 0x69, 0x00,
    0x6D, 0x00, 0x65, 0x00, 0x11, 0x00, 0x41, 0x00, 0x67, 0x00, 0x67, 0x00, 0x69, 0x00, 0x6F, 0x00,
    0x72, 0x00, 0x6E, 0x00, 0x61, 0x00, 0x20, 0x00, 0x6C, 0x00, 0x27, 0x00, 0x65, 0x00, 0x6C, 0x00,
    0x65, 0x00, 0x6E, 0x00, 0x63, 0x00, 0x6F, 0x00, 0x00, 0x00, 0x00, 0x00, 0x00, 0x00, 0x00, 0x00,
    0x00, 0x00, 0x00, 0x00, 0x00, 0x00, 0x00, 0x00, 0x00, 0x00, 0x00, 0x00, 0x00, 0x00,
};
static const unsigned char g_res_it_043[] = {
    0x00, 0x00, 0x2B, 0x00, 0x49, 0x00, 0x6C, 0x00, 0x20, 0x00, 0x6E, 0x00, 0x75, 0x00, 0x6D, 0x00,
    0x65, 0x00, 0x72, 0x00, 0x6F, 0x00, 0x20, 0x00, 0x6D, 0x00, 0x61, 0x00, 0x73, 0x00, 0x73, 0x00,
    0x69, 0x00, 0x6D, 0x00, 0x6F, 0x00, 0x20, 0x00, 0x64, 0x00, 0x69, 0x00, 0x20, 0x00, 0x70, 0x00,
    0x72, 0x00, 0x6F, 0x00, 0x67, 0x00, 0x72, 0x00, 0x61, 0x00, 0x6D, 0x00, 0x6D, 0x00, 0x69, 0x00,
    0x20, 0x00, 0xE8, 0x00, 0x20, 0x00, 0x67, 0x00, 0x69, 0x00, 0xE0, 0x00, 0x20, 0x00, 0x61, 0x00,
    0x70, 0x00, 0x65, 0x00, 0x72, 0x00, 0x74, 0x00, 0x6F, 0x00, 0x7D, 0x00, 0x50, 0x00, 0x65, 0x00,
    0x72, 0x00, 0x20, 0x00, 0x61, 0x00, 0x70, 0x00, 0x72, 0x00, 0x69, 0x00, 0x72, 0x00, 0x6E, 0x00,
    0x65, 0x00, 0x20, 0x00, 0x75, 0x00, 0x6E, 0x00, 0x20, 0x00, 0x61, 0x00, 0x6C, 0x00, 0x74, 0x00,
    0x72, 0x00, 0x6F, 0x00, 0x2C, 0x00, 0x20, 0x00, 0x73, 0x00, 0x61, 0x00, 0x6C, 0x00, 0x76, 0x00,
    0x61, 0x00, 0x20, 0x00, 0x69, 0x00, 0x6C, 0x00, 0x20, 0x00, 0x74, 0x00, 0x75, 0x00, 0x6F, 0x00,
    0x20, 0x00, 0x6C, 0x00, 0x61, 0x00, 0x76, 0x00, 0x6F, 0x00, 0x72, 0x00, 0x6F, 0x00, 0x20, 0x00,
    0x65, 0x00, 0x20, 0x00, 0x63, 0x00, 0x68, 0x00, 0x69, 0x00, 0x75, 0x00, 0x64, 0x00, 0x69, 0x00,
    0x20, 0x00, 0x75, 0x00, 0x6E, 0x00, 0x6F, 0x00, 0x20, 0x00, 0x64, 0x00, 0x65, 0x00, 0x69, 0x00,
    0x20, 0x00, 0x70, 0x00, 0x72, 0x00, 0x6F, 0x00, 0x67, 0x00, 0x72, 0x00, 0x61, 0x00, 0x6D, 0x00,
    0x6D, 0x00, 0x69, 0x00, 0x20, 0x00, 0x61, 0x00, 0x74, 0x00, 0x74, 0x00, 0x75, 0x00, 0x61, 0x00,
    0x6C, 0x00, 0x6D, 0x00, 0x65, 0x00, 0x6E, 0x00, 0x74, 0x00, 0x65, 0x00, 0x20, 0x00, 0x61, 0x00,
    0x70, 0x00, 0x65, 0x00, 0x72, 0x00, 0x74, 0x00, 0x69, 0x00, 0x2E, 0x00, 0x0A, 0x00, 0x0A, 0x00,
    0x46, 0x00, 0x61, 0x00, 0x69, 0x00, 0x20, 0x00, 0x63, 0x00, 0x6C, 0x00, 0x69, 0x00, 0x63, 0x00,
    0x20, 0x00, 0x70, 0x00, 0x65, 0x00, 0x72, 0x00, 0x20, 0x00, 0x6D, 0x00, 0x61, 0x00, 0x67, 0x00,
    0x67, 0x00, 0x69, 0x00, 0x6F, 0x00, 0x72, 0x00, 0x69, 0x00, 0x20, 0x00, 0x69, 0x00, 0x6E, 0x00,
    0x66, 0x00, 0x6F, 0x00, 0x72, 0x00, 0x6D, 0x00, 0x61, 0x00, 0x7A, 0x00, 0x69, 0x00, 0x6F, 0x00,
    0x6E, 0x00, 0x69, 0x00, 0x2E, 0x00, 0x2A, 0x00, 0x49, 0x00, 0x6C, 0x00, 0x20, 0x00, 0x6E, 0x00,
    0x75, 0x00, 0x6D, 0x00, 0x65, 0x00, 0x72, 0x00, 0x6F, 0x00, 0x20, 0x00, 0x6D, 0x00, 0x61, 0x00,
    0x73, 0x00, 0x73, 0x00, 0x69, 0x00, 0x6D, 0x00, 0x6F, 0x00, 0x20, 0x00, 0x64, 0x00, 0x69, 0x00,
    0x20, 0x00, 0x66, 0x00, 0x69, 0x00, 0x6E, 0x00, 0x65, 0x00, 0x73, 0x00, 0x74, 0x00, 0x72, 0x00,
    0x65, 0x00, 0x20, 0x00, 0xE8, 0x00, 0x20, 0x00, 0x67, 0x00, 0x69, 0x00, 0xE0, 0x00, 0x20, 0x00,
    0x61, 0x00, 0x70, 0x00, 0x65, 0x00, 0x72, 0x00, 0x74, 0x00, 0x6F, 0x00, 0xAE, 0x00, 0x50, 0x00,
    0x65, 0x00, 0x72, 0x00, 0x20, 0x00, 0x61, 0x00, 0x70, 0x00, 0x72, 0x00, 0x69, 0x00, 0x72, 0x00,
    0x65, 0x00, 0x20, 0x00, 0x75, 0x00, 0x6E, 0x00, 0x27, 0x00, 0x61, 0x00, 0x6C, 0x00, 0x74, 0x00,
    0x72, 0x00, 0x61, 0x00, 0x20, 0x00, 0x66, 0x00, 0x69, 0x00, 0x6E, 0x00, 0x65, 0x00, 0x73, 0x00,
    0x74, 0x00, 0x72, 0x00, 0x61, 0x00, 0x2C, 0x00, 0x20, 0x00, 0x73, 0x00, 0x61, 0x00, 0x6C, 0x00,
    0x76, 0x00, 0x61, 0x00, 0x20, 0x00, 0x69, 0x00, 0x6C, 0x00, 0x20, 0x00, 0x74, 0x00, 0x75, 0x00,
    0x6F, 0x00, 0x20, 0x00, 0x6C, 0x00, 0x61, 0x00, 0x76, 0x00, 0x6F, 0x00, 0x72, 0x00, 0x6F, 0x00,
    0x20, 0x00, 0x65, 0x00, 0x20, 0x00, 0x63, 0x00, 0x68, 0x00, 0x69, 0x00, 0x75, 0x00, 0x64, 0x00,
    0x69, 0x00, 0x20, 0x00, 0x75, 0x00, 0x6E, 0x00, 0x61, 0x00, 0x20, 0x00, 0x64, 0x00, 0x65, 0x00,
    0x6C, 0x00, 0x6C, 0x00, 0x65, 0x00, 0x20, 0x00, 0x66, 0x00, 0x69, 0x00, 0x6E, 0x00, 0x65, 0x00,
    0x73, 0x00, 0x74, 0x00, 0x72, 0x00, 0x65, 0x00, 0x20, 0x00, 0x67, 0x00, 0x69, 0x00, 0xE0, 0x00,
    0x20, 0x00, 0x61, 0x00, 0x70, 0x00, 0x65, 0x00, 0x72, 0x00, 0x74, 0x00, 0x65, 0x00, 0x20, 0x00,
    0x64, 0x00, 0x69, 0x00, 0x20, 0x00, 0x71, 0x00, 0x75, 0x00, 0x65, 0x00, 0x73, 0x00, 0x74, 0x00,
    0x61, 0x00, 0x20, 0x00, 0x61, 0x00, 0x70, 0x00, 0x70, 0x00, 0x6C, 0x00, 0x69, 0x00, 0x63, 0x00,
    0x61, 0x00, 0x7A, 0x00, 0x69, 0x00, 0x6F, 0x00, 0x6E, 0x00, 0x65, 0x00, 0x2E, 0x00, 0x0A, 0x00,
    0x46, 0x00, 0x61, 0x00, 0x69, 0x00, 0x20, 0x00, 0x63, 0x00, 0x6C, 0x00, 0x69, 0x00, 0x63, 0x00,
    0x20, 0x00, 0x71, 0x00, 0x75, 0x00, 0x69, 0x00, 0x20, 0x00, 0x70, 0x00, 0x65, 0x00, 0x72, 0x00,
    0x20, 0x00, 0x73, 0x00, 0x61, 0x00, 0x70, 0x00, 0x65, 0x00, 0x72, 0x00, 0x65, 0x00, 0x20, 0x00,
    0x64, 0x00, 0x69, 0x00, 0x20, 0x00, 0x70, 0x00, 0x69, 0x00, 0xF9, 0x00, 0x20, 0x00, 0x73, 0x00,
    0x75, 0x00, 0x6C, 0x00, 0x20, 0x00, 0x6C, 0x00, 0x69, 0x00, 0x6D, 0x00, 0x69, 0x00, 0x74, 0x00,
    0x65, 0x00, 0x20, 0x00, 0x64, 0x00, 0x65, 0x00, 0x6C, 0x00, 0x6C, 0x00, 0x65, 0x00, 0x20, 0x00,
    0x74, 0x00, 0x72, 0x00, 0x65, 0x00, 0x20, 0x00, 0x66, 0x00, 0x69, 0x00, 0x6E, 0x00, 0x65, 0x00,
    0x73, 0x00, 0x74, 0x00, 0x72, 0x00, 0x65, 0x00, 0x2E, 0x00, 0x8A, 0x00, 0x51, 0x00, 0x75, 0x00,
    0x65, 0x00, 0x73, 0x00, 0x74, 0x00, 0x6F, 0x00, 0x20, 0x00, 0x61, 0x00, 0x6E, 0x00, 0x67, 0x00,
    0x6F, 0x00, 0x6C, 0x00, 0x6F, 0x00, 0x20, 0x00, 0x64, 0x00, 0x65, 0x00, 0x6C, 0x00, 0x6C, 0x00,
    0x61, 0x00, 0x20, 0x00, 0x62, 0x00, 0x61, 0x00, 0x72, 0x00, 0x72, 0x00, 0x61, 0x00, 0x20, 0x00,
    0x6D, 0x00, 0x6F, 0x00, 0x73, 0x00, 0x74, 0x00, 0x72, 0x00, 0x61, 0x00, 0x20, 0x00, 0x69, 0x00,
    0x6C, 0x00, 0x20, 0x00, 0x64, 0x00, 0x65, 0x00, 0x73, 0x00, 0x6B, 0x00, 0x74, 0x00, 0x6F, 0x00,
    0x70, 0x00, 0x20, 0x00, 0x61, 0x00, 0x6C, 0x00, 0x20, 0x00, 0x70, 0x00, 0x61, 0x00, 0x73, 0x00,
    0x73, 0x00, 0x61, 0x00, 0x67, 0x00, 0x67, 0x00, 0x69, 0x00, 0x6F, 0x00, 0x20, 0x00, 0x6F, 0x00,
    0x20, 0x00, 0x61, 0x00, 0x6C, 0x00, 0x6C, 0x00, 0x61, 0x00, 0x20, 0x00, 0x70, 0x00, 0x72, 0x00,
    0x65, 0x00, 0x73, 0x00, 0x73, 0x00, 0x69, 0x00, 0x6F, 0x00, 0x6E, 0x00, 0x65, 0x00, 0x2C, 0x00,
    0x20, 0x00, 0x61, 0x00, 0x20, 0x00, 0x73, 0x00, 0x65, 0x00, 0x63, 0x00, 0x6F, 0x00, 0x6E, 0x00,
    0x64, 0x00, 0x61, 0x00, 0x20, 0x00, 0x64, 0x00, 0x65, 0x00, 0x6C, 0x00, 0x6C, 0x00, 0x27, 0x00,
    0x69, 0x00, 0x6D, 0x00, 0x70, 0x00, 0x6F, 0x00, 0x73, 0x00, 0x74, 0x00, 0x61, 0x00, 0x7A, 0x00,
    0x69, 0x00, 0x6F, 0x00, 0x6E, 0x00, 0x65, 0x00, 0x20, 0x00, 0x6E, 0x00, 0x65, 0x00, 0x6C, 0x00,
    0x6C, 0x00, 0x61, 0x00, 0x20, 0x00, 0x70, 0x00, 0x61, 0x00, 0x67, 0x00, 0x69, 0x00, 0x6E, 0x00,
    0x61, 0x00, 0x20, 0x00, 0x50, 0x00, 0x72, 0x00, 0x6F, 0x00, 0x70, 0x00, 0x72, 0x00, 0x69, 0x00,
    0x65, 0x00, 0x74, 0x00, 0xE0, 0x00, 0x20, 0x00, 0x64, 0x00, 0x65, 0x00, 0x6C, 0x00, 0x6C, 0x00,
    0x61, 0x00, 0x20, 0x00, 0x62, 0x00, 0x61, 0x00, 0x72, 0x00, 0x72, 0x00, 0x61, 0x00, 0x2E, 0x00,
    0x00, 0x00, 0x00, 0x00, 0x00, 0x00, 0x00, 0x00, 0x00, 0x00, 0x00, 0x00, 0x00, 0x00, 0x00, 0x00,
    0x00, 0x00, 0x00, 0x00,
};
static const unsigned char g_res_it_044[] = {
    0x10, 0x00, 0x73, 0x00, 0x31, 0x01, 0x00, 0x00, 0x03, 0x00, 0x09, 0x00, 0x30, 0xA0, 0x00, 0x00,
    0x07, 0x00, 0x09, 0x00, 0x30, 0xA0, 0x00, 0x00, 0x0B, 0x00, 0x09, 0x00, 0x30, 0xA0, 0x00, 0x00,
    0x0F, 0x00, 0x09, 0x00, 0x30, 0xA0, 0x00, 0x00, 0x03, 0x00, 0x74, 0x00, 0x65, 0xA0, 0x00, 0x00,
    0x03, 0x00, 0x75, 0x00, 0x30, 0xA0, 0x00, 0x00, 0x13, 0x00, 0x0D, 0x00, 0x9D, 0x01, 0x00, 0x00,
    0x0B, 0x00, 0x5A, 0x00, 0xA0, 0x01, 0x00, 0x00, 0x03, 0x00, 0x72, 0x00, 0x85, 0xA0, 0x00, 0x00,
    0x93, 0x00, 0x4D, 0x00, 0xA3, 0x01, 0x00, 0x00,
};
static const Ex7ResBlob g_blobs_it[] = {
    { 4, 205, g_res_it_000, sizeof(g_res_it_000) },
    { 4, 211, g_res_it_001, sizeof(g_res_it_001) },
    { 4, 212, g_res_it_002, sizeof(g_res_it_002) },
    { 4, 213, g_res_it_003, sizeof(g_res_it_003) },
    { 4, 6003, g_res_it_004, sizeof(g_res_it_004) },
    { 4, 12000, g_res_it_005, sizeof(g_res_it_005) },
    { 5, 6, g_res_it_006, sizeof(g_res_it_006) },
    { 5, 10, g_res_it_007, sizeof(g_res_it_007) },
    { 5, 20, g_res_it_008, sizeof(g_res_it_008) },
    { 5, 23, g_res_it_009, sizeof(g_res_it_009) },
    { 5, 205, g_res_it_010, sizeof(g_res_it_010) },
    { 5, 1036, g_res_it_011, sizeof(g_res_it_011) },
    { 6, 19, g_res_it_012, sizeof(g_res_it_012) },
    { 6, 20, g_res_it_013, sizeof(g_res_it_013) },
    { 6, 21, g_res_it_014, sizeof(g_res_it_014) },
    { 6, 22, g_res_it_015, sizeof(g_res_it_015) },
    { 6, 23, g_res_it_016, sizeof(g_res_it_016) },
    { 6, 32, g_res_it_017, sizeof(g_res_it_017) },
    { 6, 33, g_res_it_018, sizeof(g_res_it_018) },
    { 6, 34, g_res_it_019, sizeof(g_res_it_019) },
    { 6, 37, g_res_it_020, sizeof(g_res_it_020) },
    { 6, 38, g_res_it_021, sizeof(g_res_it_021) },
    { 6, 39, g_res_it_022, sizeof(g_res_it_022) },
    { 6, 45, g_res_it_023, sizeof(g_res_it_023) },
    { 6, 46, g_res_it_024, sizeof(g_res_it_024) },
    { 6, 51, g_res_it_025, sizeof(g_res_it_025) },
    { 6, 54, g_res_it_026, sizeof(g_res_it_026) },
    { 6, 63, g_res_it_027, sizeof(g_res_it_027) },
    { 6, 88, g_res_it_028, sizeof(g_res_it_028) },
    { 6, 89, g_res_it_029, sizeof(g_res_it_029) },
    { 6, 376, g_res_it_030, sizeof(g_res_it_030) },
    { 6, 407, g_res_it_031, sizeof(g_res_it_031) },
    { 6, 438, g_res_it_032, sizeof(g_res_it_032) },
    { 6, 439, g_res_it_033, sizeof(g_res_it_033) },
    { 6, 440, g_res_it_034, sizeof(g_res_it_034) },
    { 6, 441, g_res_it_035, sizeof(g_res_it_035) },
    { 6, 514, g_res_it_036, sizeof(g_res_it_036) },
    { 6, 515, g_res_it_037, sizeof(g_res_it_037) },
    { 6, 516, g_res_it_038, sizeof(g_res_it_038) },
    { 6, 517, g_res_it_039, sizeof(g_res_it_039) },
    { 6, 518, g_res_it_040, sizeof(g_res_it_040) },
    { 6, 694, g_res_it_041, sizeof(g_res_it_041) },
    { 6, 695, g_res_it_042, sizeof(g_res_it_042) },
    { 6, 1229, g_res_it_043, sizeof(g_res_it_043) },
    { 9, 251, g_res_it_044, sizeof(g_res_it_044) },
};

static const Ex7ResLang g_ex7ResLangs[] = {
    { 0x0409, L"en-US", g_blobs_en, sizeof(g_blobs_en) / sizeof(g_blobs_en[0]) },
    { 0x0410, L"it-IT", g_blobs_it, sizeof(g_blobs_it) / sizeof(g_blobs_it[0]) },
};
static const unsigned int g_ex7ResLangCount = sizeof(g_ex7ResLangs) / sizeof(g_ex7ResLangs[0]);
